# Deterministic UV sphere for the LEAP beach-ball visual geom.
# Unit radius; scaled to 0.04 m by ball.xml.
v 0.000000000 0.000000000 1.000000000
v 0.000000000 0.000000000 1.000000000
v 0.000000000 0.000000000 1.000000000
v 0.000000000 0.000000000 1.000000000
v 0.000000000 0.000000000 1.000000000
v 0.000000000 0.000000000 1.000000000
v 0.000000000 0.000000000 1.000000000
v 0.000000000 0.000000000 1.000000000
v 0.000000000 0.000000000 1.000000000
v 0.000000000 0.000000000 1.000000000
v 0.000000000 0.000000000 1.000000000
v 0.000000000 0.000000000 1.000000000
v 0.000000000 0.000000000 1.000000000
v 0.000000000 0.000000000 1.000000000
v 0.000000000 0.000000000 1.000000000
v 0.000000000 0.000000000 1.000000000
v 0.000000000 0.000000000 1.000000000
v 0.000000000 0.000000000 1.000000000
v 0.000000000 0.000000000 1.000000000
v 0.000000000 0.000000000 1.000000000
v 0.000000000 0.000000000 1.000000000
v 0.000000000 0.000000000 1.000000000
v 0.000000000 0.000000000 1.000000000
v 0.000000000 0.000000000 1.000000000
v 0.000000000 0.000000000 1.000000000
v 0.000000000 0.000000000 1.000000000
v 0.000000000 0.000000000 1.000000000
v 0.000000000 0.000000000 1.000000000
v 0.000000000 0.000000000 1.000000000
v 0.000000000 0.000000000 1.000000000
v 0.000000000 0.000000000 1.000000000
v 0.000000000 0.000000000 1.000000000
v 0.000000000 0.000000000 1.000000000
v 0.000000000 0.000000000 1.000000000
v 0.000000000 0.000000000 1.000000000
v 0.000000000 0.000000000 1.000000000
v 0.000000000 0.000000000 1.000000000
v 0.000000000 0.000000000 1.000000000
v 0.000000000 0.000000000 1.000000000
v 0.000000000 0.000000000 1.000000000
v 0.000000000 0.000000000 1.000000000
v 0.000000000 0.000000000 1.000000000
v 0.000000000 0.000000000 1.000000000
v 0.000000000 0.000000000 1.000000000
v 0.000000000 0.000000000 1.000000000
v 0.000000000 0.000000000 1.000000000
v 0.000000000 0.000000000 1.000000000
v 0.000000000 0.000000000 1.000000000
v 0.000000000 0.000000000 1.000000000
v 0.000000000 0.000000000 1.000000000
v 0.000000000 0.000000000 1.000000000
v 0.000000000 0.000000000 1.000000000
v 0.000000000 0.000000000 1.000000000
v 0.000000000 0.000000000 1.000000000
v 0.000000000 0.000000000 1.000000000
v 0.000000000 0.000000000 1.000000000
v 0.000000000 0.000000000 1.000000000
v 0.000000000 0.000000000 1.000000000
v 0.000000000 0.000000000 1.000000000
v 0.000000000 0.000000000 1.000000000
v 0.000000000 0.000000000 1.000000000
v 0.000000000 0.000000000 1.000000000
v 0.000000000 0.000000000 1.000000000
v 0.000000000 0.000000000 1.000000000
v 0.000000000 0.000000000 1.000000000
v 0.000000000 0.000000000 1.000000000
v 0.000000000 0.000000000 1.000000000
v 0.000000000 0.000000000 1.000000000
v 0.000000000 0.000000000 1.000000000
v 0.000000000 0.000000000 1.000000000
v 0.000000000 0.000000000 1.000000000
v 0.000000000 0.000000000 1.000000000
v 0.000000000 0.000000000 1.000000000
v 0.000000000 0.000000000 1.000000000
v 0.000000000 0.000000000 1.000000000
v 0.000000000 0.000000000 1.000000000
v 0.000000000 0.000000000 1.000000000
v 0.000000000 0.000000000 1.000000000
v 0.000000000 0.000000000 1.000000000
v 0.000000000 0.000000000 1.000000000
v 0.000000000 0.000000000 1.000000000
v 0.000000000 0.000000000 1.000000000
v 0.000000000 0.000000000 1.000000000
v 0.000000000 0.000000000 1.000000000
v 0.000000000 0.000000000 1.000000000
v 0.000000000 0.000000000 1.000000000
v 0.000000000 0.000000000 1.000000000
v 0.000000000 0.000000000 1.000000000
v 0.000000000 0.000000000 1.000000000
v 0.000000000 0.000000000 1.000000000
v 0.000000000 0.000000000 1.000000000
v 0.000000000 0.000000000 1.000000000
v 0.000000000 0.000000000 1.000000000
v 0.000000000 0.000000000 1.000000000
v 0.000000000 0.000000000 1.000000000
v 0.000000000 0.000000000 1.000000000
v 0.065403129 0.000000000 0.997858923
v 0.065263096 0.004277569 0.997858923
v 0.064843596 0.008536821 0.997858923
v 0.064146426 0.012759518 0.997858923
v 0.063174572 0.016927575 0.997858923
v 0.061932194 0.021023147 0.997858923
v 0.060424612 0.025028694 0.997858923
v 0.058658284 0.028927064 0.997858923
v 0.056640771 0.032701565 0.997858923
v 0.054380715 0.036336032 0.997858923
v 0.051887791 0.039814902 0.997858923
v 0.049172676 0.043123280 0.997858923
v 0.046246996 0.046246996 0.997858923
v 0.043123280 0.049172676 0.997858923
v 0.039814902 0.051887791 0.997858923
v 0.036336032 0.054380715 0.997858923
v 0.032701565 0.056640771 0.997858923
v 0.028927064 0.058658284 0.997858923
v 0.025028694 0.060424612 0.997858923
v 0.021023147 0.061932194 0.997858923
v 0.016927575 0.063174572 0.997858923
v 0.012759518 0.064146426 0.997858923
v 0.008536821 0.064843596 0.997858923
v 0.004277569 0.065263096 0.997858923
v 0.000000000 0.065403129 0.997858923
v -0.004277569 0.065263096 0.997858923
v -0.008536821 0.064843596 0.997858923
v -0.012759518 0.064146426 0.997858923
v -0.016927575 0.063174572 0.997858923
v -0.021023147 0.061932194 0.997858923
v -0.025028694 0.060424612 0.997858923
v -0.028927064 0.058658284 0.997858923
v -0.032701565 0.056640771 0.997858923
v -0.036336032 0.054380715 0.997858923
v -0.039814902 0.051887791 0.997858923
v -0.043123280 0.049172676 0.997858923
v -0.046246996 0.046246996 0.997858923
v -0.049172676 0.043123280 0.997858923
v -0.051887791 0.039814902 0.997858923
v -0.054380715 0.036336032 0.997858923
v -0.056640771 0.032701565 0.997858923
v -0.058658284 0.028927064 0.997858923
v -0.060424612 0.025028694 0.997858923
v -0.061932194 0.021023147 0.997858923
v -0.063174572 0.016927575 0.997858923
v -0.064146426 0.012759518 0.997858923
v -0.064843596 0.008536821 0.997858923
v -0.065263096 0.004277569 0.997858923
v -0.065403129 0.000000000 0.997858923
v -0.065263096 -0.004277569 0.997858923
v -0.064843596 -0.008536821 0.997858923
v -0.064146426 -0.012759518 0.997858923
v -0.063174572 -0.016927575 0.997858923
v -0.061932194 -0.021023147 0.997858923
v -0.060424612 -0.025028694 0.997858923
v -0.058658284 -0.028927064 0.997858923
v -0.056640771 -0.032701565 0.997858923
v -0.054380715 -0.036336032 0.997858923
v -0.051887791 -0.039814902 0.997858923
v -0.049172676 -0.043123280 0.997858923
v -0.046246996 -0.046246996 0.997858923
v -0.043123280 -0.049172676 0.997858923
v -0.039814902 -0.051887791 0.997858923
v -0.036336032 -0.054380715 0.997858923
v -0.032701565 -0.056640771 0.997858923
v -0.028927064 -0.058658284 0.997858923
v -0.025028694 -0.060424612 0.997858923
v -0.021023147 -0.061932194 0.997858923
v -0.016927575 -0.063174572 0.997858923
v -0.012759518 -0.064146426 0.997858923
v -0.008536821 -0.064843596 0.997858923
v -0.004277569 -0.065263096 0.997858923
v -0.000000000 -0.065403129 0.997858923
v 0.004277569 -0.065263096 0.997858923
v 0.008536821 -0.064843596 0.997858923
v 0.012759518 -0.064146426 0.997858923
v 0.016927575 -0.063174572 0.997858923
v 0.021023147 -0.061932194 0.997858923
v 0.025028694 -0.060424612 0.997858923
v 0.028927064 -0.058658284 0.997858923
v 0.032701565 -0.056640771 0.997858923
v 0.036336032 -0.054380715 0.997858923
v 0.039814902 -0.051887791 0.997858923
v 0.043123280 -0.049172676 0.997858923
v 0.046246996 -0.046246996 0.997858923
v 0.049172676 -0.043123280 0.997858923
v 0.051887791 -0.039814902 0.997858923
v 0.054380715 -0.036336032 0.997858923
v 0.056640771 -0.032701565 0.997858923
v 0.058658284 -0.028927064 0.997858923
v 0.060424612 -0.025028694 0.997858923
v 0.061932194 -0.021023147 0.997858923
v 0.063174572 -0.016927575 0.997858923
v 0.064146426 -0.012759518 0.997858923
v 0.064843596 -0.008536821 0.997858923
v 0.065263096 -0.004277569 0.997858923
v 0.065403129 -0.000000000 0.997858923
v 0.130526192 0.000000000 0.991444861
v 0.130246726 0.008536821 0.991444861
v 0.129409523 0.017037087 0.991444861
v 0.128018168 0.025464397 0.991444861
v 0.126078620 0.033782664 0.991444861
v 0.123599184 0.041956269 0.991444861
v 0.120590477 0.049950211 0.991444861
v 0.117065384 0.057730259 0.991444861
v 0.113038998 0.065263096 0.991444861
v 0.108528562 0.072516467 0.991444861
v 0.103553391 0.079459311 0.991444861
v 0.098134787 0.086061899 0.991444861
v 0.092295956 0.092295956 0.991444861
v 0.086061899 0.098134787 0.991444861
v 0.079459311 0.103553391 0.991444861
v 0.072516467 0.108528562 0.991444861
v 0.065263096 0.113038998 0.991444861
v 0.057730259 0.117065384 0.991444861
v 0.049950211 0.120590477 0.991444861
v 0.041956269 0.123599184 0.991444861
v 0.033782664 0.126078620 0.991444861
v 0.025464397 0.128018168 0.991444861
v 0.017037087 0.129409523 0.991444861
v 0.008536821 0.130246726 0.991444861
v 0.000000000 0.130526192 0.991444861
v -0.008536821 0.130246726 0.991444861
v -0.017037087 0.129409523 0.991444861
v -0.025464397 0.128018168 0.991444861
v -0.033782664 0.126078620 0.991444861
v -0.041956269 0.123599184 0.991444861
v -0.049950211 0.120590477 0.991444861
v -0.057730259 0.117065384 0.991444861
v -0.065263096 0.113038998 0.991444861
v -0.072516467 0.108528562 0.991444861
v -0.079459311 0.103553391 0.991444861
v -0.086061899 0.098134787 0.991444861
v -0.092295956 0.092295956 0.991444861
v -0.098134787 0.086061899 0.991444861
v -0.103553391 0.079459311 0.991444861
v -0.108528562 0.072516467 0.991444861
v -0.113038998 0.065263096 0.991444861
v -0.117065384 0.057730259 0.991444861
v -0.120590477 0.049950211 0.991444861
v -0.123599184 0.041956269 0.991444861
v -0.126078620 0.033782664 0.991444861
v -0.128018168 0.025464397 0.991444861
v -0.129409523 0.017037087 0.991444861
v -0.130246726 0.008536821 0.991444861
v -0.130526192 0.000000000 0.991444861
v -0.130246726 -0.008536821 0.991444861
v -0.129409523 -0.017037087 0.991444861
v -0.128018168 -0.025464397 0.991444861
v -0.126078620 -0.033782664 0.991444861
v -0.123599184 -0.041956269 0.991444861
v -0.120590477 -0.049950211 0.991444861
v -0.117065384 -0.057730259 0.991444861
v -0.113038998 -0.065263096 0.991444861
v -0.108528562 -0.072516467 0.991444861
v -0.103553391 -0.079459311 0.991444861
v -0.098134787 -0.086061899 0.991444861
v -0.092295956 -0.092295956 0.991444861
v -0.086061899 -0.098134787 0.991444861
v -0.079459311 -0.103553391 0.991444861
v -0.072516467 -0.108528562 0.991444861
v -0.065263096 -0.113038998 0.991444861
v -0.057730259 -0.117065384 0.991444861
v -0.049950211 -0.120590477 0.991444861
v -0.041956269 -0.123599184 0.991444861
v -0.033782664 -0.126078620 0.991444861
v -0.025464397 -0.128018168 0.991444861
v -0.017037087 -0.129409523 0.991444861
v -0.008536821 -0.130246726 0.991444861
v -0.000000000 -0.130526192 0.991444861
v 0.008536821 -0.130246726 0.991444861
v 0.017037087 -0.129409523 0.991444861
v 0.025464397 -0.128018168 0.991444861
v 0.033782664 -0.126078620 0.991444861
v 0.041956269 -0.123599184 0.991444861
v 0.049950211 -0.120590477 0.991444861
v 0.057730259 -0.117065384 0.991444861
v 0.065263096 -0.113038998 0.991444861
v 0.072516467 -0.108528562 0.991444861
v 0.079459311 -0.103553391 0.991444861
v 0.086061899 -0.098134787 0.991444861
v 0.092295956 -0.092295956 0.991444861
v 0.098134787 -0.086061899 0.991444861
v 0.103553391 -0.079459311 0.991444861
v 0.108528562 -0.072516467 0.991444861
v 0.113038998 -0.065263096 0.991444861
v 0.117065384 -0.057730259 0.991444861
v 0.120590477 -0.049950211 0.991444861
v 0.123599184 -0.041956269 0.991444861
v 0.126078620 -0.033782664 0.991444861
v 0.128018168 -0.025464397 0.991444861
v 0.129409523 -0.017037087 0.991444861
v 0.130246726 -0.008536821 0.991444861
v 0.130526192 -0.000000000 0.991444861
v 0.195090322 0.000000000 0.980785280
v 0.194672619 0.012759518 0.980785280
v 0.193421297 0.025464397 0.980785280
v 0.191341716 0.038060234 0.980785280
v 0.188442780 0.050493091 0.980785280
v 0.184736904 0.062709729 0.980785280
v 0.180239956 0.074657834 0.980785280
v 0.174971192 0.086286243 0.980785280
v 0.168953175 0.097545161 0.980785280
v 0.162211674 0.108386376 0.980785280
v 0.154775559 0.118763463 0.980785280
v 0.146676670 0.128631987 0.980785280
v 0.137949690 0.137949690 0.980785280
v 0.128631987 0.146676670 0.980785280
v 0.118763463 0.154775559 0.980785280
v 0.108386376 0.162211674 0.980785280
v 0.097545161 0.168953175 0.980785280
v 0.086286243 0.174971192 0.980785280
v 0.074657834 0.180239956 0.980785280
v 0.062709729 0.184736904 0.980785280
v 0.050493091 0.188442780 0.980785280
v 0.038060234 0.191341716 0.980785280
v 0.025464397 0.193421297 0.980785280
v 0.012759518 0.194672619 0.980785280
v 0.000000000 0.195090322 0.980785280
v -0.012759518 0.194672619 0.980785280
v -0.025464397 0.193421297 0.980785280
v -0.038060234 0.191341716 0.980785280
v -0.050493091 0.188442780 0.980785280
v -0.062709729 0.184736904 0.980785280
v -0.074657834 0.180239956 0.980785280
v -0.086286243 0.174971192 0.980785280
v -0.097545161 0.168953175 0.980785280
v -0.108386376 0.162211674 0.980785280
v -0.118763463 0.154775559 0.980785280
v -0.128631987 0.146676670 0.980785280
v -0.137949690 0.137949690 0.980785280
v -0.146676670 0.128631987 0.980785280
v -0.154775559 0.118763463 0.980785280
v -0.162211674 0.108386376 0.980785280
v -0.168953175 0.097545161 0.980785280
v -0.174971192 0.086286243 0.980785280
v -0.180239956 0.074657834 0.980785280
v -0.184736904 0.062709729 0.980785280
v -0.188442780 0.050493091 0.980785280
v -0.191341716 0.038060234 0.980785280
v -0.193421297 0.025464397 0.980785280
v -0.194672619 0.012759518 0.980785280
v -0.195090322 0.000000000 0.980785280
v -0.194672619 -0.012759518 0.980785280
v -0.193421297 -0.025464397 0.980785280
v -0.191341716 -0.038060234 0.980785280
v -0.188442780 -0.050493091 0.980785280
v -0.184736904 -0.062709729 0.980785280
v -0.180239956 -0.074657834 0.980785280
v -0.174971192 -0.086286243 0.980785280
v -0.168953175 -0.097545161 0.980785280
v -0.162211674 -0.108386376 0.980785280
v -0.154775559 -0.118763463 0.980785280
v -0.146676670 -0.128631987 0.980785280
v -0.137949690 -0.137949690 0.980785280
v -0.128631987 -0.146676670 0.980785280
v -0.118763463 -0.154775559 0.980785280
v -0.108386376 -0.162211674 0.980785280
v -0.097545161 -0.168953175 0.980785280
v -0.086286243 -0.174971192 0.980785280
v -0.074657834 -0.180239956 0.980785280
v -0.062709729 -0.184736904 0.980785280
v -0.050493091 -0.188442780 0.980785280
v -0.038060234 -0.191341716 0.980785280
v -0.025464397 -0.193421297 0.980785280
v -0.012759518 -0.194672619 0.980785280
v -0.000000000 -0.195090322 0.980785280
v 0.012759518 -0.194672619 0.980785280
v 0.025464397 -0.193421297 0.980785280
v 0.038060234 -0.191341716 0.980785280
v 0.050493091 -0.188442780 0.980785280
v 0.062709729 -0.184736904 0.980785280
v 0.074657834 -0.180239956 0.980785280
v 0.086286243 -0.174971192 0.980785280
v 0.097545161 -0.168953175 0.980785280
v 0.108386376 -0.162211674 0.980785280
v 0.118763463 -0.154775559 0.980785280
v 0.128631987 -0.146676670 0.980785280
v 0.137949690 -0.137949690 0.980785280
v 0.146676670 -0.128631987 0.980785280
v 0.154775559 -0.118763463 0.980785280
v 0.162211674 -0.108386376 0.980785280
v 0.168953175 -0.097545161 0.980785280
v 0.174971192 -0.086286243 0.980785280
v 0.180239956 -0.074657834 0.980785280
v 0.184736904 -0.062709729 0.980785280
v 0.188442780 -0.050493091 0.980785280
v 0.191341716 -0.038060234 0.980785280
v 0.193421297 -0.025464397 0.980785280
v 0.194672619 -0.012759518 0.980785280
v 0.195090322 -0.000000000 0.980785280
v 0.258819045 0.000000000 0.965925826
v 0.258264894 0.016927575 0.965925826
v 0.256604812 0.033782664 0.965925826
v 0.253845910 0.050493091 0.965925826
v 0.250000000 0.066987298 0.965925826
v 0.245083552 0.083194655 0.965925826
v 0.239117618 0.099045761 0.965925826
v 0.232127747 0.114472736 0.965925826
v 0.224143868 0.129409523 0.965925826
v 0.215200171 0.143792157 0.965925826
v 0.205334954 0.157559052 0.965925826
v 0.194590461 0.170651254 0.965925826
v 0.183012702 0.183012702 0.965925826
v 0.170651254 0.194590461 0.965925826
v 0.157559052 0.205334954 0.965925826
v 0.143792157 0.215200171 0.965925826
v 0.129409523 0.224143868 0.965925826
v 0.114472736 0.232127747 0.965925826
v 0.099045761 0.239117618 0.965925826
v 0.083194655 0.245083552 0.965925826
v 0.066987298 0.250000000 0.965925826
v 0.050493091 0.253845910 0.965925826
v 0.033782664 0.256604812 0.965925826
v 0.016927575 0.258264894 0.965925826
v 0.000000000 0.258819045 0.965925826
v -0.016927575 0.258264894 0.965925826
v -0.033782664 0.256604812 0.965925826
v -0.050493091 0.253845910 0.965925826
v -0.066987298 0.250000000 0.965925826
v -0.083194655 0.245083552 0.965925826
v -0.099045761 0.239117618 0.965925826
v -0.114472736 0.232127747 0.965925826
v -0.129409523 0.224143868 0.965925826
v -0.143792157 0.215200171 0.965925826
v -0.157559052 0.205334954 0.965925826
v -0.170651254 0.194590461 0.965925826
v -0.183012702 0.183012702 0.965925826
v -0.194590461 0.170651254 0.965925826
v -0.205334954 0.157559052 0.965925826
v -0.215200171 0.143792157 0.965925826
v -0.224143868 0.129409523 0.965925826
v -0.232127747 0.114472736 0.965925826
v -0.239117618 0.099045761 0.965925826
v -0.245083552 0.083194655 0.965925826
v -0.250000000 0.066987298 0.965925826
v -0.253845910 0.050493091 0.965925826
v -0.256604812 0.033782664 0.965925826
v -0.258264894 0.016927575 0.965925826
v -0.258819045 0.000000000 0.965925826
v -0.258264894 -0.016927575 0.965925826
v -0.256604812 -0.033782664 0.965925826
v -0.253845910 -0.050493091 0.965925826
v -0.250000000 -0.066987298 0.965925826
v -0.245083552 -0.083194655 0.965925826
v -0.239117618 -0.099045761 0.965925826
v -0.232127747 -0.114472736 0.965925826
v -0.224143868 -0.129409523 0.965925826
v -0.215200171 -0.143792157 0.965925826
v -0.205334954 -0.157559052 0.965925826
v -0.194590461 -0.170651254 0.965925826
v -0.183012702 -0.183012702 0.965925826
v -0.170651254 -0.194590461 0.965925826
v -0.157559052 -0.205334954 0.965925826
v -0.143792157 -0.215200171 0.965925826
v -0.129409523 -0.224143868 0.965925826
v -0.114472736 -0.232127747 0.965925826
v -0.099045761 -0.239117618 0.965925826
v -0.083194655 -0.245083552 0.965925826
v -0.066987298 -0.250000000 0.965925826
v -0.050493091 -0.253845910 0.965925826
v -0.033782664 -0.256604812 0.965925826
v -0.016927575 -0.258264894 0.965925826
v -0.000000000 -0.258819045 0.965925826
v 0.016927575 -0.258264894 0.965925826
v 0.033782664 -0.256604812 0.965925826
v 0.050493091 -0.253845910 0.965925826
v 0.066987298 -0.250000000 0.965925826
v 0.083194655 -0.245083552 0.965925826
v 0.099045761 -0.239117618 0.965925826
v 0.114472736 -0.232127747 0.965925826
v 0.129409523 -0.224143868 0.965925826
v 0.143792157 -0.215200171 0.965925826
v 0.157559052 -0.205334954 0.965925826
v 0.170651254 -0.194590461 0.965925826
v 0.183012702 -0.183012702 0.965925826
v 0.194590461 -0.170651254 0.965925826
v 0.205334954 -0.157559052 0.965925826
v 0.215200171 -0.143792157 0.965925826
v 0.224143868 -0.129409523 0.965925826
v 0.232127747 -0.114472736 0.965925826
v 0.239117618 -0.099045761 0.965925826
v 0.245083552 -0.083194655 0.965925826
v 0.250000000 -0.066987298 0.965925826
v 0.253845910 -0.050493091 0.965925826
v 0.256604812 -0.033782664 0.965925826
v 0.258264894 -0.016927575 0.965925826
v 0.258819045 -0.000000000 0.965925826
v 0.321439465 0.000000000 0.946930129
v 0.320751239 0.021023147 0.946930129
v 0.318689506 0.041956269 0.946930129
v 0.315263096 0.062709729 0.946930129
v 0.310486681 0.083194655 0.946930129
v 0.304380715 0.103323330 0.946930129
v 0.296971343 0.123009558 0.946930129
v 0.288290294 0.142169040 0.946930129
v 0.278374743 0.160719733 0.946930129
v 0.267267148 0.178582199 0.946930129
v 0.255015073 0.195679948 0.946930129
v 0.241670986 0.211939766 0.946930129
v 0.227292026 0.227292026 0.946930129
v 0.211939766 0.241670986 0.946930129
v 0.195679948 0.255015073 0.946930129
v 0.178582199 0.267267148 0.946930129
v 0.160719733 0.278374743 0.946930129
v 0.142169040 0.288290294 0.946930129
v 0.123009558 0.296971343 0.946930129
v 0.103323330 0.304380715 0.946930129
v 0.083194655 0.310486681 0.946930129
v 0.062709729 0.315263096 0.946930129
v 0.041956269 0.318689506 0.946930129
v 0.021023147 0.320751239 0.946930129
v 0.000000000 0.321439465 0.946930129
v -0.021023147 0.320751239 0.946930129
v -0.041956269 0.318689506 0.946930129
v -0.062709729 0.315263096 0.946930129
v -0.083194655 0.310486681 0.946930129
v -0.103323330 0.304380715 0.946930129
v -0.123009558 0.296971343 0.946930129
v -0.142169040 0.288290294 0.946930129
v -0.160719733 0.278374743 0.946930129
v -0.178582199 0.267267148 0.946930129
v -0.195679948 0.255015073 0.946930129
v -0.211939766 0.241670986 0.946930129
v -0.227292026 0.227292026 0.946930129
v -0.241670986 0.211939766 0.946930129
v -0.255015073 0.195679948 0.946930129
v -0.267267148 0.178582199 0.946930129
v -0.278374743 0.160719733 0.946930129
v -0.288290294 0.142169040 0.946930129
v -0.296971343 0.123009558 0.946930129
v -0.304380715 0.103323330 0.946930129
v -0.310486681 0.083194655 0.946930129
v -0.315263096 0.062709729 0.946930129
v -0.318689506 0.041956269 0.946930129
v -0.320751239 0.021023147 0.946930129
v -0.321439465 0.000000000 0.946930129
v -0.320751239 -0.021023147 0.946930129
v -0.318689506 -0.041956269 0.946930129
v -0.315263096 -0.062709729 0.946930129
v -0.310486681 -0.083194655 0.946930129
v -0.304380715 -0.103323330 0.946930129
v -0.296971343 -0.123009558 0.946930129
v -0.288290294 -0.142169040 0.946930129
v -0.278374743 -0.160719733 0.946930129
v -0.267267148 -0.178582199 0.946930129
v -0.255015073 -0.195679948 0.946930129
v -0.241670986 -0.211939766 0.946930129
v -0.227292026 -0.227292026 0.946930129
v -0.211939766 -0.241670986 0.946930129
v -0.195679948 -0.255015073 0.946930129
v -0.178582199 -0.267267148 0.946930129
v -0.160719733 -0.278374743 0.946930129
v -0.142169040 -0.288290294 0.946930129
v -0.123009558 -0.296971343 0.946930129
v -0.103323330 -0.304380715 0.946930129
v -0.083194655 -0.310486681 0.946930129
v -0.062709729 -0.315263096 0.946930129
v -0.041956269 -0.318689506 0.946930129
v -0.021023147 -0.320751239 0.946930129
v -0.000000000 -0.321439465 0.946930129
v 0.021023147 -0.320751239 0.946930129
v 0.041956269 -0.318689506 0.946930129
v 0.062709729 -0.315263096 0.946930129
v 0.083194655 -0.310486681 0.946930129
v 0.103323330 -0.304380715 0.946930129
v 0.123009558 -0.296971343 0.946930129
v 0.142169040 -0.288290294 0.946930129
v 0.160719733 -0.278374743 0.946930129
v 0.178582199 -0.267267148 0.946930129
v 0.195679948 -0.255015073 0.946930129
v 0.211939766 -0.241670986 0.946930129
v 0.227292026 -0.227292026 0.946930129
v 0.241670986 -0.211939766 0.946930129
v 0.255015073 -0.195679948 0.946930129
v 0.267267148 -0.178582199 0.946930129
v 0.278374743 -0.160719733 0.946930129
v 0.288290294 -0.142169040 0.946930129
v 0.296971343 -0.123009558 0.946930129
v 0.304380715 -0.103323330 0.946930129
v 0.310486681 -0.083194655 0.946930129
v 0.315263096 -0.062709729 0.946930129
v 0.318689506 -0.041956269 0.946930129
v 0.320751239 -0.021023147 0.946930129
v 0.321439465 -0.000000000 0.946930129
v 0.382683432 0.000000000 0.923879533
v 0.381864078 0.025028694 0.923879533
v 0.379409523 0.049950211 0.923879533
v 0.375330278 0.074657834 0.923879533
v 0.369643811 0.099045761 0.923879533
v 0.362374472 0.123009558 0.923879533
v 0.353553391 0.146446609 0.923879533
v 0.343218339 0.169256554 0.923879533
v 0.331413574 0.191341716 0.923879533
v 0.318189645 0.212607524 0.923879533
v 0.303603179 0.232962913 0.923879533
v 0.287716638 0.252320720 0.923879533
v 0.270598050 0.270598050 0.923879533
v 0.252320720 0.287716638 0.923879533
v 0.232962913 0.303603179 0.923879533
v 0.212607524 0.318189645 0.923879533
v 0.191341716 0.331413574 0.923879533
v 0.169256554 0.343218339 0.923879533
v 0.146446609 0.353553391 0.923879533
v 0.123009558 0.362374472 0.923879533
v 0.099045761 0.369643811 0.923879533
v 0.074657834 0.375330278 0.923879533
v 0.049950211 0.379409523 0.923879533
v 0.025028694 0.381864078 0.923879533
v 0.000000000 0.382683432 0.923879533
v -0.025028694 0.381864078 0.923879533
v -0.049950211 0.379409523 0.923879533
v -0.074657834 0.375330278 0.923879533
v -0.099045761 0.369643811 0.923879533
v -0.123009558 0.362374472 0.923879533
v -0.146446609 0.353553391 0.923879533
v -0.169256554 0.343218339 0.923879533
v -0.191341716 0.331413574 0.923879533
v -0.212607524 0.318189645 0.923879533
v -0.232962913 0.303603179 0.923879533
v -0.252320720 0.287716638 0.923879533
v -0.270598050 0.270598050 0.923879533
v -0.287716638 0.252320720 0.923879533
v -0.303603179 0.232962913 0.923879533
v -0.318189645 0.212607524 0.923879533
v -0.331413574 0.191341716 0.923879533
v -0.343218339 0.169256554 0.923879533
v -0.353553391 0.146446609 0.923879533
v -0.362374472 0.123009558 0.923879533
v -0.369643811 0.099045761 0.923879533
v -0.375330278 0.074657834 0.923879533
v -0.379409523 0.049950211 0.923879533
v -0.381864078 0.025028694 0.923879533
v -0.382683432 0.000000000 0.923879533
v -0.381864078 -0.025028694 0.923879533
v -0.379409523 -0.049950211 0.923879533
v -0.375330278 -0.074657834 0.923879533
v -0.369643811 -0.099045761 0.923879533
v -0.362374472 -0.123009558 0.923879533
v -0.353553391 -0.146446609 0.923879533
v -0.343218339 -0.169256554 0.923879533
v -0.331413574 -0.191341716 0.923879533
v -0.318189645 -0.212607524 0.923879533
v -0.303603179 -0.232962913 0.923879533
v -0.287716638 -0.252320720 0.923879533
v -0.270598050 -0.270598050 0.923879533
v -0.252320720 -0.287716638 0.923879533
v -0.232962913 -0.303603179 0.923879533
v -0.212607524 -0.318189645 0.923879533
v -0.191341716 -0.331413574 0.923879533
v -0.169256554 -0.343218339 0.923879533
v -0.146446609 -0.353553391 0.923879533
v -0.123009558 -0.362374472 0.923879533
v -0.099045761 -0.369643811 0.923879533
v -0.074657834 -0.375330278 0.923879533
v -0.049950211 -0.379409523 0.923879533
v -0.025028694 -0.381864078 0.923879533
v -0.000000000 -0.382683432 0.923879533
v 0.025028694 -0.381864078 0.923879533
v 0.049950211 -0.379409523 0.923879533
v 0.074657834 -0.375330278 0.923879533
v 0.099045761 -0.369643811 0.923879533
v 0.123009558 -0.362374472 0.923879533
v 0.146446609 -0.353553391 0.923879533
v 0.169256554 -0.343218339 0.923879533
v 0.191341716 -0.331413574 0.923879533
v 0.212607524 -0.318189645 0.923879533
v 0.232962913 -0.303603179 0.923879533
v 0.252320720 -0.287716638 0.923879533
v 0.270598050 -0.270598050 0.923879533
v 0.287716638 -0.252320720 0.923879533
v 0.303603179 -0.232962913 0.923879533
v 0.318189645 -0.212607524 0.923879533
v 0.331413574 -0.191341716 0.923879533
v 0.343218339 -0.169256554 0.923879533
v 0.353553391 -0.146446609 0.923879533
v 0.362374472 -0.123009558 0.923879533
v 0.369643811 -0.099045761 0.923879533
v 0.375330278 -0.074657834 0.923879533
v 0.379409523 -0.049950211 0.923879533
v 0.381864078 -0.025028694 0.923879533
v 0.382683432 -0.000000000 0.923879533
v 0.442288690 0.000000000 0.896872742
v 0.441341716 0.028927064 0.896872742
v 0.438504849 0.057730259 0.896872742
v 0.433790237 0.086286243 0.896872742
v 0.427218069 0.114472736 0.896872742
v 0.418816487 0.142169040 0.896872742
v 0.408621468 0.169256554 0.896872742
v 0.396676670 0.195619285 0.896872742
v 0.383033242 0.221144345 0.896872742
v 0.367749606 0.245722431 0.896872742
v 0.350891210 0.269248295 0.896872742
v 0.332530244 0.291621197 0.896872742
v 0.312745332 0.312745332 0.896872742
v 0.291621197 0.332530244 0.896872742
v 0.269248295 0.350891210 0.896872742
v 0.245722431 0.367749606 0.896872742
v 0.221144345 0.383033242 0.896872742
v 0.195619285 0.396676670 0.896872742
v 0.169256554 0.408621468 0.896872742
v 0.142169040 0.418816487 0.896872742
v 0.114472736 0.427218069 0.896872742
v 0.086286243 0.433790237 0.896872742
v 0.057730259 0.438504849 0.896872742
v 0.028927064 0.441341716 0.896872742
v 0.000000000 0.442288690 0.896872742
v -0.028927064 0.441341716 0.896872742
v -0.057730259 0.438504849 0.896872742
v -0.086286243 0.433790237 0.896872742
v -0.114472736 0.427218069 0.896872742
v -0.142169040 0.418816487 0.896872742
v -0.169256554 0.408621468 0.896872742
v -0.195619285 0.396676670 0.896872742
v -0.221144345 0.383033242 0.896872742
v -0.245722431 0.367749606 0.896872742
v -0.269248295 0.350891210 0.896872742
v -0.291621197 0.332530244 0.896872742
v -0.312745332 0.312745332 0.896872742
v -0.332530244 0.291621197 0.896872742
v -0.350891210 0.269248295 0.896872742
v -0.367749606 0.245722431 0.896872742
v -0.383033242 0.221144345 0.896872742
v -0.396676670 0.195619285 0.896872742
v -0.408621468 0.169256554 0.896872742
v -0.418816487 0.142169040 0.896872742
v -0.427218069 0.114472736 0.896872742
v -0.433790237 0.086286243 0.896872742
v -0.438504849 0.057730259 0.896872742
v -0.441341716 0.028927064 0.896872742
v -0.442288690 0.000000000 0.896872742
v -0.441341716 -0.028927064 0.896872742
v -0.438504849 -0.057730259 0.896872742
v -0.433790237 -0.086286243 0.896872742
v -0.427218069 -0.114472736 0.896872742
v -0.418816487 -0.142169040 0.896872742
v -0.408621468 -0.169256554 0.896872742
v -0.396676670 -0.195619285 0.896872742
v -0.383033242 -0.221144345 0.896872742
v -0.367749606 -0.245722431 0.896872742
v -0.350891210 -0.269248295 0.896872742
v -0.332530244 -0.291621197 0.896872742
v -0.312745332 -0.312745332 0.896872742
v -0.291621197 -0.332530244 0.896872742
v -0.269248295 -0.350891210 0.896872742
v -0.245722431 -0.367749606 0.896872742
v -0.221144345 -0.383033242 0.896872742
v -0.195619285 -0.396676670 0.896872742
v -0.169256554 -0.408621468 0.896872742
v -0.142169040 -0.418816487 0.896872742
v -0.114472736 -0.427218069 0.896872742
v -0.086286243 -0.433790237 0.896872742
v -0.057730259 -0.438504849 0.896872742
v -0.028927064 -0.441341716 0.896872742
v -0.000000000 -0.442288690 0.896872742
v 0.028927064 -0.441341716 0.896872742
v 0.057730259 -0.438504849 0.896872742
v 0.086286243 -0.433790237 0.896872742
v 0.114472736 -0.427218069 0.896872742
v 0.142169040 -0.418816487 0.896872742
v 0.169256554 -0.408621468 0.896872742
v 0.195619285 -0.396676670 0.896872742
v 0.221144345 -0.383033242 0.896872742
v 0.245722431 -0.367749606 0.896872742
v 0.269248295 -0.350891210 0.896872742
v 0.291621197 -0.332530244 0.896872742
v 0.312745332 -0.312745332 0.896872742
v 0.332530244 -0.291621197 0.896872742
v 0.350891210 -0.269248295 0.896872742
v 0.367749606 -0.245722431 0.896872742
v 0.383033242 -0.221144345 0.896872742
v 0.396676670 -0.195619285 0.896872742
v 0.408621468 -0.169256554 0.896872742
v 0.418816487 -0.142169040 0.896872742
v 0.427218069 -0.114472736 0.896872742
v 0.433790237 -0.086286243 0.896872742
v 0.438504849 -0.057730259 0.896872742
v 0.441341716 -0.028927064 0.896872742
v 0.442288690 -0.000000000 0.896872742
v 0.500000000 0.000000000 0.866025404
v 0.498929462 0.032701565 0.866025404
v 0.495722431 0.065263096 0.866025404
v 0.490392640 0.097545161 0.866025404
v 0.482962913 0.129409523 0.866025404
v 0.473465065 0.160719733 0.866025404
v 0.461939766 0.191341716 0.866025404
v 0.448436371 0.221144345 0.866025404
v 0.433012702 0.250000000 0.866025404
v 0.415734806 0.277785117 0.866025404
v 0.396676670 0.304380715 0.866025404
v 0.375919904 0.329672908 0.866025404
v 0.353553391 0.353553391 0.866025404
v 0.329672908 0.375919904 0.866025404
v 0.304380715 0.396676670 0.866025404
v 0.277785117 0.415734806 0.866025404
v 0.250000000 0.433012702 0.866025404
v 0.221144345 0.448436371 0.866025404
v 0.191341716 0.461939766 0.866025404
v 0.160719733 0.473465065 0.866025404
v 0.129409523 0.482962913 0.866025404
v 0.097545161 0.490392640 0.866025404
v 0.065263096 0.495722431 0.866025404
v 0.032701565 0.498929462 0.866025404
v 0.000000000 0.500000000 0.866025404
v -0.032701565 0.498929462 0.866025404
v -0.065263096 0.495722431 0.866025404
v -0.097545161 0.490392640 0.866025404
v -0.129409523 0.482962913 0.866025404
v -0.160719733 0.473465065 0.866025404
v -0.191341716 0.461939766 0.866025404
v -0.221144345 0.448436371 0.866025404
v -0.250000000 0.433012702 0.866025404
v -0.277785117 0.415734806 0.866025404
v -0.304380715 0.396676670 0.866025404
v -0.329672908 0.375919904 0.866025404
v -0.353553391 0.353553391 0.866025404
v -0.375919904 0.329672908 0.866025404
v -0.396676670 0.304380715 0.866025404
v -0.415734806 0.277785117 0.866025404
v -0.433012702 0.250000000 0.866025404
v -0.448436371 0.221144345 0.866025404
v -0.461939766 0.191341716 0.866025404
v -0.473465065 0.160719733 0.866025404
v -0.482962913 0.129409523 0.866025404
v -0.490392640 0.097545161 0.866025404
v -0.495722431 0.065263096 0.866025404
v -0.498929462 0.032701565 0.866025404
v -0.500000000 0.000000000 0.866025404
v -0.498929462 -0.032701565 0.866025404
v -0.495722431 -0.065263096 0.866025404
v -0.490392640 -0.097545161 0.866025404
v -0.482962913 -0.129409523 0.866025404
v -0.473465065 -0.160719733 0.866025404
v -0.461939766 -0.191341716 0.866025404
v -0.448436371 -0.221144345 0.866025404
v -0.433012702 -0.250000000 0.866025404
v -0.415734806 -0.277785117 0.866025404
v -0.396676670 -0.304380715 0.866025404
v -0.375919904 -0.329672908 0.866025404
v -0.353553391 -0.353553391 0.866025404
v -0.329672908 -0.375919904 0.866025404
v -0.304380715 -0.396676670 0.866025404
v -0.277785117 -0.415734806 0.866025404
v -0.250000000 -0.433012702 0.866025404
v -0.221144345 -0.448436371 0.866025404
v -0.191341716 -0.461939766 0.866025404
v -0.160719733 -0.473465065 0.866025404
v -0.129409523 -0.482962913 0.866025404
v -0.097545161 -0.490392640 0.866025404
v -0.065263096 -0.495722431 0.866025404
v -0.032701565 -0.498929462 0.866025404
v -0.000000000 -0.500000000 0.866025404
v 0.032701565 -0.498929462 0.866025404
v 0.065263096 -0.495722431 0.866025404
v 0.097545161 -0.490392640 0.866025404
v 0.129409523 -0.482962913 0.866025404
v 0.160719733 -0.473465065 0.866025404
v 0.191341716 -0.461939766 0.866025404
v 0.221144345 -0.448436371 0.866025404
v 0.250000000 -0.433012702 0.866025404
v 0.277785117 -0.415734806 0.866025404
v 0.304380715 -0.396676670 0.866025404
v 0.329672908 -0.375919904 0.866025404
v 0.353553391 -0.353553391 0.866025404
v 0.375919904 -0.329672908 0.866025404
v 0.396676670 -0.304380715 0.866025404
v 0.415734806 -0.277785117 0.866025404
v 0.433012702 -0.250000000 0.866025404
v 0.448436371 -0.221144345 0.866025404
v 0.461939766 -0.191341716 0.866025404
v 0.473465065 -0.160719733 0.866025404
v 0.482962913 -0.129409523 0.866025404
v 0.490392640 -0.097545161 0.866025404
v 0.495722431 -0.065263096 0.866025404
v 0.498929462 -0.032701565 0.866025404
v 0.500000000 -0.000000000 0.866025404
v 0.555570233 0.000000000 0.831469612
v 0.554380715 0.036336032 0.831469612
v 0.550817253 0.072516467 0.831469612
v 0.544895107 0.108386376 0.831469612
v 0.536639636 0.143792157 0.831469612
v 0.526086193 0.178582199 0.831469612
v 0.513279967 0.212607524 0.831469612
v 0.498275798 0.245722431 0.831469612
v 0.481137935 0.277785117 0.831469612
v 0.461939766 0.308658284 0.831469612
v 0.440763500 0.338209729 0.831469612
v 0.417699817 0.366312908 0.831469612
v 0.392847479 0.392847479 0.831469612
v 0.366312908 0.417699817 0.831469612
v 0.338209729 0.440763500 0.831469612
v 0.308658284 0.461939766 0.831469612
v 0.277785117 0.481137935 0.831469612
v 0.245722431 0.498275798 0.831469612
v 0.212607524 0.513279967 0.831469612
v 0.178582199 0.526086193 0.831469612
v 0.143792157 0.536639636 0.831469612
v 0.108386376 0.544895107 0.831469612
v 0.072516467 0.550817253 0.831469612
v 0.036336032 0.554380715 0.831469612
v 0.000000000 0.555570233 0.831469612
v -0.036336032 0.554380715 0.831469612
v -0.072516467 0.550817253 0.831469612
v -0.108386376 0.544895107 0.831469612
v -0.143792157 0.536639636 0.831469612
v -0.178582199 0.526086193 0.831469612
v -0.212607524 0.513279967 0.831469612
v -0.245722431 0.498275798 0.831469612
v -0.277785117 0.481137935 0.831469612
v -0.308658284 0.461939766 0.831469612
v -0.338209729 0.440763500 0.831469612
v -0.366312908 0.417699817 0.831469612
v -0.392847479 0.392847479 0.831469612
v -0.417699817 0.366312908 0.831469612
v -0.440763500 0.338209729 0.831469612
v -0.461939766 0.308658284 0.831469612
v -0.481137935 0.277785117 0.831469612
v -0.498275798 0.245722431 0.831469612
v -0.513279967 0.212607524 0.831469612
v -0.526086193 0.178582199 0.831469612
v -0.536639636 0.143792157 0.831469612
v -0.544895107 0.108386376 0.831469612
v -0.550817253 0.072516467 0.831469612
v -0.554380715 0.036336032 0.831469612
v -0.555570233 0.000000000 0.831469612
v -0.554380715 -0.036336032 0.831469612
v -0.550817253 -0.072516467 0.831469612
v -0.544895107 -0.108386376 0.831469612
v -0.536639636 -0.143792157 0.831469612
v -0.526086193 -0.178582199 0.831469612
v -0.513279967 -0.212607524 0.831469612
v -0.498275798 -0.245722431 0.831469612
v -0.481137935 -0.277785117 0.831469612
v -0.461939766 -0.308658284 0.831469612
v -0.440763500 -0.338209729 0.831469612
v -0.417699817 -0.366312908 0.831469612
v -0.392847479 -0.392847479 0.831469612
v -0.366312908 -0.417699817 0.831469612
v -0.338209729 -0.440763500 0.831469612
v -0.308658284 -0.461939766 0.831469612
v -0.277785117 -0.481137935 0.831469612
v -0.245722431 -0.498275798 0.831469612
v -0.212607524 -0.513279967 0.831469612
v -0.178582199 -0.526086193 0.831469612
v -0.143792157 -0.536639636 0.831469612
v -0.108386376 -0.544895107 0.831469612
v -0.072516467 -0.550817253 0.831469612
v -0.036336032 -0.554380715 0.831469612
v -0.000000000 -0.555570233 0.831469612
v 0.036336032 -0.554380715 0.831469612
v 0.072516467 -0.550817253 0.831469612
v 0.108386376 -0.544895107 0.831469612
v 0.143792157 -0.536639636 0.831469612
v 0.178582199 -0.526086193 0.831469612
v 0.212607524 -0.513279967 0.831469612
v 0.245722431 -0.498275798 0.831469612
v 0.277785117 -0.481137935 0.831469612
v 0.308658284 -0.461939766 0.831469612
v 0.338209729 -0.440763500 0.831469612
v 0.366312908 -0.417699817 0.831469612
v 0.392847479 -0.392847479 0.831469612
v 0.417699817 -0.366312908 0.831469612
v 0.440763500 -0.338209729 0.831469612
v 0.461939766 -0.308658284 0.831469612
v 0.481137935 -0.277785117 0.831469612
v 0.498275798 -0.245722431 0.831469612
v 0.513279967 -0.212607524 0.831469612
v 0.526086193 -0.178582199 0.831469612
v 0.536639636 -0.143792157 0.831469612
v 0.544895107 -0.108386376 0.831469612
v 0.550817253 -0.072516467 0.831469612
v 0.554380715 -0.036336032 0.831469612
v 0.555570233 -0.000000000 0.831469612
v 0.608761429 0.000000000 0.793353340
v 0.607458024 0.039814902 0.793353340
v 0.603553391 0.079459311 0.793353340
v 0.597064249 0.118763463 0.793353340
v 0.588018386 0.157559052 0.793353340
v 0.576454539 0.195679948 0.793353340
v 0.562422224 0.232962913 0.793353340
v 0.545981532 0.269248295 0.793353340
v 0.527202862 0.304380715 0.793353340
v 0.506166629 0.338209729 0.793353340
v 0.482962913 0.370590477 0.793353340
v 0.457691076 0.401384301 0.793353340
v 0.430459335 0.430459335 0.793353340
v 0.401384301 0.457691076 0.793353340
v 0.370590477 0.482962913 0.793353340
v 0.338209729 0.506166629 0.793353340
v 0.304380715 0.527202862 0.793353340
v 0.269248295 0.545981532 0.793353340
v 0.232962913 0.562422224 0.793353340
v 0.195679948 0.576454539 0.793353340
v 0.157559052 0.588018386 0.793353340
v 0.118763463 0.597064249 0.793353340
v 0.079459311 0.603553391 0.793353340
v 0.039814902 0.607458024 0.793353340
v 0.000000000 0.608761429 0.793353340
v -0.039814902 0.607458024 0.793353340
v -0.079459311 0.603553391 0.793353340
v -0.118763463 0.597064249 0.793353340
v -0.157559052 0.588018386 0.793353340
v -0.195679948 0.576454539 0.793353340
v -0.232962913 0.562422224 0.793353340
v -0.269248295 0.545981532 0.793353340
v -0.304380715 0.527202862 0.793353340
v -0.338209729 0.506166629 0.793353340
v -0.370590477 0.482962913 0.793353340
v -0.401384301 0.457691076 0.793353340
v -0.430459335 0.430459335 0.793353340
v -0.457691076 0.401384301 0.793353340
v -0.482962913 0.370590477 0.793353340
v -0.506166629 0.338209729 0.793353340
v -0.527202862 0.304380715 0.793353340
v -0.545981532 0.269248295 0.793353340
v -0.562422224 0.232962913 0.793353340
v -0.576454539 0.195679948 0.793353340
v -0.588018386 0.157559052 0.793353340
v -0.597064249 0.118763463 0.793353340
v -0.603553391 0.079459311 0.793353340
v -0.607458024 0.039814902 0.793353340
v -0.608761429 0.000000000 0.793353340
v -0.607458024 -0.039814902 0.793353340
v -0.603553391 -0.079459311 0.793353340
v -0.597064249 -0.118763463 0.793353340
v -0.588018386 -0.157559052 0.793353340
v -0.576454539 -0.195679948 0.793353340
v -0.562422224 -0.232962913 0.793353340
v -0.545981532 -0.269248295 0.793353340
v -0.527202862 -0.304380715 0.793353340
v -0.506166629 -0.338209729 0.793353340
v -0.482962913 -0.370590477 0.793353340
v -0.457691076 -0.401384301 0.793353340
v -0.430459335 -0.430459335 0.793353340
v -0.401384301 -0.457691076 0.793353340
v -0.370590477 -0.482962913 0.793353340
v -0.338209729 -0.506166629 0.793353340
v -0.304380715 -0.527202862 0.793353340
v -0.269248295 -0.545981532 0.793353340
v -0.232962913 -0.562422224 0.793353340
v -0.195679948 -0.576454539 0.793353340
v -0.157559052 -0.588018386 0.793353340
v -0.118763463 -0.597064249 0.793353340
v -0.079459311 -0.603553391 0.793353340
v -0.039814902 -0.607458024 0.793353340
v -0.000000000 -0.608761429 0.793353340
v 0.039814902 -0.607458024 0.793353340
v 0.079459311 -0.603553391 0.793353340
v 0.118763463 -0.597064249 0.793353340
v 0.157559052 -0.588018386 0.793353340
v 0.195679948 -0.576454539 0.793353340
v 0.232962913 -0.562422224 0.793353340
v 0.269248295 -0.545981532 0.793353340
v 0.304380715 -0.527202862 0.793353340
v 0.338209729 -0.506166629 0.793353340
v 0.370590477 -0.482962913 0.793353340
v 0.401384301 -0.457691076 0.793353340
v 0.430459335 -0.430459335 0.793353340
v 0.457691076 -0.401384301 0.793353340
v 0.482962913 -0.370590477 0.793353340
v 0.506166629 -0.338209729 0.793353340
v 0.527202862 -0.304380715 0.793353340
v 0.545981532 -0.269248295 0.793353340
v 0.562422224 -0.232962913 0.793353340
v 0.576454539 -0.195679948 0.793353340
v 0.588018386 -0.157559052 0.793353340
v 0.597064249 -0.118763463 0.793353340
v 0.603553391 -0.079459311 0.793353340
v 0.607458024 -0.039814902 0.793353340
v 0.608761429 -0.000000000 0.793353340
v 0.659345815 0.000000000 0.751839807
v 0.657934105 0.043123280 0.751839807
v 0.653705020 0.086061899 0.751839807
v 0.646676670 0.128631987 0.751839807
v 0.636879151 0.170651254 0.751839807
v 0.624354418 0.211939766 0.751839807
v 0.609156103 0.252320720 0.751839807
v 0.591349289 0.291621197 0.751839807
v 0.571010226 0.329672908 0.751839807
v 0.548226009 0.366312908 0.751839807
v 0.523094205 0.401384301 0.751839807
v 0.495722431 0.434736904 0.751839807
v 0.466227897 0.466227897 0.751839807
v 0.434736904 0.495722431 0.751839807
v 0.401384301 0.523094205 0.751839807
v 0.366312908 0.548226009 0.751839807
v 0.329672908 0.571010226 0.751839807
v 0.291621197 0.591349289 0.751839807
v 0.252320720 0.609156103 0.751839807
v 0.211939766 0.624354418 0.751839807
v 0.170651254 0.636879151 0.751839807
v 0.128631987 0.646676670 0.751839807
v 0.086061899 0.653705020 0.751839807
v 0.043123280 0.657934105 0.751839807
v 0.000000000 0.659345815 0.751839807
v -0.043123280 0.657934105 0.751839807
v -0.086061899 0.653705020 0.751839807
v -0.128631987 0.646676670 0.751839807
v -0.170651254 0.636879151 0.751839807
v -0.211939766 0.624354418 0.751839807
v -0.252320720 0.609156103 0.751839807
v -0.291621197 0.591349289 0.751839807
v -0.329672908 0.571010226 0.751839807
v -0.366312908 0.548226009 0.751839807
v -0.401384301 0.523094205 0.751839807
v -0.434736904 0.495722431 0.751839807
v -0.466227897 0.466227897 0.751839807
v -0.495722431 0.434736904 0.751839807
v -0.523094205 0.401384301 0.751839807
v -0.548226009 0.366312908 0.751839807
v -0.571010226 0.329672908 0.751839807
v -0.591349289 0.291621197 0.751839807
v -0.609156103 0.252320720 0.751839807
v -0.624354418 0.211939766 0.751839807
v -0.636879151 0.170651254 0.751839807
v -0.646676670 0.128631987 0.751839807
v -0.653705020 0.086061899 0.751839807
v -0.657934105 0.043123280 0.751839807
v -0.659345815 0.000000000 0.751839807
v -0.657934105 -0.043123280 0.751839807
v -0.653705020 -0.086061899 0.751839807
v -0.646676670 -0.128631987 0.751839807
v -0.636879151 -0.170651254 0.751839807
v -0.624354418 -0.211939766 0.751839807
v -0.609156103 -0.252320720 0.751839807
v -0.591349289 -0.291621197 0.751839807
v -0.571010226 -0.329672908 0.751839807
v -0.548226009 -0.366312908 0.751839807
v -0.523094205 -0.401384301 0.751839807
v -0.495722431 -0.434736904 0.751839807
v -0.466227897 -0.466227897 0.751839807
v -0.434736904 -0.495722431 0.751839807
v -0.401384301 -0.523094205 0.751839807
v -0.366312908 -0.548226009 0.751839807
v -0.329672908 -0.571010226 0.751839807
v -0.291621197 -0.591349289 0.751839807
v -0.252320720 -0.609156103 0.751839807
v -0.211939766 -0.624354418 0.751839807
v -0.170651254 -0.636879151 0.751839807
v -0.128631987 -0.646676670 0.751839807
v -0.086061899 -0.653705020 0.751839807
v -0.043123280 -0.657934105 0.751839807
v -0.000000000 -0.659345815 0.751839807
v 0.043123280 -0.657934105 0.751839807
v 0.086061899 -0.653705020 0.751839807
v 0.128631987 -0.646676670 0.751839807
v 0.170651254 -0.636879151 0.751839807
v 0.211939766 -0.624354418 0.751839807
v 0.252320720 -0.609156103 0.751839807
v 0.291621197 -0.591349289 0.751839807
v 0.329672908 -0.571010226 0.751839807
v 0.366312908 -0.548226009 0.751839807
v 0.401384301 -0.523094205 0.751839807
v 0.434736904 -0.495722431 0.751839807
v 0.466227897 -0.466227897 0.751839807
v 0.495722431 -0.434736904 0.751839807
v 0.523094205 -0.401384301 0.751839807
v 0.548226009 -0.366312908 0.751839807
v 0.571010226 -0.329672908 0.751839807
v 0.591349289 -0.291621197 0.751839807
v 0.609156103 -0.252320720 0.751839807
v 0.624354418 -0.211939766 0.751839807
v 0.636879151 -0.170651254 0.751839807
v 0.646676670 -0.128631987 0.751839807
v 0.653705020 -0.086061899 0.751839807
v 0.657934105 -0.043123280 0.751839807
v 0.659345815 -0.000000000 0.751839807
v 0.707106781 0.000000000 0.707106781
v 0.705592811 0.046246996 0.707106781
v 0.701057385 0.092295956 0.707106781
v 0.693519923 0.137949690 0.707106781
v 0.683012702 0.183012702 0.707106781
v 0.669580716 0.227292026 0.707106781
v 0.653281482 0.270598050 0.707106781
v 0.634184797 0.312745332 0.707106781
v 0.612372436 0.353553391 0.707106781
v 0.587937801 0.392847479 0.707106781
v 0.560985527 0.430459335 0.707106781
v 0.531631026 0.466227897 0.707106781
v 0.500000000 0.500000000 0.707106781
v 0.466227897 0.531631026 0.707106781
v 0.430459335 0.560985527 0.707106781
v 0.392847479 0.587937801 0.707106781
v 0.353553391 0.612372436 0.707106781
v 0.312745332 0.634184797 0.707106781
v 0.270598050 0.653281482 0.707106781
v 0.227292026 0.669580716 0.707106781
v 0.183012702 0.683012702 0.707106781
v 0.137949690 0.693519923 0.707106781
v 0.092295956 0.701057385 0.707106781
v 0.046246996 0.705592811 0.707106781
v 0.000000000 0.707106781 0.707106781
v -0.046246996 0.705592811 0.707106781
v -0.092295956 0.701057385 0.707106781
v -0.137949690 0.693519923 0.707106781
v -0.183012702 0.683012702 0.707106781
v -0.227292026 0.669580716 0.707106781
v -0.270598050 0.653281482 0.707106781
v -0.312745332 0.634184797 0.707106781
v -0.353553391 0.612372436 0.707106781
v -0.392847479 0.587937801 0.707106781
v -0.430459335 0.560985527 0.707106781
v -0.466227897 0.531631026 0.707106781
v -0.500000000 0.500000000 0.707106781
v -0.531631026 0.466227897 0.707106781
v -0.560985527 0.430459335 0.707106781
v -0.587937801 0.392847479 0.707106781
v -0.612372436 0.353553391 0.707106781
v -0.634184797 0.312745332 0.707106781
v -0.653281482 0.270598050 0.707106781
v -0.669580716 0.227292026 0.707106781
v -0.683012702 0.183012702 0.707106781
v -0.693519923 0.137949690 0.707106781
v -0.701057385 0.092295956 0.707106781
v -0.705592811 0.046246996 0.707106781
v -0.707106781 0.000000000 0.707106781
v -0.705592811 -0.046246996 0.707106781
v -0.701057385 -0.092295956 0.707106781
v -0.693519923 -0.137949690 0.707106781
v -0.683012702 -0.183012702 0.707106781
v -0.669580716 -0.227292026 0.707106781
v -0.653281482 -0.270598050 0.707106781
v -0.634184797 -0.312745332 0.707106781
v -0.612372436 -0.353553391 0.707106781
v -0.587937801 -0.392847479 0.707106781
v -0.560985527 -0.430459335 0.707106781
v -0.531631026 -0.466227897 0.707106781
v -0.500000000 -0.500000000 0.707106781
v -0.466227897 -0.531631026 0.707106781
v -0.430459335 -0.560985527 0.707106781
v -0.392847479 -0.587937801 0.707106781
v -0.353553391 -0.612372436 0.707106781
v -0.312745332 -0.634184797 0.707106781
v -0.270598050 -0.653281482 0.707106781
v -0.227292026 -0.669580716 0.707106781
v -0.183012702 -0.683012702 0.707106781
v -0.137949690 -0.693519923 0.707106781
v -0.092295956 -0.701057385 0.707106781
v -0.046246996 -0.705592811 0.707106781
v -0.000000000 -0.707106781 0.707106781
v 0.046246996 -0.705592811 0.707106781
v 0.092295956 -0.701057385 0.707106781
v 0.137949690 -0.693519923 0.707106781
v 0.183012702 -0.683012702 0.707106781
v 0.227292026 -0.669580716 0.707106781
v 0.270598050 -0.653281482 0.707106781
v 0.312745332 -0.634184797 0.707106781
v 0.353553391 -0.612372436 0.707106781
v 0.392847479 -0.587937801 0.707106781
v 0.430459335 -0.560985527 0.707106781
v 0.466227897 -0.531631026 0.707106781
v 0.500000000 -0.500000000 0.707106781
v 0.531631026 -0.466227897 0.707106781
v 0.560985527 -0.430459335 0.707106781
v 0.587937801 -0.392847479 0.707106781
v 0.612372436 -0.353553391 0.707106781
v 0.634184797 -0.312745332 0.707106781
v 0.653281482 -0.270598050 0.707106781
v 0.669580716 -0.227292026 0.707106781
v 0.683012702 -0.183012702 0.707106781
v 0.693519923 -0.137949690 0.707106781
v 0.701057385 -0.092295956 0.707106781
v 0.705592811 -0.046246996 0.707106781
v 0.707106781 -0.000000000 0.707106781
v 0.751839807 0.000000000 0.659345815
v 0.750230061 0.049172676 0.659345815
v 0.745407714 0.098134787 0.659345815
v 0.737393416 0.146676670 0.659345815
v 0.726221487 0.194590461 0.659345815
v 0.711939766 0.241670986 0.659345815
v 0.694609410 0.287716638 0.659345815
v 0.674304629 0.332530244 0.659345815
v 0.651112373 0.375919904 0.659345815
v 0.625131953 0.417699817 0.659345815
v 0.596474623 0.457691076 0.659345815
v 0.565263096 0.495722431 0.659345815
v 0.531631026 0.531631026 0.659345815
v 0.495722431 0.565263096 0.659345815
v 0.457691076 0.596474623 0.659345815
v 0.417699817 0.625131953 0.659345815
v 0.375919904 0.651112373 0.659345815
v 0.332530244 0.674304629 0.659345815
v 0.287716638 0.694609410 0.659345815
v 0.241670986 0.711939766 0.659345815
v 0.194590461 0.726221487 0.659345815
v 0.146676670 0.737393416 0.659345815
v 0.098134787 0.745407714 0.659345815
v 0.049172676 0.750230061 0.659345815
v 0.000000000 0.751839807 0.659345815
v -0.049172676 0.750230061 0.659345815
v -0.098134787 0.745407714 0.659345815
v -0.146676670 0.737393416 0.659345815
v -0.194590461 0.726221487 0.659345815
v -0.241670986 0.711939766 0.659345815
v -0.287716638 0.694609410 0.659345815
v -0.332530244 0.674304629 0.659345815
v -0.375919904 0.651112373 0.659345815
v -0.417699817 0.625131953 0.659345815
v -0.457691076 0.596474623 0.659345815
v -0.495722431 0.565263096 0.659345815
v -0.531631026 0.531631026 0.659345815
v -0.565263096 0.495722431 0.659345815
v -0.596474623 0.457691076 0.659345815
v -0.625131953 0.417699817 0.659345815
v -0.651112373 0.375919904 0.659345815
v -0.674304629 0.332530244 0.659345815
v -0.694609410 0.287716638 0.659345815
v -0.711939766 0.241670986 0.659345815
v -0.726221487 0.194590461 0.659345815
v -0.737393416 0.146676670 0.659345815
v -0.745407714 0.098134787 0.659345815
v -0.750230061 0.049172676 0.659345815
v -0.751839807 0.000000000 0.659345815
v -0.750230061 -0.049172676 0.659345815
v -0.745407714 -0.098134787 0.659345815
v -0.737393416 -0.146676670 0.659345815
v -0.726221487 -0.194590461 0.659345815
v -0.711939766 -0.241670986 0.659345815
v -0.694609410 -0.287716638 0.659345815
v -0.674304629 -0.332530244 0.659345815
v -0.651112373 -0.375919904 0.659345815
v -0.625131953 -0.417699817 0.659345815
v -0.596474623 -0.457691076 0.659345815
v -0.565263096 -0.495722431 0.659345815
v -0.531631026 -0.531631026 0.659345815
v -0.495722431 -0.565263096 0.659345815
v -0.457691076 -0.596474623 0.659345815
v -0.417699817 -0.625131953 0.659345815
v -0.375919904 -0.651112373 0.659345815
v -0.332530244 -0.674304629 0.659345815
v -0.287716638 -0.694609410 0.659345815
v -0.241670986 -0.711939766 0.659345815
v -0.194590461 -0.726221487 0.659345815
v -0.146676670 -0.737393416 0.659345815
v -0.098134787 -0.745407714 0.659345815
v -0.049172676 -0.750230061 0.659345815
v -0.000000000 -0.751839807 0.659345815
v 0.049172676 -0.750230061 0.659345815
v 0.098134787 -0.745407714 0.659345815
v 0.146676670 -0.737393416 0.659345815
v 0.194590461 -0.726221487 0.659345815
v 0.241670986 -0.711939766 0.659345815
v 0.287716638 -0.694609410 0.659345815
v 0.332530244 -0.674304629 0.659345815
v 0.375919904 -0.651112373 0.659345815
v 0.417699817 -0.625131953 0.659345815
v 0.457691076 -0.596474623 0.659345815
v 0.495722431 -0.565263096 0.659345815
v 0.531631026 -0.531631026 0.659345815
v 0.565263096 -0.495722431 0.659345815
v 0.596474623 -0.457691076 0.659345815
v 0.625131953 -0.417699817 0.659345815
v 0.651112373 -0.375919904 0.659345815
v 0.674304629 -0.332530244 0.659345815
v 0.694609410 -0.287716638 0.659345815
v 0.711939766 -0.241670986 0.659345815
v 0.726221487 -0.194590461 0.659345815
v 0.737393416 -0.146676670 0.659345815
v 0.745407714 -0.098134787 0.659345815
v 0.750230061 -0.049172676 0.659345815
v 0.751839807 -0.000000000 0.659345815
v 0.793353340 0.000000000 0.608761429
v 0.791654710 0.051887791 0.608761429
v 0.786566092 0.103553391 0.608761429
v 0.778109278 0.154775559 0.608761429
v 0.766320481 0.205334954 0.608761429
v 0.751250181 0.255015073 0.608761429
v 0.732962913 0.303603179 0.608761429
v 0.711536985 0.350891210 0.608761429
v 0.687064147 0.396676670 0.608761429
v 0.659649194 0.440763500 0.608761429
v 0.629409523 0.482962913 0.608761429
v 0.596474623 0.523094205 0.608761429
v 0.560985527 0.560985527 0.608761429
v 0.523094205 0.596474623 0.608761429
v 0.482962913 0.629409523 0.608761429
v 0.440763500 0.659649194 0.608761429
v 0.396676670 0.687064147 0.608761429
v 0.350891210 0.711536985 0.608761429
v 0.303603179 0.732962913 0.608761429
v 0.255015073 0.751250181 0.608761429
v 0.205334954 0.766320481 0.608761429
v 0.154775559 0.778109278 0.608761429
v 0.103553391 0.786566092 0.608761429
v 0.051887791 0.791654710 0.608761429
v 0.000000000 0.793353340 0.608761429
v -0.051887791 0.791654710 0.608761429
v -0.103553391 0.786566092 0.608761429
v -0.154775559 0.778109278 0.608761429
v -0.205334954 0.766320481 0.608761429
v -0.255015073 0.751250181 0.608761429
v -0.303603179 0.732962913 0.608761429
v -0.350891210 0.711536985 0.608761429
v -0.396676670 0.687064147 0.608761429
v -0.440763500 0.659649194 0.608761429
v -0.482962913 0.629409523 0.608761429
v -0.523094205 0.596474623 0.608761429
v -0.560985527 0.560985527 0.608761429
v -0.596474623 0.523094205 0.608761429
v -0.629409523 0.482962913 0.608761429
v -0.659649194 0.440763500 0.608761429
v -0.687064147 0.396676670 0.608761429
v -0.711536985 0.350891210 0.608761429
v -0.732962913 0.303603179 0.608761429
v -0.751250181 0.255015073 0.608761429
v -0.766320481 0.205334954 0.608761429
v -0.778109278 0.154775559 0.608761429
v -0.786566092 0.103553391 0.608761429
v -0.791654710 0.051887791 0.608761429
v -0.793353340 0.000000000 0.608761429
v -0.791654710 -0.051887791 0.608761429
v -0.786566092 -0.103553391 0.608761429
v -0.778109278 -0.154775559 0.608761429
v -0.766320481 -0.205334954 0.608761429
v -0.751250181 -0.255015073 0.608761429
v -0.732962913 -0.303603179 0.608761429
v -0.711536985 -0.350891210 0.608761429
v -0.687064147 -0.396676670 0.608761429
v -0.659649194 -0.440763500 0.608761429
v -0.629409523 -0.482962913 0.608761429
v -0.596474623 -0.523094205 0.608761429
v -0.560985527 -0.560985527 0.608761429
v -0.523094205 -0.596474623 0.608761429
v -0.482962913 -0.629409523 0.608761429
v -0.440763500 -0.659649194 0.608761429
v -0.396676670 -0.687064147 0.608761429
v -0.350891210 -0.711536985 0.608761429
v -0.303603179 -0.732962913 0.608761429
v -0.255015073 -0.751250181 0.608761429
v -0.205334954 -0.766320481 0.608761429
v -0.154775559 -0.778109278 0.608761429
v -0.103553391 -0.786566092 0.608761429
v -0.051887791 -0.791654710 0.608761429
v -0.000000000 -0.793353340 0.608761429
v 0.051887791 -0.791654710 0.608761429
v 0.103553391 -0.786566092 0.608761429
v 0.154775559 -0.778109278 0.608761429
v 0.205334954 -0.766320481 0.608761429
v 0.255015073 -0.751250181 0.608761429
v 0.303603179 -0.732962913 0.608761429
v 0.350891210 -0.711536985 0.608761429
v 0.396676670 -0.687064147 0.608761429
v 0.440763500 -0.659649194 0.608761429
v 0.482962913 -0.629409523 0.608761429
v 0.523094205 -0.596474623 0.608761429
v 0.560985527 -0.560985527 0.608761429
v 0.596474623 -0.523094205 0.608761429
v 0.629409523 -0.482962913 0.608761429
v 0.659649194 -0.440763500 0.608761429
v 0.687064147 -0.396676670 0.608761429
v 0.711536985 -0.350891210 0.608761429
v 0.732962913 -0.303603179 0.608761429
v 0.751250181 -0.255015073 0.608761429
v 0.766320481 -0.205334954 0.608761429
v 0.778109278 -0.154775559 0.608761429
v 0.786566092 -0.103553391 0.608761429
v 0.791654710 -0.051887791 0.608761429
v 0.793353340 -0.000000000 0.608761429
v 0.831469612 0.000000000 0.555570233
v 0.829689372 0.054380715 0.555570233
v 0.824356275 0.108528562 0.555570233
v 0.815493157 0.162211674 0.555570233
v 0.803137972 0.215200171 0.555570233
v 0.787343628 0.267267148 0.555570233
v 0.768177757 0.318189645 0.555570233
v 0.745722431 0.367749606 0.555570233
v 0.720073807 0.415734806 0.555570233
v 0.691341716 0.461939766 0.555570233
v 0.659649194 0.506166629 0.555570233
v 0.625131953 0.548226009 0.555570233
v 0.587937801 0.587937801 0.555570233
v 0.548226009 0.625131953 0.555570233
v 0.506166629 0.659649194 0.555570233
v 0.461939766 0.691341716 0.555570233
v 0.415734806 0.720073807 0.555570233
v 0.367749606 0.745722431 0.555570233
v 0.318189645 0.768177757 0.555570233
v 0.267267148 0.787343628 0.555570233
v 0.215200171 0.803137972 0.555570233
v 0.162211674 0.815493157 0.555570233
v 0.108528562 0.824356275 0.555570233
v 0.054380715 0.829689372 0.555570233
v 0.000000000 0.831469612 0.555570233
v -0.054380715 0.829689372 0.555570233
v -0.108528562 0.824356275 0.555570233
v -0.162211674 0.815493157 0.555570233
v -0.215200171 0.803137972 0.555570233
v -0.267267148 0.787343628 0.555570233
v -0.318189645 0.768177757 0.555570233
v -0.367749606 0.745722431 0.555570233
v -0.415734806 0.720073807 0.555570233
v -0.461939766 0.691341716 0.555570233
v -0.506166629 0.659649194 0.555570233
v -0.548226009 0.625131953 0.555570233
v -0.587937801 0.587937801 0.555570233
v -0.625131953 0.548226009 0.555570233
v -0.659649194 0.506166629 0.555570233
v -0.691341716 0.461939766 0.555570233
v -0.720073807 0.415734806 0.555570233
v -0.745722431 0.367749606 0.555570233
v -0.768177757 0.318189645 0.555570233
v -0.787343628 0.267267148 0.555570233
v -0.803137972 0.215200171 0.555570233
v -0.815493157 0.162211674 0.555570233
v -0.824356275 0.108528562 0.555570233
v -0.829689372 0.054380715 0.555570233
v -0.831469612 0.000000000 0.555570233
v -0.829689372 -0.054380715 0.555570233
v -0.824356275 -0.108528562 0.555570233
v -0.815493157 -0.162211674 0.555570233
v -0.803137972 -0.215200171 0.555570233
v -0.787343628 -0.267267148 0.555570233
v -0.768177757 -0.318189645 0.555570233
v -0.745722431 -0.367749606 0.555570233
v -0.720073807 -0.415734806 0.555570233
v -0.691341716 -0.461939766 0.555570233
v -0.659649194 -0.506166629 0.555570233
v -0.625131953 -0.548226009 0.555570233
v -0.587937801 -0.587937801 0.555570233
v -0.548226009 -0.625131953 0.555570233
v -0.506166629 -0.659649194 0.555570233
v -0.461939766 -0.691341716 0.555570233
v -0.415734806 -0.720073807 0.555570233
v -0.367749606 -0.745722431 0.555570233
v -0.318189645 -0.768177757 0.555570233
v -0.267267148 -0.787343628 0.555570233
v -0.215200171 -0.803137972 0.555570233
v -0.162211674 -0.815493157 0.555570233
v -0.108528562 -0.824356275 0.555570233
v -0.054380715 -0.829689372 0.555570233
v -0.000000000 -0.831469612 0.555570233
v 0.054380715 -0.829689372 0.555570233
v 0.108528562 -0.824356275 0.555570233
v 0.162211674 -0.815493157 0.555570233
v 0.215200171 -0.803137972 0.555570233
v 0.267267148 -0.787343628 0.555570233
v 0.318189645 -0.768177757 0.555570233
v 0.367749606 -0.745722431 0.555570233
v 0.415734806 -0.720073807 0.555570233
v 0.461939766 -0.691341716 0.555570233
v 0.506166629 -0.659649194 0.555570233
v 0.548226009 -0.625131953 0.555570233
v 0.587937801 -0.587937801 0.555570233
v 0.625131953 -0.548226009 0.555570233
v 0.659649194 -0.506166629 0.555570233
v 0.691341716 -0.461939766 0.555570233
v 0.720073807 -0.415734806 0.555570233
v 0.745722431 -0.367749606 0.555570233
v 0.768177757 -0.318189645 0.555570233
v 0.787343628 -0.267267148 0.555570233
v 0.803137972 -0.215200171 0.555570233
v 0.815493157 -0.162211674 0.555570233
v 0.824356275 -0.108528562 0.555570233
v 0.829689372 -0.054380715 0.555570233
v 0.831469612 -0.000000000 0.555570233
v 0.866025404 0.000000000 0.500000000
v 0.864171177 0.056640771 0.500000000
v 0.858616436 0.113038998 0.500000000
v 0.849384968 0.168953175 0.500000000
v 0.836516304 0.224143868 0.500000000
v 0.820065548 0.278374743 0.500000000
v 0.800103145 0.331413574 0.500000000
v 0.776714578 0.383033242 0.500000000
v 0.750000000 0.433012702 0.500000000
v 0.720073807 0.481137935 0.500000000
v 0.687064147 0.527202862 0.500000000
v 0.651112373 0.571010226 0.500000000
v 0.612372436 0.612372436 0.500000000
v 0.571010226 0.651112373 0.500000000
v 0.527202862 0.687064147 0.500000000
v 0.481137935 0.720073807 0.500000000
v 0.433012702 0.750000000 0.500000000
v 0.383033242 0.776714578 0.500000000
v 0.331413574 0.800103145 0.500000000
v 0.278374743 0.820065548 0.500000000
v 0.224143868 0.836516304 0.500000000
v 0.168953175 0.849384968 0.500000000
v 0.113038998 0.858616436 0.500000000
v 0.056640771 0.864171177 0.500000000
v 0.000000000 0.866025404 0.500000000
v -0.056640771 0.864171177 0.500000000
v -0.113038998 0.858616436 0.500000000
v -0.168953175 0.849384968 0.500000000
v -0.224143868 0.836516304 0.500000000
v -0.278374743 0.820065548 0.500000000
v -0.331413574 0.800103145 0.500000000
v -0.383033242 0.776714578 0.500000000
v -0.433012702 0.750000000 0.500000000
v -0.481137935 0.720073807 0.500000000
v -0.527202862 0.687064147 0.500000000
v -0.571010226 0.651112373 0.500000000
v -0.612372436 0.612372436 0.500000000
v -0.651112373 0.571010226 0.500000000
v -0.687064147 0.527202862 0.500000000
v -0.720073807 0.481137935 0.500000000
v -0.750000000 0.433012702 0.500000000
v -0.776714578 0.383033242 0.500000000
v -0.800103145 0.331413574 0.500000000
v -0.820065548 0.278374743 0.500000000
v -0.836516304 0.224143868 0.500000000
v -0.849384968 0.168953175 0.500000000
v -0.858616436 0.113038998 0.500000000
v -0.864171177 0.056640771 0.500000000
v -0.866025404 0.000000000 0.500000000
v -0.864171177 -0.056640771 0.500000000
v -0.858616436 -0.113038998 0.500000000
v -0.849384968 -0.168953175 0.500000000
v -0.836516304 -0.224143868 0.500000000
v -0.820065548 -0.278374743 0.500000000
v -0.800103145 -0.331413574 0.500000000
v -0.776714578 -0.383033242 0.500000000
v -0.750000000 -0.433012702 0.500000000
v -0.720073807 -0.481137935 0.500000000
v -0.687064147 -0.527202862 0.500000000
v -0.651112373 -0.571010226 0.500000000
v -0.612372436 -0.612372436 0.500000000
v -0.571010226 -0.651112373 0.500000000
v -0.527202862 -0.687064147 0.500000000
v -0.481137935 -0.720073807 0.500000000
v -0.433012702 -0.750000000 0.500000000
v -0.383033242 -0.776714578 0.500000000
v -0.331413574 -0.800103145 0.500000000
v -0.278374743 -0.820065548 0.500000000
v -0.224143868 -0.836516304 0.500000000
v -0.168953175 -0.849384968 0.500000000
v -0.113038998 -0.858616436 0.500000000
v -0.056640771 -0.864171177 0.500000000
v -0.000000000 -0.866025404 0.500000000
v 0.056640771 -0.864171177 0.500000000
v 0.113038998 -0.858616436 0.500000000
v 0.168953175 -0.849384968 0.500000000
v 0.224143868 -0.836516304 0.500000000
v 0.278374743 -0.820065548 0.500000000
v 0.331413574 -0.800103145 0.500000000
v 0.383033242 -0.776714578 0.500000000
v 0.433012702 -0.750000000 0.500000000
v 0.481137935 -0.720073807 0.500000000
v 0.527202862 -0.687064147 0.500000000
v 0.571010226 -0.651112373 0.500000000
v 0.612372436 -0.612372436 0.500000000
v 0.651112373 -0.571010226 0.500000000
v 0.687064147 -0.527202862 0.500000000
v 0.720073807 -0.481137935 0.500000000
v 0.750000000 -0.433012702 0.500000000
v 0.776714578 -0.383033242 0.500000000
v 0.800103145 -0.331413574 0.500000000
v 0.820065548 -0.278374743 0.500000000
v 0.836516304 -0.224143868 0.500000000
v 0.849384968 -0.168953175 0.500000000
v 0.858616436 -0.113038998 0.500000000
v 0.864171177 -0.056640771 0.500000000
v 0.866025404 -0.000000000 0.500000000
v 0.896872742 0.000000000 0.442288690
v 0.894952468 0.058658284 0.442288690
v 0.889199871 0.117065384 0.442288690
v 0.879639583 0.174971192 0.442288690
v 0.866312544 0.232127747 0.442288690
v 0.849275821 0.288290294 0.442288690
v 0.828602369 0.343218339 0.442288690
v 0.804380715 0.396676670 0.442288690
v 0.776714578 0.448436371 0.442288690
v 0.745722431 0.498275798 0.442288690
v 0.711536985 0.545981532 0.442288690
v 0.674304629 0.591349289 0.442288690
v 0.634184797 0.634184797 0.442288690
v 0.591349289 0.674304629 0.442288690
v 0.545981532 0.711536985 0.442288690
v 0.498275798 0.745722431 0.442288690
v 0.448436371 0.776714578 0.442288690
v 0.396676670 0.804380715 0.442288690
v 0.343218339 0.828602369 0.442288690
v 0.288290294 0.849275821 0.442288690
v 0.232127747 0.866312544 0.442288690
v 0.174971192 0.879639583 0.442288690
v 0.117065384 0.889199871 0.442288690
v 0.058658284 0.894952468 0.442288690
v 0.000000000 0.896872742 0.442288690
v -0.058658284 0.894952468 0.442288690
v -0.117065384 0.889199871 0.442288690
v -0.174971192 0.879639583 0.442288690
v -0.232127747 0.866312544 0.442288690
v -0.288290294 0.849275821 0.442288690
v -0.343218339 0.828602369 0.442288690
v -0.396676670 0.804380715 0.442288690
v -0.448436371 0.776714578 0.442288690
v -0.498275798 0.745722431 0.442288690
v -0.545981532 0.711536985 0.442288690
v -0.591349289 0.674304629 0.442288690
v -0.634184797 0.634184797 0.442288690
v -0.674304629 0.591349289 0.442288690
v -0.711536985 0.545981532 0.442288690
v -0.745722431 0.498275798 0.442288690
v -0.776714578 0.448436371 0.442288690
v -0.804380715 0.396676670 0.442288690
v -0.828602369 0.343218339 0.442288690
v -0.849275821 0.288290294 0.442288690
v -0.866312544 0.232127747 0.442288690
v -0.879639583 0.174971192 0.442288690
v -0.889199871 0.117065384 0.442288690
v -0.894952468 0.058658284 0.442288690
v -0.896872742 0.000000000 0.442288690
v -0.894952468 -0.058658284 0.442288690
v -0.889199871 -0.117065384 0.442288690
v -0.879639583 -0.174971192 0.442288690
v -0.866312544 -0.232127747 0.442288690
v -0.849275821 -0.288290294 0.442288690
v -0.828602369 -0.343218339 0.442288690
v -0.804380715 -0.396676670 0.442288690
v -0.776714578 -0.448436371 0.442288690
v -0.745722431 -0.498275798 0.442288690
v -0.711536985 -0.545981532 0.442288690
v -0.674304629 -0.591349289 0.442288690
v -0.634184797 -0.634184797 0.442288690
v -0.591349289 -0.674304629 0.442288690
v -0.545981532 -0.711536985 0.442288690
v -0.498275798 -0.745722431 0.442288690
v -0.448436371 -0.776714578 0.442288690
v -0.396676670 -0.804380715 0.442288690
v -0.343218339 -0.828602369 0.442288690
v -0.288290294 -0.849275821 0.442288690
v -0.232127747 -0.866312544 0.442288690
v -0.174971192 -0.879639583 0.442288690
v -0.117065384 -0.889199871 0.442288690
v -0.058658284 -0.894952468 0.442288690
v -0.000000000 -0.896872742 0.442288690
v 0.058658284 -0.894952468 0.442288690
v 0.117065384 -0.889199871 0.442288690
v 0.174971192 -0.879639583 0.442288690
v 0.232127747 -0.866312544 0.442288690
v 0.288290294 -0.849275821 0.442288690
v 0.343218339 -0.828602369 0.442288690
v 0.396676670 -0.804380715 0.442288690
v 0.448436371 -0.776714578 0.442288690
v 0.498275798 -0.745722431 0.442288690
v 0.545981532 -0.711536985 0.442288690
v 0.591349289 -0.674304629 0.442288690
v 0.634184797 -0.634184797 0.442288690
v 0.674304629 -0.591349289 0.442288690
v 0.711536985 -0.545981532 0.442288690
v 0.745722431 -0.498275798 0.442288690
v 0.776714578 -0.448436371 0.442288690
v 0.804380715 -0.396676670 0.442288690
v 0.828602369 -0.343218339 0.442288690
v 0.849275821 -0.288290294 0.442288690
v 0.866312544 -0.232127747 0.442288690
v 0.879639583 -0.174971192 0.442288690
v 0.889199871 -0.117065384 0.442288690
v 0.894952468 -0.058658284 0.442288690
v 0.896872742 -0.000000000 0.442288690
v 0.923879533 0.000000000 0.382683432
v 0.921901436 0.060424612 0.382683432
v 0.915975615 0.120590477 0.382683432
v 0.906127446 0.180239956 0.382683432
v 0.892399101 0.239117618 0.382683432
v 0.874849365 0.296971343 0.382683432
v 0.853553391 0.353553391 0.382683432
v 0.828602369 0.408621468 0.382683432
v 0.800103145 0.461939766 0.382683432
v 0.768177757 0.513279967 0.382683432
v 0.732962913 0.562422224 0.382683432
v 0.694609410 0.609156103 0.382683432
v 0.653281482 0.653281482 0.382683432
v 0.609156103 0.694609410 0.382683432
v 0.562422224 0.732962913 0.382683432
v 0.513279967 0.768177757 0.382683432
v 0.461939766 0.800103145 0.382683432
v 0.408621468 0.828602369 0.382683432
v 0.353553391 0.853553391 0.382683432
v 0.296971343 0.874849365 0.382683432
v 0.239117618 0.892399101 0.382683432
v 0.180239956 0.906127446 0.382683432
v 0.120590477 0.915975615 0.382683432
v 0.060424612 0.921901436 0.382683432
v 0.000000000 0.923879533 0.382683432
v -0.060424612 0.921901436 0.382683432
v -0.120590477 0.915975615 0.382683432
v -0.180239956 0.906127446 0.382683432
v -0.239117618 0.892399101 0.382683432
v -0.296971343 0.874849365 0.382683432
v -0.353553391 0.853553391 0.382683432
v -0.408621468 0.828602369 0.382683432
v -0.461939766 0.800103145 0.382683432
v -0.513279967 0.768177757 0.382683432
v -0.562422224 0.732962913 0.382683432
v -0.609156103 0.694609410 0.382683432
v -0.653281482 0.653281482 0.382683432
v -0.694609410 0.609156103 0.382683432
v -0.732962913 0.562422224 0.382683432
v -0.768177757 0.513279967 0.382683432
v -0.800103145 0.461939766 0.382683432
v -0.828602369 0.408621468 0.382683432
v -0.853553391 0.353553391 0.382683432
v -0.874849365 0.296971343 0.382683432
v -0.892399101 0.239117618 0.382683432
v -0.906127446 0.180239956 0.382683432
v -0.915975615 0.120590477 0.382683432
v -0.921901436 0.060424612 0.382683432
v -0.923879533 0.000000000 0.382683432
v -0.921901436 -0.060424612 0.382683432
v -0.915975615 -0.120590477 0.382683432
v -0.906127446 -0.180239956 0.382683432
v -0.892399101 -0.239117618 0.382683432
v -0.874849365 -0.296971343 0.382683432
v -0.853553391 -0.353553391 0.382683432
v -0.828602369 -0.408621468 0.382683432
v -0.800103145 -0.461939766 0.382683432
v -0.768177757 -0.513279967 0.382683432
v -0.732962913 -0.562422224 0.382683432
v -0.694609410 -0.609156103 0.382683432
v -0.653281482 -0.653281482 0.382683432
v -0.609156103 -0.694609410 0.382683432
v -0.562422224 -0.732962913 0.382683432
v -0.513279967 -0.768177757 0.382683432
v -0.461939766 -0.800103145 0.382683432
v -0.408621468 -0.828602369 0.382683432
v -0.353553391 -0.853553391 0.382683432
v -0.296971343 -0.874849365 0.382683432
v -0.239117618 -0.892399101 0.382683432
v -0.180239956 -0.906127446 0.382683432
v -0.120590477 -0.915975615 0.382683432
v -0.060424612 -0.921901436 0.382683432
v -0.000000000 -0.923879533 0.382683432
v 0.060424612 -0.921901436 0.382683432
v 0.120590477 -0.915975615 0.382683432
v 0.180239956 -0.906127446 0.382683432
v 0.239117618 -0.892399101 0.382683432
v 0.296971343 -0.874849365 0.382683432
v 0.353553391 -0.853553391 0.382683432
v 0.408621468 -0.828602369 0.382683432
v 0.461939766 -0.800103145 0.382683432
v 0.513279967 -0.768177757 0.382683432
v 0.562422224 -0.732962913 0.382683432
v 0.609156103 -0.694609410 0.382683432
v 0.653281482 -0.653281482 0.382683432
v 0.694609410 -0.609156103 0.382683432
v 0.732962913 -0.562422224 0.382683432
v 0.768177757 -0.513279967 0.382683432
v 0.800103145 -0.461939766 0.382683432
v 0.828602369 -0.408621468 0.382683432
v 0.853553391 -0.353553391 0.382683432
v 0.874849365 -0.296971343 0.382683432
v 0.892399101 -0.239117618 0.382683432
v 0.906127446 -0.180239956 0.382683432
v 0.915975615 -0.120590477 0.382683432
v 0.921901436 -0.060424612 0.382683432
v 0.923879533 -0.000000000 0.382683432
v 0.946930129 0.000000000 0.321439465
v 0.944902679 0.061932194 0.321439465
v 0.938829011 0.123599184 0.321439465
v 0.928735133 0.184736904 0.321439465
v 0.914664268 0.245083552 0.321439465
v 0.896676670 0.304380715 0.321439465
v 0.874849365 0.362374472 0.321439465
v 0.849275821 0.418816487 0.321439465
v 0.820065548 0.473465065 0.321439465
v 0.787343628 0.526086193 0.321439465
v 0.751250181 0.576454539 0.321439465
v 0.711939766 0.624354418 0.321439465
v 0.669580716 0.669580716 0.321439465
v 0.624354418 0.711939766 0.321439465
v 0.576454539 0.751250181 0.321439465
v 0.526086193 0.787343628 0.321439465
v 0.473465065 0.820065548 0.321439465
v 0.418816487 0.849275821 0.321439465
v 0.362374472 0.874849365 0.321439465
v 0.304380715 0.896676670 0.321439465
v 0.245083552 0.914664268 0.321439465
v 0.184736904 0.928735133 0.321439465
v 0.123599184 0.938829011 0.321439465
v 0.061932194 0.944902679 0.321439465
v 0.000000000 0.946930129 0.321439465
v -0.061932194 0.944902679 0.321439465
v -0.123599184 0.938829011 0.321439465
v -0.184736904 0.928735133 0.321439465
v -0.245083552 0.914664268 0.321439465
v -0.304380715 0.896676670 0.321439465
v -0.362374472 0.874849365 0.321439465
v -0.418816487 0.849275821 0.321439465
v -0.473465065 0.820065548 0.321439465
v -0.526086193 0.787343628 0.321439465
v -0.576454539 0.751250181 0.321439465
v -0.624354418 0.711939766 0.321439465
v -0.669580716 0.669580716 0.321439465
v -0.711939766 0.624354418 0.321439465
v -0.751250181 0.576454539 0.321439465
v -0.787343628 0.526086193 0.321439465
v -0.820065548 0.473465065 0.321439465
v -0.849275821 0.418816487 0.321439465
v -0.874849365 0.362374472 0.321439465
v -0.896676670 0.304380715 0.321439465
v -0.914664268 0.245083552 0.321439465
v -0.928735133 0.184736904 0.321439465
v -0.938829011 0.123599184 0.321439465
v -0.944902679 0.061932194 0.321439465
v -0.946930129 0.000000000 0.321439465
v -0.944902679 -0.061932194 0.321439465
v -0.938829011 -0.123599184 0.321439465
v -0.928735133 -0.184736904 0.321439465
v -0.914664268 -0.245083552 0.321439465
v -0.896676670 -0.304380715 0.321439465
v -0.874849365 -0.362374472 0.321439465
v -0.849275821 -0.418816487 0.321439465
v -0.820065548 -0.473465065 0.321439465
v -0.787343628 -0.526086193 0.321439465
v -0.751250181 -0.576454539 0.321439465
v -0.711939766 -0.624354418 0.321439465
v -0.669580716 -0.669580716 0.321439465
v -0.624354418 -0.711939766 0.321439465
v -0.576454539 -0.751250181 0.321439465
v -0.526086193 -0.787343628 0.321439465
v -0.473465065 -0.820065548 0.321439465
v -0.418816487 -0.849275821 0.321439465
v -0.362374472 -0.874849365 0.321439465
v -0.304380715 -0.896676670 0.321439465
v -0.245083552 -0.914664268 0.321439465
v -0.184736904 -0.928735133 0.321439465
v -0.123599184 -0.938829011 0.321439465
v -0.061932194 -0.944902679 0.321439465
v -0.000000000 -0.946930129 0.321439465
v 0.061932194 -0.944902679 0.321439465
v 0.123599184 -0.938829011 0.321439465
v 0.184736904 -0.928735133 0.321439465
v 0.245083552 -0.914664268 0.321439465
v 0.304380715 -0.896676670 0.321439465
v 0.362374472 -0.874849365 0.321439465
v 0.418816487 -0.849275821 0.321439465
v 0.473465065 -0.820065548 0.321439465
v 0.526086193 -0.787343628 0.321439465
v 0.576454539 -0.751250181 0.321439465
v 0.624354418 -0.711939766 0.321439465
v 0.669580716 -0.669580716 0.321439465
v 0.711939766 -0.624354418 0.321439465
v 0.751250181 -0.576454539 0.321439465
v 0.787343628 -0.526086193 0.321439465
v 0.820065548 -0.473465065 0.321439465
v 0.849275821 -0.418816487 0.321439465
v 0.874849365 -0.362374472 0.321439465
v 0.896676670 -0.304380715 0.321439465
v 0.914664268 -0.245083552 0.321439465
v 0.928735133 -0.184736904 0.321439465
v 0.938829011 -0.123599184 0.321439465
v 0.944902679 -0.061932194 0.321439465
v 0.946930129 -0.000000000 0.321439465
v 0.965925826 0.000000000 0.258819045
v 0.963857705 0.063174572 0.258819045
v 0.957662197 0.126078620 0.258819045
v 0.947365832 0.188442780 0.258819045
v 0.933012702 0.250000000 0.258819045
v 0.914664268 0.310486681 0.258819045
v 0.892399101 0.369643811 0.258819045
v 0.866312544 0.427218069 0.258819045
v 0.836516304 0.482962913 0.258819045
v 0.803137972 0.536639636 0.258819045
v 0.766320481 0.588018386 0.258819045
v 0.726221487 0.636879151 0.258819045
v 0.683012702 0.683012702 0.258819045
v 0.636879151 0.726221487 0.258819045
v 0.588018386 0.766320481 0.258819045
v 0.536639636 0.803137972 0.258819045
v 0.482962913 0.836516304 0.258819045
v 0.427218069 0.866312544 0.258819045
v 0.369643811 0.892399101 0.258819045
v 0.310486681 0.914664268 0.258819045
v 0.250000000 0.933012702 0.258819045
v 0.188442780 0.947365832 0.258819045
v 0.126078620 0.957662197 0.258819045
v 0.063174572 0.963857705 0.258819045
v 0.000000000 0.965925826 0.258819045
v -0.063174572 0.963857705 0.258819045
v -0.126078620 0.957662197 0.258819045
v -0.188442780 0.947365832 0.258819045
v -0.250000000 0.933012702 0.258819045
v -0.310486681 0.914664268 0.258819045
v -0.369643811 0.892399101 0.258819045
v -0.427218069 0.866312544 0.258819045
v -0.482962913 0.836516304 0.258819045
v -0.536639636 0.803137972 0.258819045
v -0.588018386 0.766320481 0.258819045
v -0.636879151 0.726221487 0.258819045
v -0.683012702 0.683012702 0.258819045
v -0.726221487 0.636879151 0.258819045
v -0.766320481 0.588018386 0.258819045
v -0.803137972 0.536639636 0.258819045
v -0.836516304 0.482962913 0.258819045
v -0.866312544 0.427218069 0.258819045
v -0.892399101 0.369643811 0.258819045
v -0.914664268 0.310486681 0.258819045
v -0.933012702 0.250000000 0.258819045
v -0.947365832 0.188442780 0.258819045
v -0.957662197 0.126078620 0.258819045
v -0.963857705 0.063174572 0.258819045
v -0.965925826 0.000000000 0.258819045
v -0.963857705 -0.063174572 0.258819045
v -0.957662197 -0.126078620 0.258819045
v -0.947365832 -0.188442780 0.258819045
v -0.933012702 -0.250000000 0.258819045
v -0.914664268 -0.310486681 0.258819045
v -0.892399101 -0.369643811 0.258819045
v -0.866312544 -0.427218069 0.258819045
v -0.836516304 -0.482962913 0.258819045
v -0.803137972 -0.536639636 0.258819045
v -0.766320481 -0.588018386 0.258819045
v -0.726221487 -0.636879151 0.258819045
v -0.683012702 -0.683012702 0.258819045
v -0.636879151 -0.726221487 0.258819045
v -0.588018386 -0.766320481 0.258819045
v -0.536639636 -0.803137972 0.258819045
v -0.482962913 -0.836516304 0.258819045
v -0.427218069 -0.866312544 0.258819045
v -0.369643811 -0.892399101 0.258819045
v -0.310486681 -0.914664268 0.258819045
v -0.250000000 -0.933012702 0.258819045
v -0.188442780 -0.947365832 0.258819045
v -0.126078620 -0.957662197 0.258819045
v -0.063174572 -0.963857705 0.258819045
v -0.000000000 -0.965925826 0.258819045
v 0.063174572 -0.963857705 0.258819045
v 0.126078620 -0.957662197 0.258819045
v 0.188442780 -0.947365832 0.258819045
v 0.250000000 -0.933012702 0.258819045
v 0.310486681 -0.914664268 0.258819045
v 0.369643811 -0.892399101 0.258819045
v 0.427218069 -0.866312544 0.258819045
v 0.482962913 -0.836516304 0.258819045
v 0.536639636 -0.803137972 0.258819045
v 0.588018386 -0.766320481 0.258819045
v 0.636879151 -0.726221487 0.258819045
v 0.683012702 -0.683012702 0.258819045
v 0.726221487 -0.636879151 0.258819045
v 0.766320481 -0.588018386 0.258819045
v 0.803137972 -0.536639636 0.258819045
v 0.836516304 -0.482962913 0.258819045
v 0.866312544 -0.427218069 0.258819045
v 0.892399101 -0.369643811 0.258819045
v 0.914664268 -0.310486681 0.258819045
v 0.933012702 -0.250000000 0.258819045
v 0.947365832 -0.188442780 0.258819045
v 0.957662197 -0.126078620 0.258819045
v 0.963857705 -0.063174572 0.258819045
v 0.965925826 -0.000000000 0.258819045
v 0.980785280 0.000000000 0.195090322
v 0.978685344 0.064146426 0.195090322
v 0.972394526 0.128018168 0.195090322
v 0.961939766 0.191341716 0.195090322
v 0.947365832 0.253845910 0.195090322
v 0.928735133 0.315263096 0.195090322
v 0.906127446 0.375330278 0.195090322
v 0.879639583 0.433790237 0.195090322
v 0.849384968 0.490392640 0.195090322
v 0.815493157 0.544895107 0.195090322
v 0.778109278 0.597064249 0.195090322
v 0.737393416 0.646676670 0.195090322
v 0.693519923 0.693519923 0.195090322
v 0.646676670 0.737393416 0.195090322
v 0.597064249 0.778109278 0.195090322
v 0.544895107 0.815493157 0.195090322
v 0.490392640 0.849384968 0.195090322
v 0.433790237 0.879639583 0.195090322
v 0.375330278 0.906127446 0.195090322
v 0.315263096 0.928735133 0.195090322
v 0.253845910 0.947365832 0.195090322
v 0.191341716 0.961939766 0.195090322
v 0.128018168 0.972394526 0.195090322
v 0.064146426 0.978685344 0.195090322
v 0.000000000 0.980785280 0.195090322
v -0.064146426 0.978685344 0.195090322
v -0.128018168 0.972394526 0.195090322
v -0.191341716 0.961939766 0.195090322
v -0.253845910 0.947365832 0.195090322
v -0.315263096 0.928735133 0.195090322
v -0.375330278 0.906127446 0.195090322
v -0.433790237 0.879639583 0.195090322
v -0.490392640 0.849384968 0.195090322
v -0.544895107 0.815493157 0.195090322
v -0.597064249 0.778109278 0.195090322
v -0.646676670 0.737393416 0.195090322
v -0.693519923 0.693519923 0.195090322
v -0.737393416 0.646676670 0.195090322
v -0.778109278 0.597064249 0.195090322
v -0.815493157 0.544895107 0.195090322
v -0.849384968 0.490392640 0.195090322
v -0.879639583 0.433790237 0.195090322
v -0.906127446 0.375330278 0.195090322
v -0.928735133 0.315263096 0.195090322
v -0.947365832 0.253845910 0.195090322
v -0.961939766 0.191341716 0.195090322
v -0.972394526 0.128018168 0.195090322
v -0.978685344 0.064146426 0.195090322
v -0.980785280 0.000000000 0.195090322
v -0.978685344 -0.064146426 0.195090322
v -0.972394526 -0.128018168 0.195090322
v -0.961939766 -0.191341716 0.195090322
v -0.947365832 -0.253845910 0.195090322
v -0.928735133 -0.315263096 0.195090322
v -0.906127446 -0.375330278 0.195090322
v -0.879639583 -0.433790237 0.195090322
v -0.849384968 -0.490392640 0.195090322
v -0.815493157 -0.544895107 0.195090322
v -0.778109278 -0.597064249 0.195090322
v -0.737393416 -0.646676670 0.195090322
v -0.693519923 -0.693519923 0.195090322
v -0.646676670 -0.737393416 0.195090322
v -0.597064249 -0.778109278 0.195090322
v -0.544895107 -0.815493157 0.195090322
v -0.490392640 -0.849384968 0.195090322
v -0.433790237 -0.879639583 0.195090322
v -0.375330278 -0.906127446 0.195090322
v -0.315263096 -0.928735133 0.195090322
v -0.253845910 -0.947365832 0.195090322
v -0.191341716 -0.961939766 0.195090322
v -0.128018168 -0.972394526 0.195090322
v -0.064146426 -0.978685344 0.195090322
v -0.000000000 -0.980785280 0.195090322
v 0.064146426 -0.978685344 0.195090322
v 0.128018168 -0.972394526 0.195090322
v 0.191341716 -0.961939766 0.195090322
v 0.253845910 -0.947365832 0.195090322
v 0.315263096 -0.928735133 0.195090322
v 0.375330278 -0.906127446 0.195090322
v 0.433790237 -0.879639583 0.195090322
v 0.490392640 -0.849384968 0.195090322
v 0.544895107 -0.815493157 0.195090322
v 0.597064249 -0.778109278 0.195090322
v 0.646676670 -0.737393416 0.195090322
v 0.693519923 -0.693519923 0.195090322
v 0.737393416 -0.646676670 0.195090322
v 0.778109278 -0.597064249 0.195090322
v 0.815493157 -0.544895107 0.195090322
v 0.849384968 -0.490392640 0.195090322
v 0.879639583 -0.433790237 0.195090322
v 0.906127446 -0.375330278 0.195090322
v 0.928735133 -0.315263096 0.195090322
v 0.947365832 -0.253845910 0.195090322
v 0.961939766 -0.191341716 0.195090322
v 0.972394526 -0.128018168 0.195090322
v 0.978685344 -0.064146426 0.195090322
v 0.980785280 -0.000000000 0.195090322
v 0.991444861 0.000000000 0.130526192
v 0.989322102 0.064843596 0.130526192
v 0.982962913 0.129409523 0.130526192
v 0.972394526 0.193421297 0.130526192
v 0.957662197 0.256604812 0.130526192
v 0.938829011 0.318689506 0.130526192
v 0.915975615 0.379409523 0.130526192
v 0.889199871 0.438504849 0.130526192
v 0.858616436 0.495722431 0.130526192
v 0.824356275 0.550817253 0.130526192
v 0.786566092 0.603553391 0.130526192
v 0.745407714 0.653705020 0.130526192
v 0.701057385 0.701057385 0.130526192
v 0.653705020 0.745407714 0.130526192
v 0.603553391 0.786566092 0.130526192
v 0.550817253 0.824356275 0.130526192
v 0.495722431 0.858616436 0.130526192
v 0.438504849 0.889199871 0.130526192
v 0.379409523 0.915975615 0.130526192
v 0.318689506 0.938829011 0.130526192
v 0.256604812 0.957662197 0.130526192
v 0.193421297 0.972394526 0.130526192
v 0.129409523 0.982962913 0.130526192
v 0.064843596 0.989322102 0.130526192
v 0.000000000 0.991444861 0.130526192
v -0.064843596 0.989322102 0.130526192
v -0.129409523 0.982962913 0.130526192
v -0.193421297 0.972394526 0.130526192
v -0.256604812 0.957662197 0.130526192
v -0.318689506 0.938829011 0.130526192
v -0.379409523 0.915975615 0.130526192
v -0.438504849 0.889199871 0.130526192
v -0.495722431 0.858616436 0.130526192
v -0.550817253 0.824356275 0.130526192
v -0.603553391 0.786566092 0.130526192
v -0.653705020 0.745407714 0.130526192
v -0.701057385 0.701057385 0.130526192
v -0.745407714 0.653705020 0.130526192
v -0.786566092 0.603553391 0.130526192
v -0.824356275 0.550817253 0.130526192
v -0.858616436 0.495722431 0.130526192
v -0.889199871 0.438504849 0.130526192
v -0.915975615 0.379409523 0.130526192
v -0.938829011 0.318689506 0.130526192
v -0.957662197 0.256604812 0.130526192
v -0.972394526 0.193421297 0.130526192
v -0.982962913 0.129409523 0.130526192
v -0.989322102 0.064843596 0.130526192
v -0.991444861 0.000000000 0.130526192
v -0.989322102 -0.064843596 0.130526192
v -0.982962913 -0.129409523 0.130526192
v -0.972394526 -0.193421297 0.130526192
v -0.957662197 -0.256604812 0.130526192
v -0.938829011 -0.318689506 0.130526192
v -0.915975615 -0.379409523 0.130526192
v -0.889199871 -0.438504849 0.130526192
v -0.858616436 -0.495722431 0.130526192
v -0.824356275 -0.550817253 0.130526192
v -0.786566092 -0.603553391 0.130526192
v -0.745407714 -0.653705020 0.130526192
v -0.701057385 -0.701057385 0.130526192
v -0.653705020 -0.745407714 0.130526192
v -0.603553391 -0.786566092 0.130526192
v -0.550817253 -0.824356275 0.130526192
v -0.495722431 -0.858616436 0.130526192
v -0.438504849 -0.889199871 0.130526192
v -0.379409523 -0.915975615 0.130526192
v -0.318689506 -0.938829011 0.130526192
v -0.256604812 -0.957662197 0.130526192
v -0.193421297 -0.972394526 0.130526192
v -0.129409523 -0.982962913 0.130526192
v -0.064843596 -0.989322102 0.130526192
v -0.000000000 -0.991444861 0.130526192
v 0.064843596 -0.989322102 0.130526192
v 0.129409523 -0.982962913 0.130526192
v 0.193421297 -0.972394526 0.130526192
v 0.256604812 -0.957662197 0.130526192
v 0.318689506 -0.938829011 0.130526192
v 0.379409523 -0.915975615 0.130526192
v 0.438504849 -0.889199871 0.130526192
v 0.495722431 -0.858616436 0.130526192
v 0.550817253 -0.824356275 0.130526192
v 0.603553391 -0.786566092 0.130526192
v 0.653705020 -0.745407714 0.130526192
v 0.701057385 -0.701057385 0.130526192
v 0.745407714 -0.653705020 0.130526192
v 0.786566092 -0.603553391 0.130526192
v 0.824356275 -0.550817253 0.130526192
v 0.858616436 -0.495722431 0.130526192
v 0.889199871 -0.438504849 0.130526192
v 0.915975615 -0.379409523 0.130526192
v 0.938829011 -0.318689506 0.130526192
v 0.957662197 -0.256604812 0.130526192
v 0.972394526 -0.193421297 0.130526192
v 0.982962913 -0.129409523 0.130526192
v 0.989322102 -0.064843596 0.130526192
v 0.991444861 -0.000000000 0.130526192
v 0.997858923 0.000000000 0.065403129
v 0.995722431 0.065263096 0.065403129
v 0.989322102 0.130246726 0.065403129
v 0.978685344 0.194672619 0.065403129
v 0.963857705 0.258264894 0.065403129
v 0.944902679 0.320751239 0.065403129
v 0.921901436 0.381864078 0.065403129
v 0.894952468 0.441341716 0.065403129
v 0.864171177 0.498929462 0.065403129
v 0.829689372 0.554380715 0.065403129
v 0.791654710 0.607458024 0.065403129
v 0.750230061 0.657934105 0.065403129
v 0.705592811 0.705592811 0.065403129
v 0.657934105 0.750230061 0.065403129
v 0.607458024 0.791654710 0.065403129
v 0.554380715 0.829689372 0.065403129
v 0.498929462 0.864171177 0.065403129
v 0.441341716 0.894952468 0.065403129
v 0.381864078 0.921901436 0.065403129
v 0.320751239 0.944902679 0.065403129
v 0.258264894 0.963857705 0.065403129
v 0.194672619 0.978685344 0.065403129
v 0.130246726 0.989322102 0.065403129
v 0.065263096 0.995722431 0.065403129
v 0.000000000 0.997858923 0.065403129
v -0.065263096 0.995722431 0.065403129
v -0.130246726 0.989322102 0.065403129
v -0.194672619 0.978685344 0.065403129
v -0.258264894 0.963857705 0.065403129
v -0.320751239 0.944902679 0.065403129
v -0.381864078 0.921901436 0.065403129
v -0.441341716 0.894952468 0.065403129
v -0.498929462 0.864171177 0.065403129
v -0.554380715 0.829689372 0.065403129
v -0.607458024 0.791654710 0.065403129
v -0.657934105 0.750230061 0.065403129
v -0.705592811 0.705592811 0.065403129
v -0.750230061 0.657934105 0.065403129
v -0.791654710 0.607458024 0.065403129
v -0.829689372 0.554380715 0.065403129
v -0.864171177 0.498929462 0.065403129
v -0.894952468 0.441341716 0.065403129
v -0.921901436 0.381864078 0.065403129
v -0.944902679 0.320751239 0.065403129
v -0.963857705 0.258264894 0.065403129
v -0.978685344 0.194672619 0.065403129
v -0.989322102 0.130246726 0.065403129
v -0.995722431 0.065263096 0.065403129
v -0.997858923 0.000000000 0.065403129
v -0.995722431 -0.065263096 0.065403129
v -0.989322102 -0.130246726 0.065403129
v -0.978685344 -0.194672619 0.065403129
v -0.963857705 -0.258264894 0.065403129
v -0.944902679 -0.320751239 0.065403129
v -0.921901436 -0.381864078 0.065403129
v -0.894952468 -0.441341716 0.065403129
v -0.864171177 -0.498929462 0.065403129
v -0.829689372 -0.554380715 0.065403129
v -0.791654710 -0.607458024 0.065403129
v -0.750230061 -0.657934105 0.065403129
v -0.705592811 -0.705592811 0.065403129
v -0.657934105 -0.750230061 0.065403129
v -0.607458024 -0.791654710 0.065403129
v -0.554380715 -0.829689372 0.065403129
v -0.498929462 -0.864171177 0.065403129
v -0.441341716 -0.894952468 0.065403129
v -0.381864078 -0.921901436 0.065403129
v -0.320751239 -0.944902679 0.065403129
v -0.258264894 -0.963857705 0.065403129
v -0.194672619 -0.978685344 0.065403129
v -0.130246726 -0.989322102 0.065403129
v -0.065263096 -0.995722431 0.065403129
v -0.000000000 -0.997858923 0.065403129
v 0.065263096 -0.995722431 0.065403129
v 0.130246726 -0.989322102 0.065403129
v 0.194672619 -0.978685344 0.065403129
v 0.258264894 -0.963857705 0.065403129
v 0.320751239 -0.944902679 0.065403129
v 0.381864078 -0.921901436 0.065403129
v 0.441341716 -0.894952468 0.065403129
v 0.498929462 -0.864171177 0.065403129
v 0.554380715 -0.829689372 0.065403129
v 0.607458024 -0.791654710 0.065403129
v 0.657934105 -0.750230061 0.065403129
v 0.705592811 -0.705592811 0.065403129
v 0.750230061 -0.657934105 0.065403129
v 0.791654710 -0.607458024 0.065403129
v 0.829689372 -0.554380715 0.065403129
v 0.864171177 -0.498929462 0.065403129
v 0.894952468 -0.441341716 0.065403129
v 0.921901436 -0.381864078 0.065403129
v 0.944902679 -0.320751239 0.065403129
v 0.963857705 -0.258264894 0.065403129
v 0.978685344 -0.194672619 0.065403129
v 0.989322102 -0.130246726 0.065403129
v 0.995722431 -0.065263096 0.065403129
v 0.997858923 -0.000000000 0.065403129
v 1.000000000 0.000000000 0.000000000
v 0.997858923 0.065403129 0.000000000
v 0.991444861 0.130526192 0.000000000
v 0.980785280 0.195090322 0.000000000
v 0.965925826 0.258819045 0.000000000
v 0.946930129 0.321439465 0.000000000
v 0.923879533 0.382683432 0.000000000
v 0.896872742 0.442288690 0.000000000
v 0.866025404 0.500000000 0.000000000
v 0.831469612 0.555570233 0.000000000
v 0.793353340 0.608761429 0.000000000
v 0.751839807 0.659345815 0.000000000
v 0.707106781 0.707106781 0.000000000
v 0.659345815 0.751839807 0.000000000
v 0.608761429 0.793353340 0.000000000
v 0.555570233 0.831469612 0.000000000
v 0.500000000 0.866025404 0.000000000
v 0.442288690 0.896872742 0.000000000
v 0.382683432 0.923879533 0.000000000
v 0.321439465 0.946930129 0.000000000
v 0.258819045 0.965925826 0.000000000
v 0.195090322 0.980785280 0.000000000
v 0.130526192 0.991444861 0.000000000
v 0.065403129 0.997858923 0.000000000
v 0.000000000 1.000000000 0.000000000
v -0.065403129 0.997858923 0.000000000
v -0.130526192 0.991444861 0.000000000
v -0.195090322 0.980785280 0.000000000
v -0.258819045 0.965925826 0.000000000
v -0.321439465 0.946930129 0.000000000
v -0.382683432 0.923879533 0.000000000
v -0.442288690 0.896872742 0.000000000
v -0.500000000 0.866025404 0.000000000
v -0.555570233 0.831469612 0.000000000
v -0.608761429 0.793353340 0.000000000
v -0.659345815 0.751839807 0.000000000
v -0.707106781 0.707106781 0.000000000
v -0.751839807 0.659345815 0.000000000
v -0.793353340 0.608761429 0.000000000
v -0.831469612 0.555570233 0.000000000
v -0.866025404 0.500000000 0.000000000
v -0.896872742 0.442288690 0.000000000
v -0.923879533 0.382683432 0.000000000
v -0.946930129 0.321439465 0.000000000
v -0.965925826 0.258819045 0.000000000
v -0.980785280 0.195090322 0.000000000
v -0.991444861 0.130526192 0.000000000
v -0.997858923 0.065403129 0.000000000
v -1.000000000 0.000000000 0.000000000
v -0.997858923 -0.065403129 0.000000000
v -0.991444861 -0.130526192 0.000000000
v -0.980785280 -0.195090322 0.000000000
v -0.965925826 -0.258819045 0.000000000
v -0.946930129 -0.321439465 0.000000000
v -0.923879533 -0.382683432 0.000000000
v -0.896872742 -0.442288690 0.000000000
v -0.866025404 -0.500000000 0.000000000
v -0.831469612 -0.555570233 0.000000000
v -0.793353340 -0.608761429 0.000000000
v -0.751839807 -0.659345815 0.000000000
v -0.707106781 -0.707106781 0.000000000
v -0.659345815 -0.751839807 0.000000000
v -0.608761429 -0.793353340 0.000000000
v -0.555570233 -0.831469612 0.000000000
v -0.500000000 -0.866025404 0.000000000
v -0.442288690 -0.896872742 0.000000000
v -0.382683432 -0.923879533 0.000000000
v -0.321439465 -0.946930129 0.000000000
v -0.258819045 -0.965925826 0.000000000
v -0.195090322 -0.980785280 0.000000000
v -0.130526192 -0.991444861 0.000000000
v -0.065403129 -0.997858923 0.000000000
v -0.000000000 -1.000000000 0.000000000
v 0.065403129 -0.997858923 0.000000000
v 0.130526192 -0.991444861 0.000000000
v 0.195090322 -0.980785280 0.000000000
v 0.258819045 -0.965925826 0.000000000
v 0.321439465 -0.946930129 0.000000000
v 0.382683432 -0.923879533 0.000000000
v 0.442288690 -0.896872742 0.000000000
v 0.500000000 -0.866025404 0.000000000
v 0.555570233 -0.831469612 0.000000000
v 0.608761429 -0.793353340 0.000000000
v 0.659345815 -0.751839807 0.000000000
v 0.707106781 -0.707106781 0.000000000
v 0.751839807 -0.659345815 0.000000000
v 0.793353340 -0.608761429 0.000000000
v 0.831469612 -0.555570233 0.000000000
v 0.866025404 -0.500000000 0.000000000
v 0.896872742 -0.442288690 0.000000000
v 0.923879533 -0.382683432 0.000000000
v 0.946930129 -0.321439465 0.000000000
v 0.965925826 -0.258819045 0.000000000
v 0.980785280 -0.195090322 0.000000000
v 0.991444861 -0.130526192 0.000000000
v 0.997858923 -0.065403129 0.000000000
v 1.000000000 -0.000000000 0.000000000
v 0.997858923 0.000000000 -0.065403129
v 0.995722431 0.065263096 -0.065403129
v 0.989322102 0.130246726 -0.065403129
v 0.978685344 0.194672619 -0.065403129
v 0.963857705 0.258264894 -0.065403129
v 0.944902679 0.320751239 -0.065403129
v 0.921901436 0.381864078 -0.065403129
v 0.894952468 0.441341716 -0.065403129
v 0.864171177 0.498929462 -0.065403129
v 0.829689372 0.554380715 -0.065403129
v 0.791654710 0.607458024 -0.065403129
v 0.750230061 0.657934105 -0.065403129
v 0.705592811 0.705592811 -0.065403129
v 0.657934105 0.750230061 -0.065403129
v 0.607458024 0.791654710 -0.065403129
v 0.554380715 0.829689372 -0.065403129
v 0.498929462 0.864171177 -0.065403129
v 0.441341716 0.894952468 -0.065403129
v 0.381864078 0.921901436 -0.065403129
v 0.320751239 0.944902679 -0.065403129
v 0.258264894 0.963857705 -0.065403129
v 0.194672619 0.978685344 -0.065403129
v 0.130246726 0.989322102 -0.065403129
v 0.065263096 0.995722431 -0.065403129
v 0.000000000 0.997858923 -0.065403129
v -0.065263096 0.995722431 -0.065403129
v -0.130246726 0.989322102 -0.065403129
v -0.194672619 0.978685344 -0.065403129
v -0.258264894 0.963857705 -0.065403129
v -0.320751239 0.944902679 -0.065403129
v -0.381864078 0.921901436 -0.065403129
v -0.441341716 0.894952468 -0.065403129
v -0.498929462 0.864171177 -0.065403129
v -0.554380715 0.829689372 -0.065403129
v -0.607458024 0.791654710 -0.065403129
v -0.657934105 0.750230061 -0.065403129
v -0.705592811 0.705592811 -0.065403129
v -0.750230061 0.657934105 -0.065403129
v -0.791654710 0.607458024 -0.065403129
v -0.829689372 0.554380715 -0.065403129
v -0.864171177 0.498929462 -0.065403129
v -0.894952468 0.441341716 -0.065403129
v -0.921901436 0.381864078 -0.065403129
v -0.944902679 0.320751239 -0.065403129
v -0.963857705 0.258264894 -0.065403129
v -0.978685344 0.194672619 -0.065403129
v -0.989322102 0.130246726 -0.065403129
v -0.995722431 0.065263096 -0.065403129
v -0.997858923 0.000000000 -0.065403129
v -0.995722431 -0.065263096 -0.065403129
v -0.989322102 -0.130246726 -0.065403129
v -0.978685344 -0.194672619 -0.065403129
v -0.963857705 -0.258264894 -0.065403129
v -0.944902679 -0.320751239 -0.065403129
v -0.921901436 -0.381864078 -0.065403129
v -0.894952468 -0.441341716 -0.065403129
v -0.864171177 -0.498929462 -0.065403129
v -0.829689372 -0.554380715 -0.065403129
v -0.791654710 -0.607458024 -0.065403129
v -0.750230061 -0.657934105 -0.065403129
v -0.705592811 -0.705592811 -0.065403129
v -0.657934105 -0.750230061 -0.065403129
v -0.607458024 -0.791654710 -0.065403129
v -0.554380715 -0.829689372 -0.065403129
v -0.498929462 -0.864171177 -0.065403129
v -0.441341716 -0.894952468 -0.065403129
v -0.381864078 -0.921901436 -0.065403129
v -0.320751239 -0.944902679 -0.065403129
v -0.258264894 -0.963857705 -0.065403129
v -0.194672619 -0.978685344 -0.065403129
v -0.130246726 -0.989322102 -0.065403129
v -0.065263096 -0.995722431 -0.065403129
v -0.000000000 -0.997858923 -0.065403129
v 0.065263096 -0.995722431 -0.065403129
v 0.130246726 -0.989322102 -0.065403129
v 0.194672619 -0.978685344 -0.065403129
v 0.258264894 -0.963857705 -0.065403129
v 0.320751239 -0.944902679 -0.065403129
v 0.381864078 -0.921901436 -0.065403129
v 0.441341716 -0.894952468 -0.065403129
v 0.498929462 -0.864171177 -0.065403129
v 0.554380715 -0.829689372 -0.065403129
v 0.607458024 -0.791654710 -0.065403129
v 0.657934105 -0.750230061 -0.065403129
v 0.705592811 -0.705592811 -0.065403129
v 0.750230061 -0.657934105 -0.065403129
v 0.791654710 -0.607458024 -0.065403129
v 0.829689372 -0.554380715 -0.065403129
v 0.864171177 -0.498929462 -0.065403129
v 0.894952468 -0.441341716 -0.065403129
v 0.921901436 -0.381864078 -0.065403129
v 0.944902679 -0.320751239 -0.065403129
v 0.963857705 -0.258264894 -0.065403129
v 0.978685344 -0.194672619 -0.065403129
v 0.989322102 -0.130246726 -0.065403129
v 0.995722431 -0.065263096 -0.065403129
v 0.997858923 -0.000000000 -0.065403129
v 0.991444861 0.000000000 -0.130526192
v 0.989322102 0.064843596 -0.130526192
v 0.982962913 0.129409523 -0.130526192
v 0.972394526 0.193421297 -0.130526192
v 0.957662197 0.256604812 -0.130526192
v 0.938829011 0.318689506 -0.130526192
v 0.915975615 0.379409523 -0.130526192
v 0.889199871 0.438504849 -0.130526192
v 0.858616436 0.495722431 -0.130526192
v 0.824356275 0.550817253 -0.130526192
v 0.786566092 0.603553391 -0.130526192
v 0.745407714 0.653705020 -0.130526192
v 0.701057385 0.701057385 -0.130526192
v 0.653705020 0.745407714 -0.130526192
v 0.603553391 0.786566092 -0.130526192
v 0.550817253 0.824356275 -0.130526192
v 0.495722431 0.858616436 -0.130526192
v 0.438504849 0.889199871 -0.130526192
v 0.379409523 0.915975615 -0.130526192
v 0.318689506 0.938829011 -0.130526192
v 0.256604812 0.957662197 -0.130526192
v 0.193421297 0.972394526 -0.130526192
v 0.129409523 0.982962913 -0.130526192
v 0.064843596 0.989322102 -0.130526192
v 0.000000000 0.991444861 -0.130526192
v -0.064843596 0.989322102 -0.130526192
v -0.129409523 0.982962913 -0.130526192
v -0.193421297 0.972394526 -0.130526192
v -0.256604812 0.957662197 -0.130526192
v -0.318689506 0.938829011 -0.130526192
v -0.379409523 0.915975615 -0.130526192
v -0.438504849 0.889199871 -0.130526192
v -0.495722431 0.858616436 -0.130526192
v -0.550817253 0.824356275 -0.130526192
v -0.603553391 0.786566092 -0.130526192
v -0.653705020 0.745407714 -0.130526192
v -0.701057385 0.701057385 -0.130526192
v -0.745407714 0.653705020 -0.130526192
v -0.786566092 0.603553391 -0.130526192
v -0.824356275 0.550817253 -0.130526192
v -0.858616436 0.495722431 -0.130526192
v -0.889199871 0.438504849 -0.130526192
v -0.915975615 0.379409523 -0.130526192
v -0.938829011 0.318689506 -0.130526192
v -0.957662197 0.256604812 -0.130526192
v -0.972394526 0.193421297 -0.130526192
v -0.982962913 0.129409523 -0.130526192
v -0.989322102 0.064843596 -0.130526192
v -0.991444861 0.000000000 -0.130526192
v -0.989322102 -0.064843596 -0.130526192
v -0.982962913 -0.129409523 -0.130526192
v -0.972394526 -0.193421297 -0.130526192
v -0.957662197 -0.256604812 -0.130526192
v -0.938829011 -0.318689506 -0.130526192
v -0.915975615 -0.379409523 -0.130526192
v -0.889199871 -0.438504849 -0.130526192
v -0.858616436 -0.495722431 -0.130526192
v -0.824356275 -0.550817253 -0.130526192
v -0.786566092 -0.603553391 -0.130526192
v -0.745407714 -0.653705020 -0.130526192
v -0.701057385 -0.701057385 -0.130526192
v -0.653705020 -0.745407714 -0.130526192
v -0.603553391 -0.786566092 -0.130526192
v -0.550817253 -0.824356275 -0.130526192
v -0.495722431 -0.858616436 -0.130526192
v -0.438504849 -0.889199871 -0.130526192
v -0.379409523 -0.915975615 -0.130526192
v -0.318689506 -0.938829011 -0.130526192
v -0.256604812 -0.957662197 -0.130526192
v -0.193421297 -0.972394526 -0.130526192
v -0.129409523 -0.982962913 -0.130526192
v -0.064843596 -0.989322102 -0.130526192
v -0.000000000 -0.991444861 -0.130526192
v 0.064843596 -0.989322102 -0.130526192
v 0.129409523 -0.982962913 -0.130526192
v 0.193421297 -0.972394526 -0.130526192
v 0.256604812 -0.957662197 -0.130526192
v 0.318689506 -0.938829011 -0.130526192
v 0.379409523 -0.915975615 -0.130526192
v 0.438504849 -0.889199871 -0.130526192
v 0.495722431 -0.858616436 -0.130526192
v 0.550817253 -0.824356275 -0.130526192
v 0.603553391 -0.786566092 -0.130526192
v 0.653705020 -0.745407714 -0.130526192
v 0.701057385 -0.701057385 -0.130526192
v 0.745407714 -0.653705020 -0.130526192
v 0.786566092 -0.603553391 -0.130526192
v 0.824356275 -0.550817253 -0.130526192
v 0.858616436 -0.495722431 -0.130526192
v 0.889199871 -0.438504849 -0.130526192
v 0.915975615 -0.379409523 -0.130526192
v 0.938829011 -0.318689506 -0.130526192
v 0.957662197 -0.256604812 -0.130526192
v 0.972394526 -0.193421297 -0.130526192
v 0.982962913 -0.129409523 -0.130526192
v 0.989322102 -0.064843596 -0.130526192
v 0.991444861 -0.000000000 -0.130526192
v 0.980785280 0.000000000 -0.195090322
v 0.978685344 0.064146426 -0.195090322
v 0.972394526 0.128018168 -0.195090322
v 0.961939766 0.191341716 -0.195090322
v 0.947365832 0.253845910 -0.195090322
v 0.928735133 0.315263096 -0.195090322
v 0.906127446 0.375330278 -0.195090322
v 0.879639583 0.433790237 -0.195090322
v 0.849384968 0.490392640 -0.195090322
v 0.815493157 0.544895107 -0.195090322
v 0.778109278 0.597064249 -0.195090322
v 0.737393416 0.646676670 -0.195090322
v 0.693519923 0.693519923 -0.195090322
v 0.646676670 0.737393416 -0.195090322
v 0.597064249 0.778109278 -0.195090322
v 0.544895107 0.815493157 -0.195090322
v 0.490392640 0.849384968 -0.195090322
v 0.433790237 0.879639583 -0.195090322
v 0.375330278 0.906127446 -0.195090322
v 0.315263096 0.928735133 -0.195090322
v 0.253845910 0.947365832 -0.195090322
v 0.191341716 0.961939766 -0.195090322
v 0.128018168 0.972394526 -0.195090322
v 0.064146426 0.978685344 -0.195090322
v 0.000000000 0.980785280 -0.195090322
v -0.064146426 0.978685344 -0.195090322
v -0.128018168 0.972394526 -0.195090322
v -0.191341716 0.961939766 -0.195090322
v -0.253845910 0.947365832 -0.195090322
v -0.315263096 0.928735133 -0.195090322
v -0.375330278 0.906127446 -0.195090322
v -0.433790237 0.879639583 -0.195090322
v -0.490392640 0.849384968 -0.195090322
v -0.544895107 0.815493157 -0.195090322
v -0.597064249 0.778109278 -0.195090322
v -0.646676670 0.737393416 -0.195090322
v -0.693519923 0.693519923 -0.195090322
v -0.737393416 0.646676670 -0.195090322
v -0.778109278 0.597064249 -0.195090322
v -0.815493157 0.544895107 -0.195090322
v -0.849384968 0.490392640 -0.195090322
v -0.879639583 0.433790237 -0.195090322
v -0.906127446 0.375330278 -0.195090322
v -0.928735133 0.315263096 -0.195090322
v -0.947365832 0.253845910 -0.195090322
v -0.961939766 0.191341716 -0.195090322
v -0.972394526 0.128018168 -0.195090322
v -0.978685344 0.064146426 -0.195090322
v -0.980785280 0.000000000 -0.195090322
v -0.978685344 -0.064146426 -0.195090322
v -0.972394526 -0.128018168 -0.195090322
v -0.961939766 -0.191341716 -0.195090322
v -0.947365832 -0.253845910 -0.195090322
v -0.928735133 -0.315263096 -0.195090322
v -0.906127446 -0.375330278 -0.195090322
v -0.879639583 -0.433790237 -0.195090322
v -0.849384968 -0.490392640 -0.195090322
v -0.815493157 -0.544895107 -0.195090322
v -0.778109278 -0.597064249 -0.195090322
v -0.737393416 -0.646676670 -0.195090322
v -0.693519923 -0.693519923 -0.195090322
v -0.646676670 -0.737393416 -0.195090322
v -0.597064249 -0.778109278 -0.195090322
v -0.544895107 -0.815493157 -0.195090322
v -0.490392640 -0.849384968 -0.195090322
v -0.433790237 -0.879639583 -0.195090322
v -0.375330278 -0.906127446 -0.195090322
v -0.315263096 -0.928735133 -0.195090322
v -0.253845910 -0.947365832 -0.195090322
v -0.191341716 -0.961939766 -0.195090322
v -0.128018168 -0.972394526 -0.195090322
v -0.064146426 -0.978685344 -0.195090322
v -0.000000000 -0.980785280 -0.195090322
v 0.064146426 -0.978685344 -0.195090322
v 0.128018168 -0.972394526 -0.195090322
v 0.191341716 -0.961939766 -0.195090322
v 0.253845910 -0.947365832 -0.195090322
v 0.315263096 -0.928735133 -0.195090322
v 0.375330278 -0.906127446 -0.195090322
v 0.433790237 -0.879639583 -0.195090322
v 0.490392640 -0.849384968 -0.195090322
v 0.544895107 -0.815493157 -0.195090322
v 0.597064249 -0.778109278 -0.195090322
v 0.646676670 -0.737393416 -0.195090322
v 0.693519923 -0.693519923 -0.195090322
v 0.737393416 -0.646676670 -0.195090322
v 0.778109278 -0.597064249 -0.195090322
v 0.815493157 -0.544895107 -0.195090322
v 0.849384968 -0.490392640 -0.195090322
v 0.879639583 -0.433790237 -0.195090322
v 0.906127446 -0.375330278 -0.195090322
v 0.928735133 -0.315263096 -0.195090322
v 0.947365832 -0.253845910 -0.195090322
v 0.961939766 -0.191341716 -0.195090322
v 0.972394526 -0.128018168 -0.195090322
v 0.978685344 -0.064146426 -0.195090322
v 0.980785280 -0.000000000 -0.195090322
v 0.965925826 0.000000000 -0.258819045
v 0.963857705 0.063174572 -0.258819045
v 0.957662197 0.126078620 -0.258819045
v 0.947365832 0.188442780 -0.258819045
v 0.933012702 0.250000000 -0.258819045
v 0.914664268 0.310486681 -0.258819045
v 0.892399101 0.369643811 -0.258819045
v 0.866312544 0.427218069 -0.258819045
v 0.836516304 0.482962913 -0.258819045
v 0.803137972 0.536639636 -0.258819045
v 0.766320481 0.588018386 -0.258819045
v 0.726221487 0.636879151 -0.258819045
v 0.683012702 0.683012702 -0.258819045
v 0.636879151 0.726221487 -0.258819045
v 0.588018386 0.766320481 -0.258819045
v 0.536639636 0.803137972 -0.258819045
v 0.482962913 0.836516304 -0.258819045
v 0.427218069 0.866312544 -0.258819045
v 0.369643811 0.892399101 -0.258819045
v 0.310486681 0.914664268 -0.258819045
v 0.250000000 0.933012702 -0.258819045
v 0.188442780 0.947365832 -0.258819045
v 0.126078620 0.957662197 -0.258819045
v 0.063174572 0.963857705 -0.258819045
v 0.000000000 0.965925826 -0.258819045
v -0.063174572 0.963857705 -0.258819045
v -0.126078620 0.957662197 -0.258819045
v -0.188442780 0.947365832 -0.258819045
v -0.250000000 0.933012702 -0.258819045
v -0.310486681 0.914664268 -0.258819045
v -0.369643811 0.892399101 -0.258819045
v -0.427218069 0.866312544 -0.258819045
v -0.482962913 0.836516304 -0.258819045
v -0.536639636 0.803137972 -0.258819045
v -0.588018386 0.766320481 -0.258819045
v -0.636879151 0.726221487 -0.258819045
v -0.683012702 0.683012702 -0.258819045
v -0.726221487 0.636879151 -0.258819045
v -0.766320481 0.588018386 -0.258819045
v -0.803137972 0.536639636 -0.258819045
v -0.836516304 0.482962913 -0.258819045
v -0.866312544 0.427218069 -0.258819045
v -0.892399101 0.369643811 -0.258819045
v -0.914664268 0.310486681 -0.258819045
v -0.933012702 0.250000000 -0.258819045
v -0.947365832 0.188442780 -0.258819045
v -0.957662197 0.126078620 -0.258819045
v -0.963857705 0.063174572 -0.258819045
v -0.965925826 0.000000000 -0.258819045
v -0.963857705 -0.063174572 -0.258819045
v -0.957662197 -0.126078620 -0.258819045
v -0.947365832 -0.188442780 -0.258819045
v -0.933012702 -0.250000000 -0.258819045
v -0.914664268 -0.310486681 -0.258819045
v -0.892399101 -0.369643811 -0.258819045
v -0.866312544 -0.427218069 -0.258819045
v -0.836516304 -0.482962913 -0.258819045
v -0.803137972 -0.536639636 -0.258819045
v -0.766320481 -0.588018386 -0.258819045
v -0.726221487 -0.636879151 -0.258819045
v -0.683012702 -0.683012702 -0.258819045
v -0.636879151 -0.726221487 -0.258819045
v -0.588018386 -0.766320481 -0.258819045
v -0.536639636 -0.803137972 -0.258819045
v -0.482962913 -0.836516304 -0.258819045
v -0.427218069 -0.866312544 -0.258819045
v -0.369643811 -0.892399101 -0.258819045
v -0.310486681 -0.914664268 -0.258819045
v -0.250000000 -0.933012702 -0.258819045
v -0.188442780 -0.947365832 -0.258819045
v -0.126078620 -0.957662197 -0.258819045
v -0.063174572 -0.963857705 -0.258819045
v -0.000000000 -0.965925826 -0.258819045
v 0.063174572 -0.963857705 -0.258819045
v 0.126078620 -0.957662197 -0.258819045
v 0.188442780 -0.947365832 -0.258819045
v 0.250000000 -0.933012702 -0.258819045
v 0.310486681 -0.914664268 -0.258819045
v 0.369643811 -0.892399101 -0.258819045
v 0.427218069 -0.866312544 -0.258819045
v 0.482962913 -0.836516304 -0.258819045
v 0.536639636 -0.803137972 -0.258819045
v 0.588018386 -0.766320481 -0.258819045
v 0.636879151 -0.726221487 -0.258819045
v 0.683012702 -0.683012702 -0.258819045
v 0.726221487 -0.636879151 -0.258819045
v 0.766320481 -0.588018386 -0.258819045
v 0.803137972 -0.536639636 -0.258819045
v 0.836516304 -0.482962913 -0.258819045
v 0.866312544 -0.427218069 -0.258819045
v 0.892399101 -0.369643811 -0.258819045
v 0.914664268 -0.310486681 -0.258819045
v 0.933012702 -0.250000000 -0.258819045
v 0.947365832 -0.188442780 -0.258819045
v 0.957662197 -0.126078620 -0.258819045
v 0.963857705 -0.063174572 -0.258819045
v 0.965925826 -0.000000000 -0.258819045
v 0.946930129 0.000000000 -0.321439465
v 0.944902679 0.061932194 -0.321439465
v 0.938829011 0.123599184 -0.321439465
v 0.928735133 0.184736904 -0.321439465
v 0.914664268 0.245083552 -0.321439465
v 0.896676670 0.304380715 -0.321439465
v 0.874849365 0.362374472 -0.321439465
v 0.849275821 0.418816487 -0.321439465
v 0.820065548 0.473465065 -0.321439465
v 0.787343628 0.526086193 -0.321439465
v 0.751250181 0.576454539 -0.321439465
v 0.711939766 0.624354418 -0.321439465
v 0.669580716 0.669580716 -0.321439465
v 0.624354418 0.711939766 -0.321439465
v 0.576454539 0.751250181 -0.321439465
v 0.526086193 0.787343628 -0.321439465
v 0.473465065 0.820065548 -0.321439465
v 0.418816487 0.849275821 -0.321439465
v 0.362374472 0.874849365 -0.321439465
v 0.304380715 0.896676670 -0.321439465
v 0.245083552 0.914664268 -0.321439465
v 0.184736904 0.928735133 -0.321439465
v 0.123599184 0.938829011 -0.321439465
v 0.061932194 0.944902679 -0.321439465
v 0.000000000 0.946930129 -0.321439465
v -0.061932194 0.944902679 -0.321439465
v -0.123599184 0.938829011 -0.321439465
v -0.184736904 0.928735133 -0.321439465
v -0.245083552 0.914664268 -0.321439465
v -0.304380715 0.896676670 -0.321439465
v -0.362374472 0.874849365 -0.321439465
v -0.418816487 0.849275821 -0.321439465
v -0.473465065 0.820065548 -0.321439465
v -0.526086193 0.787343628 -0.321439465
v -0.576454539 0.751250181 -0.321439465
v -0.624354418 0.711939766 -0.321439465
v -0.669580716 0.669580716 -0.321439465
v -0.711939766 0.624354418 -0.321439465
v -0.751250181 0.576454539 -0.321439465
v -0.787343628 0.526086193 -0.321439465
v -0.820065548 0.473465065 -0.321439465
v -0.849275821 0.418816487 -0.321439465
v -0.874849365 0.362374472 -0.321439465
v -0.896676670 0.304380715 -0.321439465
v -0.914664268 0.245083552 -0.321439465
v -0.928735133 0.184736904 -0.321439465
v -0.938829011 0.123599184 -0.321439465
v -0.944902679 0.061932194 -0.321439465
v -0.946930129 0.000000000 -0.321439465
v -0.944902679 -0.061932194 -0.321439465
v -0.938829011 -0.123599184 -0.321439465
v -0.928735133 -0.184736904 -0.321439465
v -0.914664268 -0.245083552 -0.321439465
v -0.896676670 -0.304380715 -0.321439465
v -0.874849365 -0.362374472 -0.321439465
v -0.849275821 -0.418816487 -0.321439465
v -0.820065548 -0.473465065 -0.321439465
v -0.787343628 -0.526086193 -0.321439465
v -0.751250181 -0.576454539 -0.321439465
v -0.711939766 -0.624354418 -0.321439465
v -0.669580716 -0.669580716 -0.321439465
v -0.624354418 -0.711939766 -0.321439465
v -0.576454539 -0.751250181 -0.321439465
v -0.526086193 -0.787343628 -0.321439465
v -0.473465065 -0.820065548 -0.321439465
v -0.418816487 -0.849275821 -0.321439465
v -0.362374472 -0.874849365 -0.321439465
v -0.304380715 -0.896676670 -0.321439465
v -0.245083552 -0.914664268 -0.321439465
v -0.184736904 -0.928735133 -0.321439465
v -0.123599184 -0.938829011 -0.321439465
v -0.061932194 -0.944902679 -0.321439465
v -0.000000000 -0.946930129 -0.321439465
v 0.061932194 -0.944902679 -0.321439465
v 0.123599184 -0.938829011 -0.321439465
v 0.184736904 -0.928735133 -0.321439465
v 0.245083552 -0.914664268 -0.321439465
v 0.304380715 -0.896676670 -0.321439465
v 0.362374472 -0.874849365 -0.321439465
v 0.418816487 -0.849275821 -0.321439465
v 0.473465065 -0.820065548 -0.321439465
v 0.526086193 -0.787343628 -0.321439465
v 0.576454539 -0.751250181 -0.321439465
v 0.624354418 -0.711939766 -0.321439465
v 0.669580716 -0.669580716 -0.321439465
v 0.711939766 -0.624354418 -0.321439465
v 0.751250181 -0.576454539 -0.321439465
v 0.787343628 -0.526086193 -0.321439465
v 0.820065548 -0.473465065 -0.321439465
v 0.849275821 -0.418816487 -0.321439465
v 0.874849365 -0.362374472 -0.321439465
v 0.896676670 -0.304380715 -0.321439465
v 0.914664268 -0.245083552 -0.321439465
v 0.928735133 -0.184736904 -0.321439465
v 0.938829011 -0.123599184 -0.321439465
v 0.944902679 -0.061932194 -0.321439465
v 0.946930129 -0.000000000 -0.321439465
v 0.923879533 0.000000000 -0.382683432
v 0.921901436 0.060424612 -0.382683432
v 0.915975615 0.120590477 -0.382683432
v 0.906127446 0.180239956 -0.382683432
v 0.892399101 0.239117618 -0.382683432
v 0.874849365 0.296971343 -0.382683432
v 0.853553391 0.353553391 -0.382683432
v 0.828602369 0.408621468 -0.382683432
v 0.800103145 0.461939766 -0.382683432
v 0.768177757 0.513279967 -0.382683432
v 0.732962913 0.562422224 -0.382683432
v 0.694609410 0.609156103 -0.382683432
v 0.653281482 0.653281482 -0.382683432
v 0.609156103 0.694609410 -0.382683432
v 0.562422224 0.732962913 -0.382683432
v 0.513279967 0.768177757 -0.382683432
v 0.461939766 0.800103145 -0.382683432
v 0.408621468 0.828602369 -0.382683432
v 0.353553391 0.853553391 -0.382683432
v 0.296971343 0.874849365 -0.382683432
v 0.239117618 0.892399101 -0.382683432
v 0.180239956 0.906127446 -0.382683432
v 0.120590477 0.915975615 -0.382683432
v 0.060424612 0.921901436 -0.382683432
v 0.000000000 0.923879533 -0.382683432
v -0.060424612 0.921901436 -0.382683432
v -0.120590477 0.915975615 -0.382683432
v -0.180239956 0.906127446 -0.382683432
v -0.239117618 0.892399101 -0.382683432
v -0.296971343 0.874849365 -0.382683432
v -0.353553391 0.853553391 -0.382683432
v -0.408621468 0.828602369 -0.382683432
v -0.461939766 0.800103145 -0.382683432
v -0.513279967 0.768177757 -0.382683432
v -0.562422224 0.732962913 -0.382683432
v -0.609156103 0.694609410 -0.382683432
v -0.653281482 0.653281482 -0.382683432
v -0.694609410 0.609156103 -0.382683432
v -0.732962913 0.562422224 -0.382683432
v -0.768177757 0.513279967 -0.382683432
v -0.800103145 0.461939766 -0.382683432
v -0.828602369 0.408621468 -0.382683432
v -0.853553391 0.353553391 -0.382683432
v -0.874849365 0.296971343 -0.382683432
v -0.892399101 0.239117618 -0.382683432
v -0.906127446 0.180239956 -0.382683432
v -0.915975615 0.120590477 -0.382683432
v -0.921901436 0.060424612 -0.382683432
v -0.923879533 0.000000000 -0.382683432
v -0.921901436 -0.060424612 -0.382683432
v -0.915975615 -0.120590477 -0.382683432
v -0.906127446 -0.180239956 -0.382683432
v -0.892399101 -0.239117618 -0.382683432
v -0.874849365 -0.296971343 -0.382683432
v -0.853553391 -0.353553391 -0.382683432
v -0.828602369 -0.408621468 -0.382683432
v -0.800103145 -0.461939766 -0.382683432
v -0.768177757 -0.513279967 -0.382683432
v -0.732962913 -0.562422224 -0.382683432
v -0.694609410 -0.609156103 -0.382683432
v -0.653281482 -0.653281482 -0.382683432
v -0.609156103 -0.694609410 -0.382683432
v -0.562422224 -0.732962913 -0.382683432
v -0.513279967 -0.768177757 -0.382683432
v -0.461939766 -0.800103145 -0.382683432
v -0.408621468 -0.828602369 -0.382683432
v -0.353553391 -0.853553391 -0.382683432
v -0.296971343 -0.874849365 -0.382683432
v -0.239117618 -0.892399101 -0.382683432
v -0.180239956 -0.906127446 -0.382683432
v -0.120590477 -0.915975615 -0.382683432
v -0.060424612 -0.921901436 -0.382683432
v -0.000000000 -0.923879533 -0.382683432
v 0.060424612 -0.921901436 -0.382683432
v 0.120590477 -0.915975615 -0.382683432
v 0.180239956 -0.906127446 -0.382683432
v 0.239117618 -0.892399101 -0.382683432
v 0.296971343 -0.874849365 -0.382683432
v 0.353553391 -0.853553391 -0.382683432
v 0.408621468 -0.828602369 -0.382683432
v 0.461939766 -0.800103145 -0.382683432
v 0.513279967 -0.768177757 -0.382683432
v 0.562422224 -0.732962913 -0.382683432
v 0.609156103 -0.694609410 -0.382683432
v 0.653281482 -0.653281482 -0.382683432
v 0.694609410 -0.609156103 -0.382683432
v 0.732962913 -0.562422224 -0.382683432
v 0.768177757 -0.513279967 -0.382683432
v 0.800103145 -0.461939766 -0.382683432
v 0.828602369 -0.408621468 -0.382683432
v 0.853553391 -0.353553391 -0.382683432
v 0.874849365 -0.296971343 -0.382683432
v 0.892399101 -0.239117618 -0.382683432
v 0.906127446 -0.180239956 -0.382683432
v 0.915975615 -0.120590477 -0.382683432
v 0.921901436 -0.060424612 -0.382683432
v 0.923879533 -0.000000000 -0.382683432
v 0.896872742 0.000000000 -0.442288690
v 0.894952468 0.058658284 -0.442288690
v 0.889199871 0.117065384 -0.442288690
v 0.879639583 0.174971192 -0.442288690
v 0.866312544 0.232127747 -0.442288690
v 0.849275821 0.288290294 -0.442288690
v 0.828602369 0.343218339 -0.442288690
v 0.804380715 0.396676670 -0.442288690
v 0.776714578 0.448436371 -0.442288690
v 0.745722431 0.498275798 -0.442288690
v 0.711536985 0.545981532 -0.442288690
v 0.674304629 0.591349289 -0.442288690
v 0.634184797 0.634184797 -0.442288690
v 0.591349289 0.674304629 -0.442288690
v 0.545981532 0.711536985 -0.442288690
v 0.498275798 0.745722431 -0.442288690
v 0.448436371 0.776714578 -0.442288690
v 0.396676670 0.804380715 -0.442288690
v 0.343218339 0.828602369 -0.442288690
v 0.288290294 0.849275821 -0.442288690
v 0.232127747 0.866312544 -0.442288690
v 0.174971192 0.879639583 -0.442288690
v 0.117065384 0.889199871 -0.442288690
v 0.058658284 0.894952468 -0.442288690
v 0.000000000 0.896872742 -0.442288690
v -0.058658284 0.894952468 -0.442288690
v -0.117065384 0.889199871 -0.442288690
v -0.174971192 0.879639583 -0.442288690
v -0.232127747 0.866312544 -0.442288690
v -0.288290294 0.849275821 -0.442288690
v -0.343218339 0.828602369 -0.442288690
v -0.396676670 0.804380715 -0.442288690
v -0.448436371 0.776714578 -0.442288690
v -0.498275798 0.745722431 -0.442288690
v -0.545981532 0.711536985 -0.442288690
v -0.591349289 0.674304629 -0.442288690
v -0.634184797 0.634184797 -0.442288690
v -0.674304629 0.591349289 -0.442288690
v -0.711536985 0.545981532 -0.442288690
v -0.745722431 0.498275798 -0.442288690
v -0.776714578 0.448436371 -0.442288690
v -0.804380715 0.396676670 -0.442288690
v -0.828602369 0.343218339 -0.442288690
v -0.849275821 0.288290294 -0.442288690
v -0.866312544 0.232127747 -0.442288690
v -0.879639583 0.174971192 -0.442288690
v -0.889199871 0.117065384 -0.442288690
v -0.894952468 0.058658284 -0.442288690
v -0.896872742 0.000000000 -0.442288690
v -0.894952468 -0.058658284 -0.442288690
v -0.889199871 -0.117065384 -0.442288690
v -0.879639583 -0.174971192 -0.442288690
v -0.866312544 -0.232127747 -0.442288690
v -0.849275821 -0.288290294 -0.442288690
v -0.828602369 -0.343218339 -0.442288690
v -0.804380715 -0.396676670 -0.442288690
v -0.776714578 -0.448436371 -0.442288690
v -0.745722431 -0.498275798 -0.442288690
v -0.711536985 -0.545981532 -0.442288690
v -0.674304629 -0.591349289 -0.442288690
v -0.634184797 -0.634184797 -0.442288690
v -0.591349289 -0.674304629 -0.442288690
v -0.545981532 -0.711536985 -0.442288690
v -0.498275798 -0.745722431 -0.442288690
v -0.448436371 -0.776714578 -0.442288690
v -0.396676670 -0.804380715 -0.442288690
v -0.343218339 -0.828602369 -0.442288690
v -0.288290294 -0.849275821 -0.442288690
v -0.232127747 -0.866312544 -0.442288690
v -0.174971192 -0.879639583 -0.442288690
v -0.117065384 -0.889199871 -0.442288690
v -0.058658284 -0.894952468 -0.442288690
v -0.000000000 -0.896872742 -0.442288690
v 0.058658284 -0.894952468 -0.442288690
v 0.117065384 -0.889199871 -0.442288690
v 0.174971192 -0.879639583 -0.442288690
v 0.232127747 -0.866312544 -0.442288690
v 0.288290294 -0.849275821 -0.442288690
v 0.343218339 -0.828602369 -0.442288690
v 0.396676670 -0.804380715 -0.442288690
v 0.448436371 -0.776714578 -0.442288690
v 0.498275798 -0.745722431 -0.442288690
v 0.545981532 -0.711536985 -0.442288690
v 0.591349289 -0.674304629 -0.442288690
v 0.634184797 -0.634184797 -0.442288690
v 0.674304629 -0.591349289 -0.442288690
v 0.711536985 -0.545981532 -0.442288690
v 0.745722431 -0.498275798 -0.442288690
v 0.776714578 -0.448436371 -0.442288690
v 0.804380715 -0.396676670 -0.442288690
v 0.828602369 -0.343218339 -0.442288690
v 0.849275821 -0.288290294 -0.442288690
v 0.866312544 -0.232127747 -0.442288690
v 0.879639583 -0.174971192 -0.442288690
v 0.889199871 -0.117065384 -0.442288690
v 0.894952468 -0.058658284 -0.442288690
v 0.896872742 -0.000000000 -0.442288690
v 0.866025404 0.000000000 -0.500000000
v 0.864171177 0.056640771 -0.500000000
v 0.858616436 0.113038998 -0.500000000
v 0.849384968 0.168953175 -0.500000000
v 0.836516304 0.224143868 -0.500000000
v 0.820065548 0.278374743 -0.500000000
v 0.800103145 0.331413574 -0.500000000
v 0.776714578 0.383033242 -0.500000000
v 0.750000000 0.433012702 -0.500000000
v 0.720073807 0.481137935 -0.500000000
v 0.687064147 0.527202862 -0.500000000
v 0.651112373 0.571010226 -0.500000000
v 0.612372436 0.612372436 -0.500000000
v 0.571010226 0.651112373 -0.500000000
v 0.527202862 0.687064147 -0.500000000
v 0.481137935 0.720073807 -0.500000000
v 0.433012702 0.750000000 -0.500000000
v 0.383033242 0.776714578 -0.500000000
v 0.331413574 0.800103145 -0.500000000
v 0.278374743 0.820065548 -0.500000000
v 0.224143868 0.836516304 -0.500000000
v 0.168953175 0.849384968 -0.500000000
v 0.113038998 0.858616436 -0.500000000
v 0.056640771 0.864171177 -0.500000000
v 0.000000000 0.866025404 -0.500000000
v -0.056640771 0.864171177 -0.500000000
v -0.113038998 0.858616436 -0.500000000
v -0.168953175 0.849384968 -0.500000000
v -0.224143868 0.836516304 -0.500000000
v -0.278374743 0.820065548 -0.500000000
v -0.331413574 0.800103145 -0.500000000
v -0.383033242 0.776714578 -0.500000000
v -0.433012702 0.750000000 -0.500000000
v -0.481137935 0.720073807 -0.500000000
v -0.527202862 0.687064147 -0.500000000
v -0.571010226 0.651112373 -0.500000000
v -0.612372436 0.612372436 -0.500000000
v -0.651112373 0.571010226 -0.500000000
v -0.687064147 0.527202862 -0.500000000
v -0.720073807 0.481137935 -0.500000000
v -0.750000000 0.433012702 -0.500000000
v -0.776714578 0.383033242 -0.500000000
v -0.800103145 0.331413574 -0.500000000
v -0.820065548 0.278374743 -0.500000000
v -0.836516304 0.224143868 -0.500000000
v -0.849384968 0.168953175 -0.500000000
v -0.858616436 0.113038998 -0.500000000
v -0.864171177 0.056640771 -0.500000000
v -0.866025404 0.000000000 -0.500000000
v -0.864171177 -0.056640771 -0.500000000
v -0.858616436 -0.113038998 -0.500000000
v -0.849384968 -0.168953175 -0.500000000
v -0.836516304 -0.224143868 -0.500000000
v -0.820065548 -0.278374743 -0.500000000
v -0.800103145 -0.331413574 -0.500000000
v -0.776714578 -0.383033242 -0.500000000
v -0.750000000 -0.433012702 -0.500000000
v -0.720073807 -0.481137935 -0.500000000
v -0.687064147 -0.527202862 -0.500000000
v -0.651112373 -0.571010226 -0.500000000
v -0.612372436 -0.612372436 -0.500000000
v -0.571010226 -0.651112373 -0.500000000
v -0.527202862 -0.687064147 -0.500000000
v -0.481137935 -0.720073807 -0.500000000
v -0.433012702 -0.750000000 -0.500000000
v -0.383033242 -0.776714578 -0.500000000
v -0.331413574 -0.800103145 -0.500000000
v -0.278374743 -0.820065548 -0.500000000
v -0.224143868 -0.836516304 -0.500000000
v -0.168953175 -0.849384968 -0.500000000
v -0.113038998 -0.858616436 -0.500000000
v -0.056640771 -0.864171177 -0.500000000
v -0.000000000 -0.866025404 -0.500000000
v 0.056640771 -0.864171177 -0.500000000
v 0.113038998 -0.858616436 -0.500000000
v 0.168953175 -0.849384968 -0.500000000
v 0.224143868 -0.836516304 -0.500000000
v 0.278374743 -0.820065548 -0.500000000
v 0.331413574 -0.800103145 -0.500000000
v 0.383033242 -0.776714578 -0.500000000
v 0.433012702 -0.750000000 -0.500000000
v 0.481137935 -0.720073807 -0.500000000
v 0.527202862 -0.687064147 -0.500000000
v 0.571010226 -0.651112373 -0.500000000
v 0.612372436 -0.612372436 -0.500000000
v 0.651112373 -0.571010226 -0.500000000
v 0.687064147 -0.527202862 -0.500000000
v 0.720073807 -0.481137935 -0.500000000
v 0.750000000 -0.433012702 -0.500000000
v 0.776714578 -0.383033242 -0.500000000
v 0.800103145 -0.331413574 -0.500000000
v 0.820065548 -0.278374743 -0.500000000
v 0.836516304 -0.224143868 -0.500000000
v 0.849384968 -0.168953175 -0.500000000
v 0.858616436 -0.113038998 -0.500000000
v 0.864171177 -0.056640771 -0.500000000
v 0.866025404 -0.000000000 -0.500000000
v 0.831469612 0.000000000 -0.555570233
v 0.829689372 0.054380715 -0.555570233
v 0.824356275 0.108528562 -0.555570233
v 0.815493157 0.162211674 -0.555570233
v 0.803137972 0.215200171 -0.555570233
v 0.787343628 0.267267148 -0.555570233
v 0.768177757 0.318189645 -0.555570233
v 0.745722431 0.367749606 -0.555570233
v 0.720073807 0.415734806 -0.555570233
v 0.691341716 0.461939766 -0.555570233
v 0.659649194 0.506166629 -0.555570233
v 0.625131953 0.548226009 -0.555570233
v 0.587937801 0.587937801 -0.555570233
v 0.548226009 0.625131953 -0.555570233
v 0.506166629 0.659649194 -0.555570233
v 0.461939766 0.691341716 -0.555570233
v 0.415734806 0.720073807 -0.555570233
v 0.367749606 0.745722431 -0.555570233
v 0.318189645 0.768177757 -0.555570233
v 0.267267148 0.787343628 -0.555570233
v 0.215200171 0.803137972 -0.555570233
v 0.162211674 0.815493157 -0.555570233
v 0.108528562 0.824356275 -0.555570233
v 0.054380715 0.829689372 -0.555570233
v 0.000000000 0.831469612 -0.555570233
v -0.054380715 0.829689372 -0.555570233
v -0.108528562 0.824356275 -0.555570233
v -0.162211674 0.815493157 -0.555570233
v -0.215200171 0.803137972 -0.555570233
v -0.267267148 0.787343628 -0.555570233
v -0.318189645 0.768177757 -0.555570233
v -0.367749606 0.745722431 -0.555570233
v -0.415734806 0.720073807 -0.555570233
v -0.461939766 0.691341716 -0.555570233
v -0.506166629 0.659649194 -0.555570233
v -0.548226009 0.625131953 -0.555570233
v -0.587937801 0.587937801 -0.555570233
v -0.625131953 0.548226009 -0.555570233
v -0.659649194 0.506166629 -0.555570233
v -0.691341716 0.461939766 -0.555570233
v -0.720073807 0.415734806 -0.555570233
v -0.745722431 0.367749606 -0.555570233
v -0.768177757 0.318189645 -0.555570233
v -0.787343628 0.267267148 -0.555570233
v -0.803137972 0.215200171 -0.555570233
v -0.815493157 0.162211674 -0.555570233
v -0.824356275 0.108528562 -0.555570233
v -0.829689372 0.054380715 -0.555570233
v -0.831469612 0.000000000 -0.555570233
v -0.829689372 -0.054380715 -0.555570233
v -0.824356275 -0.108528562 -0.555570233
v -0.815493157 -0.162211674 -0.555570233
v -0.803137972 -0.215200171 -0.555570233
v -0.787343628 -0.267267148 -0.555570233
v -0.768177757 -0.318189645 -0.555570233
v -0.745722431 -0.367749606 -0.555570233
v -0.720073807 -0.415734806 -0.555570233
v -0.691341716 -0.461939766 -0.555570233
v -0.659649194 -0.506166629 -0.555570233
v -0.625131953 -0.548226009 -0.555570233
v -0.587937801 -0.587937801 -0.555570233
v -0.548226009 -0.625131953 -0.555570233
v -0.506166629 -0.659649194 -0.555570233
v -0.461939766 -0.691341716 -0.555570233
v -0.415734806 -0.720073807 -0.555570233
v -0.367749606 -0.745722431 -0.555570233
v -0.318189645 -0.768177757 -0.555570233
v -0.267267148 -0.787343628 -0.555570233
v -0.215200171 -0.803137972 -0.555570233
v -0.162211674 -0.815493157 -0.555570233
v -0.108528562 -0.824356275 -0.555570233
v -0.054380715 -0.829689372 -0.555570233
v -0.000000000 -0.831469612 -0.555570233
v 0.054380715 -0.829689372 -0.555570233
v 0.108528562 -0.824356275 -0.555570233
v 0.162211674 -0.815493157 -0.555570233
v 0.215200171 -0.803137972 -0.555570233
v 0.267267148 -0.787343628 -0.555570233
v 0.318189645 -0.768177757 -0.555570233
v 0.367749606 -0.745722431 -0.555570233
v 0.415734806 -0.720073807 -0.555570233
v 0.461939766 -0.691341716 -0.555570233
v 0.506166629 -0.659649194 -0.555570233
v 0.548226009 -0.625131953 -0.555570233
v 0.587937801 -0.587937801 -0.555570233
v 0.625131953 -0.548226009 -0.555570233
v 0.659649194 -0.506166629 -0.555570233
v 0.691341716 -0.461939766 -0.555570233
v 0.720073807 -0.415734806 -0.555570233
v 0.745722431 -0.367749606 -0.555570233
v 0.768177757 -0.318189645 -0.555570233
v 0.787343628 -0.267267148 -0.555570233
v 0.803137972 -0.215200171 -0.555570233
v 0.815493157 -0.162211674 -0.555570233
v 0.824356275 -0.108528562 -0.555570233
v 0.829689372 -0.054380715 -0.555570233
v 0.831469612 -0.000000000 -0.555570233
v 0.793353340 0.000000000 -0.608761429
v 0.791654710 0.051887791 -0.608761429
v 0.786566092 0.103553391 -0.608761429
v 0.778109278 0.154775559 -0.608761429
v 0.766320481 0.205334954 -0.608761429
v 0.751250181 0.255015073 -0.608761429
v 0.732962913 0.303603179 -0.608761429
v 0.711536985 0.350891210 -0.608761429
v 0.687064147 0.396676670 -0.608761429
v 0.659649194 0.440763500 -0.608761429
v 0.629409523 0.482962913 -0.608761429
v 0.596474623 0.523094205 -0.608761429
v 0.560985527 0.560985527 -0.608761429
v 0.523094205 0.596474623 -0.608761429
v 0.482962913 0.629409523 -0.608761429
v 0.440763500 0.659649194 -0.608761429
v 0.396676670 0.687064147 -0.608761429
v 0.350891210 0.711536985 -0.608761429
v 0.303603179 0.732962913 -0.608761429
v 0.255015073 0.751250181 -0.608761429
v 0.205334954 0.766320481 -0.608761429
v 0.154775559 0.778109278 -0.608761429
v 0.103553391 0.786566092 -0.608761429
v 0.051887791 0.791654710 -0.608761429
v 0.000000000 0.793353340 -0.608761429
v -0.051887791 0.791654710 -0.608761429
v -0.103553391 0.786566092 -0.608761429
v -0.154775559 0.778109278 -0.608761429
v -0.205334954 0.766320481 -0.608761429
v -0.255015073 0.751250181 -0.608761429
v -0.303603179 0.732962913 -0.608761429
v -0.350891210 0.711536985 -0.608761429
v -0.396676670 0.687064147 -0.608761429
v -0.440763500 0.659649194 -0.608761429
v -0.482962913 0.629409523 -0.608761429
v -0.523094205 0.596474623 -0.608761429
v -0.560985527 0.560985527 -0.608761429
v -0.596474623 0.523094205 -0.608761429
v -0.629409523 0.482962913 -0.608761429
v -0.659649194 0.440763500 -0.608761429
v -0.687064147 0.396676670 -0.608761429
v -0.711536985 0.350891210 -0.608761429
v -0.732962913 0.303603179 -0.608761429
v -0.751250181 0.255015073 -0.608761429
v -0.766320481 0.205334954 -0.608761429
v -0.778109278 0.154775559 -0.608761429
v -0.786566092 0.103553391 -0.608761429
v -0.791654710 0.051887791 -0.608761429
v -0.793353340 0.000000000 -0.608761429
v -0.791654710 -0.051887791 -0.608761429
v -0.786566092 -0.103553391 -0.608761429
v -0.778109278 -0.154775559 -0.608761429
v -0.766320481 -0.205334954 -0.608761429
v -0.751250181 -0.255015073 -0.608761429
v -0.732962913 -0.303603179 -0.608761429
v -0.711536985 -0.350891210 -0.608761429
v -0.687064147 -0.396676670 -0.608761429
v -0.659649194 -0.440763500 -0.608761429
v -0.629409523 -0.482962913 -0.608761429
v -0.596474623 -0.523094205 -0.608761429
v -0.560985527 -0.560985527 -0.608761429
v -0.523094205 -0.596474623 -0.608761429
v -0.482962913 -0.629409523 -0.608761429
v -0.440763500 -0.659649194 -0.608761429
v -0.396676670 -0.687064147 -0.608761429
v -0.350891210 -0.711536985 -0.608761429
v -0.303603179 -0.732962913 -0.608761429
v -0.255015073 -0.751250181 -0.608761429
v -0.205334954 -0.766320481 -0.608761429
v -0.154775559 -0.778109278 -0.608761429
v -0.103553391 -0.786566092 -0.608761429
v -0.051887791 -0.791654710 -0.608761429
v -0.000000000 -0.793353340 -0.608761429
v 0.051887791 -0.791654710 -0.608761429
v 0.103553391 -0.786566092 -0.608761429
v 0.154775559 -0.778109278 -0.608761429
v 0.205334954 -0.766320481 -0.608761429
v 0.255015073 -0.751250181 -0.608761429
v 0.303603179 -0.732962913 -0.608761429
v 0.350891210 -0.711536985 -0.608761429
v 0.396676670 -0.687064147 -0.608761429
v 0.440763500 -0.659649194 -0.608761429
v 0.482962913 -0.629409523 -0.608761429
v 0.523094205 -0.596474623 -0.608761429
v 0.560985527 -0.560985527 -0.608761429
v 0.596474623 -0.523094205 -0.608761429
v 0.629409523 -0.482962913 -0.608761429
v 0.659649194 -0.440763500 -0.608761429
v 0.687064147 -0.396676670 -0.608761429
v 0.711536985 -0.350891210 -0.608761429
v 0.732962913 -0.303603179 -0.608761429
v 0.751250181 -0.255015073 -0.608761429
v 0.766320481 -0.205334954 -0.608761429
v 0.778109278 -0.154775559 -0.608761429
v 0.786566092 -0.103553391 -0.608761429
v 0.791654710 -0.051887791 -0.608761429
v 0.793353340 -0.000000000 -0.608761429
v 0.751839807 0.000000000 -0.659345815
v 0.750230061 0.049172676 -0.659345815
v 0.745407714 0.098134787 -0.659345815
v 0.737393416 0.146676670 -0.659345815
v 0.726221487 0.194590461 -0.659345815
v 0.711939766 0.241670986 -0.659345815
v 0.694609410 0.287716638 -0.659345815
v 0.674304629 0.332530244 -0.659345815
v 0.651112373 0.375919904 -0.659345815
v 0.625131953 0.417699817 -0.659345815
v 0.596474623 0.457691076 -0.659345815
v 0.565263096 0.495722431 -0.659345815
v 0.531631026 0.531631026 -0.659345815
v 0.495722431 0.565263096 -0.659345815
v 0.457691076 0.596474623 -0.659345815
v 0.417699817 0.625131953 -0.659345815
v 0.375919904 0.651112373 -0.659345815
v 0.332530244 0.674304629 -0.659345815
v 0.287716638 0.694609410 -0.659345815
v 0.241670986 0.711939766 -0.659345815
v 0.194590461 0.726221487 -0.659345815
v 0.146676670 0.737393416 -0.659345815
v 0.098134787 0.745407714 -0.659345815
v 0.049172676 0.750230061 -0.659345815
v 0.000000000 0.751839807 -0.659345815
v -0.049172676 0.750230061 -0.659345815
v -0.098134787 0.745407714 -0.659345815
v -0.146676670 0.737393416 -0.659345815
v -0.194590461 0.726221487 -0.659345815
v -0.241670986 0.711939766 -0.659345815
v -0.287716638 0.694609410 -0.659345815
v -0.332530244 0.674304629 -0.659345815
v -0.375919904 0.651112373 -0.659345815
v -0.417699817 0.625131953 -0.659345815
v -0.457691076 0.596474623 -0.659345815
v -0.495722431 0.565263096 -0.659345815
v -0.531631026 0.531631026 -0.659345815
v -0.565263096 0.495722431 -0.659345815
v -0.596474623 0.457691076 -0.659345815
v -0.625131953 0.417699817 -0.659345815
v -0.651112373 0.375919904 -0.659345815
v -0.674304629 0.332530244 -0.659345815
v -0.694609410 0.287716638 -0.659345815
v -0.711939766 0.241670986 -0.659345815
v -0.726221487 0.194590461 -0.659345815
v -0.737393416 0.146676670 -0.659345815
v -0.745407714 0.098134787 -0.659345815
v -0.750230061 0.049172676 -0.659345815
v -0.751839807 0.000000000 -0.659345815
v -0.750230061 -0.049172676 -0.659345815
v -0.745407714 -0.098134787 -0.659345815
v -0.737393416 -0.146676670 -0.659345815
v -0.726221487 -0.194590461 -0.659345815
v -0.711939766 -0.241670986 -0.659345815
v -0.694609410 -0.287716638 -0.659345815
v -0.674304629 -0.332530244 -0.659345815
v -0.651112373 -0.375919904 -0.659345815
v -0.625131953 -0.417699817 -0.659345815
v -0.596474623 -0.457691076 -0.659345815
v -0.565263096 -0.495722431 -0.659345815
v -0.531631026 -0.531631026 -0.659345815
v -0.495722431 -0.565263096 -0.659345815
v -0.457691076 -0.596474623 -0.659345815
v -0.417699817 -0.625131953 -0.659345815
v -0.375919904 -0.651112373 -0.659345815
v -0.332530244 -0.674304629 -0.659345815
v -0.287716638 -0.694609410 -0.659345815
v -0.241670986 -0.711939766 -0.659345815
v -0.194590461 -0.726221487 -0.659345815
v -0.146676670 -0.737393416 -0.659345815
v -0.098134787 -0.745407714 -0.659345815
v -0.049172676 -0.750230061 -0.659345815
v -0.000000000 -0.751839807 -0.659345815
v 0.049172676 -0.750230061 -0.659345815
v 0.098134787 -0.745407714 -0.659345815
v 0.146676670 -0.737393416 -0.659345815
v 0.194590461 -0.726221487 -0.659345815
v 0.241670986 -0.711939766 -0.659345815
v 0.287716638 -0.694609410 -0.659345815
v 0.332530244 -0.674304629 -0.659345815
v 0.375919904 -0.651112373 -0.659345815
v 0.417699817 -0.625131953 -0.659345815
v 0.457691076 -0.596474623 -0.659345815
v 0.495722431 -0.565263096 -0.659345815
v 0.531631026 -0.531631026 -0.659345815
v 0.565263096 -0.495722431 -0.659345815
v 0.596474623 -0.457691076 -0.659345815
v 0.625131953 -0.417699817 -0.659345815
v 0.651112373 -0.375919904 -0.659345815
v 0.674304629 -0.332530244 -0.659345815
v 0.694609410 -0.287716638 -0.659345815
v 0.711939766 -0.241670986 -0.659345815
v 0.726221487 -0.194590461 -0.659345815
v 0.737393416 -0.146676670 -0.659345815
v 0.745407714 -0.098134787 -0.659345815
v 0.750230061 -0.049172676 -0.659345815
v 0.751839807 -0.000000000 -0.659345815
v 0.707106781 0.000000000 -0.707106781
v 0.705592811 0.046246996 -0.707106781
v 0.701057385 0.092295956 -0.707106781
v 0.693519923 0.137949690 -0.707106781
v 0.683012702 0.183012702 -0.707106781
v 0.669580716 0.227292026 -0.707106781
v 0.653281482 0.270598050 -0.707106781
v 0.634184797 0.312745332 -0.707106781
v 0.612372436 0.353553391 -0.707106781
v 0.587937801 0.392847479 -0.707106781
v 0.560985527 0.430459335 -0.707106781
v 0.531631026 0.466227897 -0.707106781
v 0.500000000 0.500000000 -0.707106781
v 0.466227897 0.531631026 -0.707106781
v 0.430459335 0.560985527 -0.707106781
v 0.392847479 0.587937801 -0.707106781
v 0.353553391 0.612372436 -0.707106781
v 0.312745332 0.634184797 -0.707106781
v 0.270598050 0.653281482 -0.707106781
v 0.227292026 0.669580716 -0.707106781
v 0.183012702 0.683012702 -0.707106781
v 0.137949690 0.693519923 -0.707106781
v 0.092295956 0.701057385 -0.707106781
v 0.046246996 0.705592811 -0.707106781
v 0.000000000 0.707106781 -0.707106781
v -0.046246996 0.705592811 -0.707106781
v -0.092295956 0.701057385 -0.707106781
v -0.137949690 0.693519923 -0.707106781
v -0.183012702 0.683012702 -0.707106781
v -0.227292026 0.669580716 -0.707106781
v -0.270598050 0.653281482 -0.707106781
v -0.312745332 0.634184797 -0.707106781
v -0.353553391 0.612372436 -0.707106781
v -0.392847479 0.587937801 -0.707106781
v -0.430459335 0.560985527 -0.707106781
v -0.466227897 0.531631026 -0.707106781
v -0.500000000 0.500000000 -0.707106781
v -0.531631026 0.466227897 -0.707106781
v -0.560985527 0.430459335 -0.707106781
v -0.587937801 0.392847479 -0.707106781
v -0.612372436 0.353553391 -0.707106781
v -0.634184797 0.312745332 -0.707106781
v -0.653281482 0.270598050 -0.707106781
v -0.669580716 0.227292026 -0.707106781
v -0.683012702 0.183012702 -0.707106781
v -0.693519923 0.137949690 -0.707106781
v -0.701057385 0.092295956 -0.707106781
v -0.705592811 0.046246996 -0.707106781
v -0.707106781 0.000000000 -0.707106781
v -0.705592811 -0.046246996 -0.707106781
v -0.701057385 -0.092295956 -0.707106781
v -0.693519923 -0.137949690 -0.707106781
v -0.683012702 -0.183012702 -0.707106781
v -0.669580716 -0.227292026 -0.707106781
v -0.653281482 -0.270598050 -0.707106781
v -0.634184797 -0.312745332 -0.707106781
v -0.612372436 -0.353553391 -0.707106781
v -0.587937801 -0.392847479 -0.707106781
v -0.560985527 -0.430459335 -0.707106781
v -0.531631026 -0.466227897 -0.707106781
v -0.500000000 -0.500000000 -0.707106781
v -0.466227897 -0.531631026 -0.707106781
v -0.430459335 -0.560985527 -0.707106781
v -0.392847479 -0.587937801 -0.707106781
v -0.353553391 -0.612372436 -0.707106781
v -0.312745332 -0.634184797 -0.707106781
v -0.270598050 -0.653281482 -0.707106781
v -0.227292026 -0.669580716 -0.707106781
v -0.183012702 -0.683012702 -0.707106781
v -0.137949690 -0.693519923 -0.707106781
v -0.092295956 -0.701057385 -0.707106781
v -0.046246996 -0.705592811 -0.707106781
v -0.000000000 -0.707106781 -0.707106781
v 0.046246996 -0.705592811 -0.707106781
v 0.092295956 -0.701057385 -0.707106781
v 0.137949690 -0.693519923 -0.707106781
v 0.183012702 -0.683012702 -0.707106781
v 0.227292026 -0.669580716 -0.707106781
v 0.270598050 -0.653281482 -0.707106781
v 0.312745332 -0.634184797 -0.707106781
v 0.353553391 -0.612372436 -0.707106781
v 0.392847479 -0.587937801 -0.707106781
v 0.430459335 -0.560985527 -0.707106781
v 0.466227897 -0.531631026 -0.707106781
v 0.500000000 -0.500000000 -0.707106781
v 0.531631026 -0.466227897 -0.707106781
v 0.560985527 -0.430459335 -0.707106781
v 0.587937801 -0.392847479 -0.707106781
v 0.612372436 -0.353553391 -0.707106781
v 0.634184797 -0.312745332 -0.707106781
v 0.653281482 -0.270598050 -0.707106781
v 0.669580716 -0.227292026 -0.707106781
v 0.683012702 -0.183012702 -0.707106781
v 0.693519923 -0.137949690 -0.707106781
v 0.701057385 -0.092295956 -0.707106781
v 0.705592811 -0.046246996 -0.707106781
v 0.707106781 -0.000000000 -0.707106781
v 0.659345815 0.000000000 -0.751839807
v 0.657934105 0.043123280 -0.751839807
v 0.653705020 0.086061899 -0.751839807
v 0.646676670 0.128631987 -0.751839807
v 0.636879151 0.170651254 -0.751839807
v 0.624354418 0.211939766 -0.751839807
v 0.609156103 0.252320720 -0.751839807
v 0.591349289 0.291621197 -0.751839807
v 0.571010226 0.329672908 -0.751839807
v 0.548226009 0.366312908 -0.751839807
v 0.523094205 0.401384301 -0.751839807
v 0.495722431 0.434736904 -0.751839807
v 0.466227897 0.466227897 -0.751839807
v 0.434736904 0.495722431 -0.751839807
v 0.401384301 0.523094205 -0.751839807
v 0.366312908 0.548226009 -0.751839807
v 0.329672908 0.571010226 -0.751839807
v 0.291621197 0.591349289 -0.751839807
v 0.252320720 0.609156103 -0.751839807
v 0.211939766 0.624354418 -0.751839807
v 0.170651254 0.636879151 -0.751839807
v 0.128631987 0.646676670 -0.751839807
v 0.086061899 0.653705020 -0.751839807
v 0.043123280 0.657934105 -0.751839807
v 0.000000000 0.659345815 -0.751839807
v -0.043123280 0.657934105 -0.751839807
v -0.086061899 0.653705020 -0.751839807
v -0.128631987 0.646676670 -0.751839807
v -0.170651254 0.636879151 -0.751839807
v -0.211939766 0.624354418 -0.751839807
v -0.252320720 0.609156103 -0.751839807
v -0.291621197 0.591349289 -0.751839807
v -0.329672908 0.571010226 -0.751839807
v -0.366312908 0.548226009 -0.751839807
v -0.401384301 0.523094205 -0.751839807
v -0.434736904 0.495722431 -0.751839807
v -0.466227897 0.466227897 -0.751839807
v -0.495722431 0.434736904 -0.751839807
v -0.523094205 0.401384301 -0.751839807
v -0.548226009 0.366312908 -0.751839807
v -0.571010226 0.329672908 -0.751839807
v -0.591349289 0.291621197 -0.751839807
v -0.609156103 0.252320720 -0.751839807
v -0.624354418 0.211939766 -0.751839807
v -0.636879151 0.170651254 -0.751839807
v -0.646676670 0.128631987 -0.751839807
v -0.653705020 0.086061899 -0.751839807
v -0.657934105 0.043123280 -0.751839807
v -0.659345815 0.000000000 -0.751839807
v -0.657934105 -0.043123280 -0.751839807
v -0.653705020 -0.086061899 -0.751839807
v -0.646676670 -0.128631987 -0.751839807
v -0.636879151 -0.170651254 -0.751839807
v -0.624354418 -0.211939766 -0.751839807
v -0.609156103 -0.252320720 -0.751839807
v -0.591349289 -0.291621197 -0.751839807
v -0.571010226 -0.329672908 -0.751839807
v -0.548226009 -0.366312908 -0.751839807
v -0.523094205 -0.401384301 -0.751839807
v -0.495722431 -0.434736904 -0.751839807
v -0.466227897 -0.466227897 -0.751839807
v -0.434736904 -0.495722431 -0.751839807
v -0.401384301 -0.523094205 -0.751839807
v -0.366312908 -0.548226009 -0.751839807
v -0.329672908 -0.571010226 -0.751839807
v -0.291621197 -0.591349289 -0.751839807
v -0.252320720 -0.609156103 -0.751839807
v -0.211939766 -0.624354418 -0.751839807
v -0.170651254 -0.636879151 -0.751839807
v -0.128631987 -0.646676670 -0.751839807
v -0.086061899 -0.653705020 -0.751839807
v -0.043123280 -0.657934105 -0.751839807
v -0.000000000 -0.659345815 -0.751839807
v 0.043123280 -0.657934105 -0.751839807
v 0.086061899 -0.653705020 -0.751839807
v 0.128631987 -0.646676670 -0.751839807
v 0.170651254 -0.636879151 -0.751839807
v 0.211939766 -0.624354418 -0.751839807
v 0.252320720 -0.609156103 -0.751839807
v 0.291621197 -0.591349289 -0.751839807
v 0.329672908 -0.571010226 -0.751839807
v 0.366312908 -0.548226009 -0.751839807
v 0.401384301 -0.523094205 -0.751839807
v 0.434736904 -0.495722431 -0.751839807
v 0.466227897 -0.466227897 -0.751839807
v 0.495722431 -0.434736904 -0.751839807
v 0.523094205 -0.401384301 -0.751839807
v 0.548226009 -0.366312908 -0.751839807
v 0.571010226 -0.329672908 -0.751839807
v 0.591349289 -0.291621197 -0.751839807
v 0.609156103 -0.252320720 -0.751839807
v 0.624354418 -0.211939766 -0.751839807
v 0.636879151 -0.170651254 -0.751839807
v 0.646676670 -0.128631987 -0.751839807
v 0.653705020 -0.086061899 -0.751839807
v 0.657934105 -0.043123280 -0.751839807
v 0.659345815 -0.000000000 -0.751839807
v 0.608761429 0.000000000 -0.793353340
v 0.607458024 0.039814902 -0.793353340
v 0.603553391 0.079459311 -0.793353340
v 0.597064249 0.118763463 -0.793353340
v 0.588018386 0.157559052 -0.793353340
v 0.576454539 0.195679948 -0.793353340
v 0.562422224 0.232962913 -0.793353340
v 0.545981532 0.269248295 -0.793353340
v 0.527202862 0.304380715 -0.793353340
v 0.506166629 0.338209729 -0.793353340
v 0.482962913 0.370590477 -0.793353340
v 0.457691076 0.401384301 -0.793353340
v 0.430459335 0.430459335 -0.793353340
v 0.401384301 0.457691076 -0.793353340
v 0.370590477 0.482962913 -0.793353340
v 0.338209729 0.506166629 -0.793353340
v 0.304380715 0.527202862 -0.793353340
v 0.269248295 0.545981532 -0.793353340
v 0.232962913 0.562422224 -0.793353340
v 0.195679948 0.576454539 -0.793353340
v 0.157559052 0.588018386 -0.793353340
v 0.118763463 0.597064249 -0.793353340
v 0.079459311 0.603553391 -0.793353340
v 0.039814902 0.607458024 -0.793353340
v 0.000000000 0.608761429 -0.793353340
v -0.039814902 0.607458024 -0.793353340
v -0.079459311 0.603553391 -0.793353340
v -0.118763463 0.597064249 -0.793353340
v -0.157559052 0.588018386 -0.793353340
v -0.195679948 0.576454539 -0.793353340
v -0.232962913 0.562422224 -0.793353340
v -0.269248295 0.545981532 -0.793353340
v -0.304380715 0.527202862 -0.793353340
v -0.338209729 0.506166629 -0.793353340
v -0.370590477 0.482962913 -0.793353340
v -0.401384301 0.457691076 -0.793353340
v -0.430459335 0.430459335 -0.793353340
v -0.457691076 0.401384301 -0.793353340
v -0.482962913 0.370590477 -0.793353340
v -0.506166629 0.338209729 -0.793353340
v -0.527202862 0.304380715 -0.793353340
v -0.545981532 0.269248295 -0.793353340
v -0.562422224 0.232962913 -0.793353340
v -0.576454539 0.195679948 -0.793353340
v -0.588018386 0.157559052 -0.793353340
v -0.597064249 0.118763463 -0.793353340
v -0.603553391 0.079459311 -0.793353340
v -0.607458024 0.039814902 -0.793353340
v -0.608761429 0.000000000 -0.793353340
v -0.607458024 -0.039814902 -0.793353340
v -0.603553391 -0.079459311 -0.793353340
v -0.597064249 -0.118763463 -0.793353340
v -0.588018386 -0.157559052 -0.793353340
v -0.576454539 -0.195679948 -0.793353340
v -0.562422224 -0.232962913 -0.793353340
v -0.545981532 -0.269248295 -0.793353340
v -0.527202862 -0.304380715 -0.793353340
v -0.506166629 -0.338209729 -0.793353340
v -0.482962913 -0.370590477 -0.793353340
v -0.457691076 -0.401384301 -0.793353340
v -0.430459335 -0.430459335 -0.793353340
v -0.401384301 -0.457691076 -0.793353340
v -0.370590477 -0.482962913 -0.793353340
v -0.338209729 -0.506166629 -0.793353340
v -0.304380715 -0.527202862 -0.793353340
v -0.269248295 -0.545981532 -0.793353340
v -0.232962913 -0.562422224 -0.793353340
v -0.195679948 -0.576454539 -0.793353340
v -0.157559052 -0.588018386 -0.793353340
v -0.118763463 -0.597064249 -0.793353340
v -0.079459311 -0.603553391 -0.793353340
v -0.039814902 -0.607458024 -0.793353340
v -0.000000000 -0.608761429 -0.793353340
v 0.039814902 -0.607458024 -0.793353340
v 0.079459311 -0.603553391 -0.793353340
v 0.118763463 -0.597064249 -0.793353340
v 0.157559052 -0.588018386 -0.793353340
v 0.195679948 -0.576454539 -0.793353340
v 0.232962913 -0.562422224 -0.793353340
v 0.269248295 -0.545981532 -0.793353340
v 0.304380715 -0.527202862 -0.793353340
v 0.338209729 -0.506166629 -0.793353340
v 0.370590477 -0.482962913 -0.793353340
v 0.401384301 -0.457691076 -0.793353340
v 0.430459335 -0.430459335 -0.793353340
v 0.457691076 -0.401384301 -0.793353340
v 0.482962913 -0.370590477 -0.793353340
v 0.506166629 -0.338209729 -0.793353340
v 0.527202862 -0.304380715 -0.793353340
v 0.545981532 -0.269248295 -0.793353340
v 0.562422224 -0.232962913 -0.793353340
v 0.576454539 -0.195679948 -0.793353340
v 0.588018386 -0.157559052 -0.793353340
v 0.597064249 -0.118763463 -0.793353340
v 0.603553391 -0.079459311 -0.793353340
v 0.607458024 -0.039814902 -0.793353340
v 0.608761429 -0.000000000 -0.793353340
v 0.555570233 0.000000000 -0.831469612
v 0.554380715 0.036336032 -0.831469612
v 0.550817253 0.072516467 -0.831469612
v 0.544895107 0.108386376 -0.831469612
v 0.536639636 0.143792157 -0.831469612
v 0.526086193 0.178582199 -0.831469612
v 0.513279967 0.212607524 -0.831469612
v 0.498275798 0.245722431 -0.831469612
v 0.481137935 0.277785117 -0.831469612
v 0.461939766 0.308658284 -0.831469612
v 0.440763500 0.338209729 -0.831469612
v 0.417699817 0.366312908 -0.831469612
v 0.392847479 0.392847479 -0.831469612
v 0.366312908 0.417699817 -0.831469612
v 0.338209729 0.440763500 -0.831469612
v 0.308658284 0.461939766 -0.831469612
v 0.277785117 0.481137935 -0.831469612
v 0.245722431 0.498275798 -0.831469612
v 0.212607524 0.513279967 -0.831469612
v 0.178582199 0.526086193 -0.831469612
v 0.143792157 0.536639636 -0.831469612
v 0.108386376 0.544895107 -0.831469612
v 0.072516467 0.550817253 -0.831469612
v 0.036336032 0.554380715 -0.831469612
v 0.000000000 0.555570233 -0.831469612
v -0.036336032 0.554380715 -0.831469612
v -0.072516467 0.550817253 -0.831469612
v -0.108386376 0.544895107 -0.831469612
v -0.143792157 0.536639636 -0.831469612
v -0.178582199 0.526086193 -0.831469612
v -0.212607524 0.513279967 -0.831469612
v -0.245722431 0.498275798 -0.831469612
v -0.277785117 0.481137935 -0.831469612
v -0.308658284 0.461939766 -0.831469612
v -0.338209729 0.440763500 -0.831469612
v -0.366312908 0.417699817 -0.831469612
v -0.392847479 0.392847479 -0.831469612
v -0.417699817 0.366312908 -0.831469612
v -0.440763500 0.338209729 -0.831469612
v -0.461939766 0.308658284 -0.831469612
v -0.481137935 0.277785117 -0.831469612
v -0.498275798 0.245722431 -0.831469612
v -0.513279967 0.212607524 -0.831469612
v -0.526086193 0.178582199 -0.831469612
v -0.536639636 0.143792157 -0.831469612
v -0.544895107 0.108386376 -0.831469612
v -0.550817253 0.072516467 -0.831469612
v -0.554380715 0.036336032 -0.831469612
v -0.555570233 0.000000000 -0.831469612
v -0.554380715 -0.036336032 -0.831469612
v -0.550817253 -0.072516467 -0.831469612
v -0.544895107 -0.108386376 -0.831469612
v -0.536639636 -0.143792157 -0.831469612
v -0.526086193 -0.178582199 -0.831469612
v -0.513279967 -0.212607524 -0.831469612
v -0.498275798 -0.245722431 -0.831469612
v -0.481137935 -0.277785117 -0.831469612
v -0.461939766 -0.308658284 -0.831469612
v -0.440763500 -0.338209729 -0.831469612
v -0.417699817 -0.366312908 -0.831469612
v -0.392847479 -0.392847479 -0.831469612
v -0.366312908 -0.417699817 -0.831469612
v -0.338209729 -0.440763500 -0.831469612
v -0.308658284 -0.461939766 -0.831469612
v -0.277785117 -0.481137935 -0.831469612
v -0.245722431 -0.498275798 -0.831469612
v -0.212607524 -0.513279967 -0.831469612
v -0.178582199 -0.526086193 -0.831469612
v -0.143792157 -0.536639636 -0.831469612
v -0.108386376 -0.544895107 -0.831469612
v -0.072516467 -0.550817253 -0.831469612
v -0.036336032 -0.554380715 -0.831469612
v -0.000000000 -0.555570233 -0.831469612
v 0.036336032 -0.554380715 -0.831469612
v 0.072516467 -0.550817253 -0.831469612
v 0.108386376 -0.544895107 -0.831469612
v 0.143792157 -0.536639636 -0.831469612
v 0.178582199 -0.526086193 -0.831469612
v 0.212607524 -0.513279967 -0.831469612
v 0.245722431 -0.498275798 -0.831469612
v 0.277785117 -0.481137935 -0.831469612
v 0.308658284 -0.461939766 -0.831469612
v 0.338209729 -0.440763500 -0.831469612
v 0.366312908 -0.417699817 -0.831469612
v 0.392847479 -0.392847479 -0.831469612
v 0.417699817 -0.366312908 -0.831469612
v 0.440763500 -0.338209729 -0.831469612
v 0.461939766 -0.308658284 -0.831469612
v 0.481137935 -0.277785117 -0.831469612
v 0.498275798 -0.245722431 -0.831469612
v 0.513279967 -0.212607524 -0.831469612
v 0.526086193 -0.178582199 -0.831469612
v 0.536639636 -0.143792157 -0.831469612
v 0.544895107 -0.108386376 -0.831469612
v 0.550817253 -0.072516467 -0.831469612
v 0.554380715 -0.036336032 -0.831469612
v 0.555570233 -0.000000000 -0.831469612
v 0.500000000 0.000000000 -0.866025404
v 0.498929462 0.032701565 -0.866025404
v 0.495722431 0.065263096 -0.866025404
v 0.490392640 0.097545161 -0.866025404
v 0.482962913 0.129409523 -0.866025404
v 0.473465065 0.160719733 -0.866025404
v 0.461939766 0.191341716 -0.866025404
v 0.448436371 0.221144345 -0.866025404
v 0.433012702 0.250000000 -0.866025404
v 0.415734806 0.277785117 -0.866025404
v 0.396676670 0.304380715 -0.866025404
v 0.375919904 0.329672908 -0.866025404
v 0.353553391 0.353553391 -0.866025404
v 0.329672908 0.375919904 -0.866025404
v 0.304380715 0.396676670 -0.866025404
v 0.277785117 0.415734806 -0.866025404
v 0.250000000 0.433012702 -0.866025404
v 0.221144345 0.448436371 -0.866025404
v 0.191341716 0.461939766 -0.866025404
v 0.160719733 0.473465065 -0.866025404
v 0.129409523 0.482962913 -0.866025404
v 0.097545161 0.490392640 -0.866025404
v 0.065263096 0.495722431 -0.866025404
v 0.032701565 0.498929462 -0.866025404
v 0.000000000 0.500000000 -0.866025404
v -0.032701565 0.498929462 -0.866025404
v -0.065263096 0.495722431 -0.866025404
v -0.097545161 0.490392640 -0.866025404
v -0.129409523 0.482962913 -0.866025404
v -0.160719733 0.473465065 -0.866025404
v -0.191341716 0.461939766 -0.866025404
v -0.221144345 0.448436371 -0.866025404
v -0.250000000 0.433012702 -0.866025404
v -0.277785117 0.415734806 -0.866025404
v -0.304380715 0.396676670 -0.866025404
v -0.329672908 0.375919904 -0.866025404
v -0.353553391 0.353553391 -0.866025404
v -0.375919904 0.329672908 -0.866025404
v -0.396676670 0.304380715 -0.866025404
v -0.415734806 0.277785117 -0.866025404
v -0.433012702 0.250000000 -0.866025404
v -0.448436371 0.221144345 -0.866025404
v -0.461939766 0.191341716 -0.866025404
v -0.473465065 0.160719733 -0.866025404
v -0.482962913 0.129409523 -0.866025404
v -0.490392640 0.097545161 -0.866025404
v -0.495722431 0.065263096 -0.866025404
v -0.498929462 0.032701565 -0.866025404
v -0.500000000 0.000000000 -0.866025404
v -0.498929462 -0.032701565 -0.866025404
v -0.495722431 -0.065263096 -0.866025404
v -0.490392640 -0.097545161 -0.866025404
v -0.482962913 -0.129409523 -0.866025404
v -0.473465065 -0.160719733 -0.866025404
v -0.461939766 -0.191341716 -0.866025404
v -0.448436371 -0.221144345 -0.866025404
v -0.433012702 -0.250000000 -0.866025404
v -0.415734806 -0.277785117 -0.866025404
v -0.396676670 -0.304380715 -0.866025404
v -0.375919904 -0.329672908 -0.866025404
v -0.353553391 -0.353553391 -0.866025404
v -0.329672908 -0.375919904 -0.866025404
v -0.304380715 -0.396676670 -0.866025404
v -0.277785117 -0.415734806 -0.866025404
v -0.250000000 -0.433012702 -0.866025404
v -0.221144345 -0.448436371 -0.866025404
v -0.191341716 -0.461939766 -0.866025404
v -0.160719733 -0.473465065 -0.866025404
v -0.129409523 -0.482962913 -0.866025404
v -0.097545161 -0.490392640 -0.866025404
v -0.065263096 -0.495722431 -0.866025404
v -0.032701565 -0.498929462 -0.866025404
v -0.000000000 -0.500000000 -0.866025404
v 0.032701565 -0.498929462 -0.866025404
v 0.065263096 -0.495722431 -0.866025404
v 0.097545161 -0.490392640 -0.866025404
v 0.129409523 -0.482962913 -0.866025404
v 0.160719733 -0.473465065 -0.866025404
v 0.191341716 -0.461939766 -0.866025404
v 0.221144345 -0.448436371 -0.866025404
v 0.250000000 -0.433012702 -0.866025404
v 0.277785117 -0.415734806 -0.866025404
v 0.304380715 -0.396676670 -0.866025404
v 0.329672908 -0.375919904 -0.866025404
v 0.353553391 -0.353553391 -0.866025404
v 0.375919904 -0.329672908 -0.866025404
v 0.396676670 -0.304380715 -0.866025404
v 0.415734806 -0.277785117 -0.866025404
v 0.433012702 -0.250000000 -0.866025404
v 0.448436371 -0.221144345 -0.866025404
v 0.461939766 -0.191341716 -0.866025404
v 0.473465065 -0.160719733 -0.866025404
v 0.482962913 -0.129409523 -0.866025404
v 0.490392640 -0.097545161 -0.866025404
v 0.495722431 -0.065263096 -0.866025404
v 0.498929462 -0.032701565 -0.866025404
v 0.500000000 -0.000000000 -0.866025404
v 0.442288690 0.000000000 -0.896872742
v 0.441341716 0.028927064 -0.896872742
v 0.438504849 0.057730259 -0.896872742
v 0.433790237 0.086286243 -0.896872742
v 0.427218069 0.114472736 -0.896872742
v 0.418816487 0.142169040 -0.896872742
v 0.408621468 0.169256554 -0.896872742
v 0.396676670 0.195619285 -0.896872742
v 0.383033242 0.221144345 -0.896872742
v 0.367749606 0.245722431 -0.896872742
v 0.350891210 0.269248295 -0.896872742
v 0.332530244 0.291621197 -0.896872742
v 0.312745332 0.312745332 -0.896872742
v 0.291621197 0.332530244 -0.896872742
v 0.269248295 0.350891210 -0.896872742
v 0.245722431 0.367749606 -0.896872742
v 0.221144345 0.383033242 -0.896872742
v 0.195619285 0.396676670 -0.896872742
v 0.169256554 0.408621468 -0.896872742
v 0.142169040 0.418816487 -0.896872742
v 0.114472736 0.427218069 -0.896872742
v 0.086286243 0.433790237 -0.896872742
v 0.057730259 0.438504849 -0.896872742
v 0.028927064 0.441341716 -0.896872742
v 0.000000000 0.442288690 -0.896872742
v -0.028927064 0.441341716 -0.896872742
v -0.057730259 0.438504849 -0.896872742
v -0.086286243 0.433790237 -0.896872742
v -0.114472736 0.427218069 -0.896872742
v -0.142169040 0.418816487 -0.896872742
v -0.169256554 0.408621468 -0.896872742
v -0.195619285 0.396676670 -0.896872742
v -0.221144345 0.383033242 -0.896872742
v -0.245722431 0.367749606 -0.896872742
v -0.269248295 0.350891210 -0.896872742
v -0.291621197 0.332530244 -0.896872742
v -0.312745332 0.312745332 -0.896872742
v -0.332530244 0.291621197 -0.896872742
v -0.350891210 0.269248295 -0.896872742
v -0.367749606 0.245722431 -0.896872742
v -0.383033242 0.221144345 -0.896872742
v -0.396676670 0.195619285 -0.896872742
v -0.408621468 0.169256554 -0.896872742
v -0.418816487 0.142169040 -0.896872742
v -0.427218069 0.114472736 -0.896872742
v -0.433790237 0.086286243 -0.896872742
v -0.438504849 0.057730259 -0.896872742
v -0.441341716 0.028927064 -0.896872742
v -0.442288690 0.000000000 -0.896872742
v -0.441341716 -0.028927064 -0.896872742
v -0.438504849 -0.057730259 -0.896872742
v -0.433790237 -0.086286243 -0.896872742
v -0.427218069 -0.114472736 -0.896872742
v -0.418816487 -0.142169040 -0.896872742
v -0.408621468 -0.169256554 -0.896872742
v -0.396676670 -0.195619285 -0.896872742
v -0.383033242 -0.221144345 -0.896872742
v -0.367749606 -0.245722431 -0.896872742
v -0.350891210 -0.269248295 -0.896872742
v -0.332530244 -0.291621197 -0.896872742
v -0.312745332 -0.312745332 -0.896872742
v -0.291621197 -0.332530244 -0.896872742
v -0.269248295 -0.350891210 -0.896872742
v -0.245722431 -0.367749606 -0.896872742
v -0.221144345 -0.383033242 -0.896872742
v -0.195619285 -0.396676670 -0.896872742
v -0.169256554 -0.408621468 -0.896872742
v -0.142169040 -0.418816487 -0.896872742
v -0.114472736 -0.427218069 -0.896872742
v -0.086286243 -0.433790237 -0.896872742
v -0.057730259 -0.438504849 -0.896872742
v -0.028927064 -0.441341716 -0.896872742
v -0.000000000 -0.442288690 -0.896872742
v 0.028927064 -0.441341716 -0.896872742
v 0.057730259 -0.438504849 -0.896872742
v 0.086286243 -0.433790237 -0.896872742
v 0.114472736 -0.427218069 -0.896872742
v 0.142169040 -0.418816487 -0.896872742
v 0.169256554 -0.408621468 -0.896872742
v 0.195619285 -0.396676670 -0.896872742
v 0.221144345 -0.383033242 -0.896872742
v 0.245722431 -0.367749606 -0.896872742
v 0.269248295 -0.350891210 -0.896872742
v 0.291621197 -0.332530244 -0.896872742
v 0.312745332 -0.312745332 -0.896872742
v 0.332530244 -0.291621197 -0.896872742
v 0.350891210 -0.269248295 -0.896872742
v 0.367749606 -0.245722431 -0.896872742
v 0.383033242 -0.221144345 -0.896872742
v 0.396676670 -0.195619285 -0.896872742
v 0.408621468 -0.169256554 -0.896872742
v 0.418816487 -0.142169040 -0.896872742
v 0.427218069 -0.114472736 -0.896872742
v 0.433790237 -0.086286243 -0.896872742
v 0.438504849 -0.057730259 -0.896872742
v 0.441341716 -0.028927064 -0.896872742
v 0.442288690 -0.000000000 -0.896872742
v 0.382683432 0.000000000 -0.923879533
v 0.381864078 0.025028694 -0.923879533
v 0.379409523 0.049950211 -0.923879533
v 0.375330278 0.074657834 -0.923879533
v 0.369643811 0.099045761 -0.923879533
v 0.362374472 0.123009558 -0.923879533
v 0.353553391 0.146446609 -0.923879533
v 0.343218339 0.169256554 -0.923879533
v 0.331413574 0.191341716 -0.923879533
v 0.318189645 0.212607524 -0.923879533
v 0.303603179 0.232962913 -0.923879533
v 0.287716638 0.252320720 -0.923879533
v 0.270598050 0.270598050 -0.923879533
v 0.252320720 0.287716638 -0.923879533
v 0.232962913 0.303603179 -0.923879533
v 0.212607524 0.318189645 -0.923879533
v 0.191341716 0.331413574 -0.923879533
v 0.169256554 0.343218339 -0.923879533
v 0.146446609 0.353553391 -0.923879533
v 0.123009558 0.362374472 -0.923879533
v 0.099045761 0.369643811 -0.923879533
v 0.074657834 0.375330278 -0.923879533
v 0.049950211 0.379409523 -0.923879533
v 0.025028694 0.381864078 -0.923879533
v 0.000000000 0.382683432 -0.923879533
v -0.025028694 0.381864078 -0.923879533
v -0.049950211 0.379409523 -0.923879533
v -0.074657834 0.375330278 -0.923879533
v -0.099045761 0.369643811 -0.923879533
v -0.123009558 0.362374472 -0.923879533
v -0.146446609 0.353553391 -0.923879533
v -0.169256554 0.343218339 -0.923879533
v -0.191341716 0.331413574 -0.923879533
v -0.212607524 0.318189645 -0.923879533
v -0.232962913 0.303603179 -0.923879533
v -0.252320720 0.287716638 -0.923879533
v -0.270598050 0.270598050 -0.923879533
v -0.287716638 0.252320720 -0.923879533
v -0.303603179 0.232962913 -0.923879533
v -0.318189645 0.212607524 -0.923879533
v -0.331413574 0.191341716 -0.923879533
v -0.343218339 0.169256554 -0.923879533
v -0.353553391 0.146446609 -0.923879533
v -0.362374472 0.123009558 -0.923879533
v -0.369643811 0.099045761 -0.923879533
v -0.375330278 0.074657834 -0.923879533
v -0.379409523 0.049950211 -0.923879533
v -0.381864078 0.025028694 -0.923879533
v -0.382683432 0.000000000 -0.923879533
v -0.381864078 -0.025028694 -0.923879533
v -0.379409523 -0.049950211 -0.923879533
v -0.375330278 -0.074657834 -0.923879533
v -0.369643811 -0.099045761 -0.923879533
v -0.362374472 -0.123009558 -0.923879533
v -0.353553391 -0.146446609 -0.923879533
v -0.343218339 -0.169256554 -0.923879533
v -0.331413574 -0.191341716 -0.923879533
v -0.318189645 -0.212607524 -0.923879533
v -0.303603179 -0.232962913 -0.923879533
v -0.287716638 -0.252320720 -0.923879533
v -0.270598050 -0.270598050 -0.923879533
v -0.252320720 -0.287716638 -0.923879533
v -0.232962913 -0.303603179 -0.923879533
v -0.212607524 -0.318189645 -0.923879533
v -0.191341716 -0.331413574 -0.923879533
v -0.169256554 -0.343218339 -0.923879533
v -0.146446609 -0.353553391 -0.923879533
v -0.123009558 -0.362374472 -0.923879533
v -0.099045761 -0.369643811 -0.923879533
v -0.074657834 -0.375330278 -0.923879533
v -0.049950211 -0.379409523 -0.923879533
v -0.025028694 -0.381864078 -0.923879533
v -0.000000000 -0.382683432 -0.923879533
v 0.025028694 -0.381864078 -0.923879533
v 0.049950211 -0.379409523 -0.923879533
v 0.074657834 -0.375330278 -0.923879533
v 0.099045761 -0.369643811 -0.923879533
v 0.123009558 -0.362374472 -0.923879533
v 0.146446609 -0.353553391 -0.923879533
v 0.169256554 -0.343218339 -0.923879533
v 0.191341716 -0.331413574 -0.923879533
v 0.212607524 -0.318189645 -0.923879533
v 0.232962913 -0.303603179 -0.923879533
v 0.252320720 -0.287716638 -0.923879533
v 0.270598050 -0.270598050 -0.923879533
v 0.287716638 -0.252320720 -0.923879533
v 0.303603179 -0.232962913 -0.923879533
v 0.318189645 -0.212607524 -0.923879533
v 0.331413574 -0.191341716 -0.923879533
v 0.343218339 -0.169256554 -0.923879533
v 0.353553391 -0.146446609 -0.923879533
v 0.362374472 -0.123009558 -0.923879533
v 0.369643811 -0.099045761 -0.923879533
v 0.375330278 -0.074657834 -0.923879533
v 0.379409523 -0.049950211 -0.923879533
v 0.381864078 -0.025028694 -0.923879533
v 0.382683432 -0.000000000 -0.923879533
v 0.321439465 0.000000000 -0.946930129
v 0.320751239 0.021023147 -0.946930129
v 0.318689506 0.041956269 -0.946930129
v 0.315263096 0.062709729 -0.946930129
v 0.310486681 0.083194655 -0.946930129
v 0.304380715 0.103323330 -0.946930129
v 0.296971343 0.123009558 -0.946930129
v 0.288290294 0.142169040 -0.946930129
v 0.278374743 0.160719733 -0.946930129
v 0.267267148 0.178582199 -0.946930129
v 0.255015073 0.195679948 -0.946930129
v 0.241670986 0.211939766 -0.946930129
v 0.227292026 0.227292026 -0.946930129
v 0.211939766 0.241670986 -0.946930129
v 0.195679948 0.255015073 -0.946930129
v 0.178582199 0.267267148 -0.946930129
v 0.160719733 0.278374743 -0.946930129
v 0.142169040 0.288290294 -0.946930129
v 0.123009558 0.296971343 -0.946930129
v 0.103323330 0.304380715 -0.946930129
v 0.083194655 0.310486681 -0.946930129
v 0.062709729 0.315263096 -0.946930129
v 0.041956269 0.318689506 -0.946930129
v 0.021023147 0.320751239 -0.946930129
v 0.000000000 0.321439465 -0.946930129
v -0.021023147 0.320751239 -0.946930129
v -0.041956269 0.318689506 -0.946930129
v -0.062709729 0.315263096 -0.946930129
v -0.083194655 0.310486681 -0.946930129
v -0.103323330 0.304380715 -0.946930129
v -0.123009558 0.296971343 -0.946930129
v -0.142169040 0.288290294 -0.946930129
v -0.160719733 0.278374743 -0.946930129
v -0.178582199 0.267267148 -0.946930129
v -0.195679948 0.255015073 -0.946930129
v -0.211939766 0.241670986 -0.946930129
v -0.227292026 0.227292026 -0.946930129
v -0.241670986 0.211939766 -0.946930129
v -0.255015073 0.195679948 -0.946930129
v -0.267267148 0.178582199 -0.946930129
v -0.278374743 0.160719733 -0.946930129
v -0.288290294 0.142169040 -0.946930129
v -0.296971343 0.123009558 -0.946930129
v -0.304380715 0.103323330 -0.946930129
v -0.310486681 0.083194655 -0.946930129
v -0.315263096 0.062709729 -0.946930129
v -0.318689506 0.041956269 -0.946930129
v -0.320751239 0.021023147 -0.946930129
v -0.321439465 0.000000000 -0.946930129
v -0.320751239 -0.021023147 -0.946930129
v -0.318689506 -0.041956269 -0.946930129
v -0.315263096 -0.062709729 -0.946930129
v -0.310486681 -0.083194655 -0.946930129
v -0.304380715 -0.103323330 -0.946930129
v -0.296971343 -0.123009558 -0.946930129
v -0.288290294 -0.142169040 -0.946930129
v -0.278374743 -0.160719733 -0.946930129
v -0.267267148 -0.178582199 -0.946930129
v -0.255015073 -0.195679948 -0.946930129
v -0.241670986 -0.211939766 -0.946930129
v -0.227292026 -0.227292026 -0.946930129
v -0.211939766 -0.241670986 -0.946930129
v -0.195679948 -0.255015073 -0.946930129
v -0.178582199 -0.267267148 -0.946930129
v -0.160719733 -0.278374743 -0.946930129
v -0.142169040 -0.288290294 -0.946930129
v -0.123009558 -0.296971343 -0.946930129
v -0.103323330 -0.304380715 -0.946930129
v -0.083194655 -0.310486681 -0.946930129
v -0.062709729 -0.315263096 -0.946930129
v -0.041956269 -0.318689506 -0.946930129
v -0.021023147 -0.320751239 -0.946930129
v -0.000000000 -0.321439465 -0.946930129
v 0.021023147 -0.320751239 -0.946930129
v 0.041956269 -0.318689506 -0.946930129
v 0.062709729 -0.315263096 -0.946930129
v 0.083194655 -0.310486681 -0.946930129
v 0.103323330 -0.304380715 -0.946930129
v 0.123009558 -0.296971343 -0.946930129
v 0.142169040 -0.288290294 -0.946930129
v 0.160719733 -0.278374743 -0.946930129
v 0.178582199 -0.267267148 -0.946930129
v 0.195679948 -0.255015073 -0.946930129
v 0.211939766 -0.241670986 -0.946930129
v 0.227292026 -0.227292026 -0.946930129
v 0.241670986 -0.211939766 -0.946930129
v 0.255015073 -0.195679948 -0.946930129
v 0.267267148 -0.178582199 -0.946930129
v 0.278374743 -0.160719733 -0.946930129
v 0.288290294 -0.142169040 -0.946930129
v 0.296971343 -0.123009558 -0.946930129
v 0.304380715 -0.103323330 -0.946930129
v 0.310486681 -0.083194655 -0.946930129
v 0.315263096 -0.062709729 -0.946930129
v 0.318689506 -0.041956269 -0.946930129
v 0.320751239 -0.021023147 -0.946930129
v 0.321439465 -0.000000000 -0.946930129
v 0.258819045 0.000000000 -0.965925826
v 0.258264894 0.016927575 -0.965925826
v 0.256604812 0.033782664 -0.965925826
v 0.253845910 0.050493091 -0.965925826
v 0.250000000 0.066987298 -0.965925826
v 0.245083552 0.083194655 -0.965925826
v 0.239117618 0.099045761 -0.965925826
v 0.232127747 0.114472736 -0.965925826
v 0.224143868 0.129409523 -0.965925826
v 0.215200171 0.143792157 -0.965925826
v 0.205334954 0.157559052 -0.965925826
v 0.194590461 0.170651254 -0.965925826
v 0.183012702 0.183012702 -0.965925826
v 0.170651254 0.194590461 -0.965925826
v 0.157559052 0.205334954 -0.965925826
v 0.143792157 0.215200171 -0.965925826
v 0.129409523 0.224143868 -0.965925826
v 0.114472736 0.232127747 -0.965925826
v 0.099045761 0.239117618 -0.965925826
v 0.083194655 0.245083552 -0.965925826
v 0.066987298 0.250000000 -0.965925826
v 0.050493091 0.253845910 -0.965925826
v 0.033782664 0.256604812 -0.965925826
v 0.016927575 0.258264894 -0.965925826
v 0.000000000 0.258819045 -0.965925826
v -0.016927575 0.258264894 -0.965925826
v -0.033782664 0.256604812 -0.965925826
v -0.050493091 0.253845910 -0.965925826
v -0.066987298 0.250000000 -0.965925826
v -0.083194655 0.245083552 -0.965925826
v -0.099045761 0.239117618 -0.965925826
v -0.114472736 0.232127747 -0.965925826
v -0.129409523 0.224143868 -0.965925826
v -0.143792157 0.215200171 -0.965925826
v -0.157559052 0.205334954 -0.965925826
v -0.170651254 0.194590461 -0.965925826
v -0.183012702 0.183012702 -0.965925826
v -0.194590461 0.170651254 -0.965925826
v -0.205334954 0.157559052 -0.965925826
v -0.215200171 0.143792157 -0.965925826
v -0.224143868 0.129409523 -0.965925826
v -0.232127747 0.114472736 -0.965925826
v -0.239117618 0.099045761 -0.965925826
v -0.245083552 0.083194655 -0.965925826
v -0.250000000 0.066987298 -0.965925826
v -0.253845910 0.050493091 -0.965925826
v -0.256604812 0.033782664 -0.965925826
v -0.258264894 0.016927575 -0.965925826
v -0.258819045 0.000000000 -0.965925826
v -0.258264894 -0.016927575 -0.965925826
v -0.256604812 -0.033782664 -0.965925826
v -0.253845910 -0.050493091 -0.965925826
v -0.250000000 -0.066987298 -0.965925826
v -0.245083552 -0.083194655 -0.965925826
v -0.239117618 -0.099045761 -0.965925826
v -0.232127747 -0.114472736 -0.965925826
v -0.224143868 -0.129409523 -0.965925826
v -0.215200171 -0.143792157 -0.965925826
v -0.205334954 -0.157559052 -0.965925826
v -0.194590461 -0.170651254 -0.965925826
v -0.183012702 -0.183012702 -0.965925826
v -0.170651254 -0.194590461 -0.965925826
v -0.157559052 -0.205334954 -0.965925826
v -0.143792157 -0.215200171 -0.965925826
v -0.129409523 -0.224143868 -0.965925826
v -0.114472736 -0.232127747 -0.965925826
v -0.099045761 -0.239117618 -0.965925826
v -0.083194655 -0.245083552 -0.965925826
v -0.066987298 -0.250000000 -0.965925826
v -0.050493091 -0.253845910 -0.965925826
v -0.033782664 -0.256604812 -0.965925826
v -0.016927575 -0.258264894 -0.965925826
v -0.000000000 -0.258819045 -0.965925826
v 0.016927575 -0.258264894 -0.965925826
v 0.033782664 -0.256604812 -0.965925826
v 0.050493091 -0.253845910 -0.965925826
v 0.066987298 -0.250000000 -0.965925826
v 0.083194655 -0.245083552 -0.965925826
v 0.099045761 -0.239117618 -0.965925826
v 0.114472736 -0.232127747 -0.965925826
v 0.129409523 -0.224143868 -0.965925826
v 0.143792157 -0.215200171 -0.965925826
v 0.157559052 -0.205334954 -0.965925826
v 0.170651254 -0.194590461 -0.965925826
v 0.183012702 -0.183012702 -0.965925826
v 0.194590461 -0.170651254 -0.965925826
v 0.205334954 -0.157559052 -0.965925826
v 0.215200171 -0.143792157 -0.965925826
v 0.224143868 -0.129409523 -0.965925826
v 0.232127747 -0.114472736 -0.965925826
v 0.239117618 -0.099045761 -0.965925826
v 0.245083552 -0.083194655 -0.965925826
v 0.250000000 -0.066987298 -0.965925826
v 0.253845910 -0.050493091 -0.965925826
v 0.256604812 -0.033782664 -0.965925826
v 0.258264894 -0.016927575 -0.965925826
v 0.258819045 -0.000000000 -0.965925826
v 0.195090322 0.000000000 -0.980785280
v 0.194672619 0.012759518 -0.980785280
v 0.193421297 0.025464397 -0.980785280
v 0.191341716 0.038060234 -0.980785280
v 0.188442780 0.050493091 -0.980785280
v 0.184736904 0.062709729 -0.980785280
v 0.180239956 0.074657834 -0.980785280
v 0.174971192 0.086286243 -0.980785280
v 0.168953175 0.097545161 -0.980785280
v 0.162211674 0.108386376 -0.980785280
v 0.154775559 0.118763463 -0.980785280
v 0.146676670 0.128631987 -0.980785280
v 0.137949690 0.137949690 -0.980785280
v 0.128631987 0.146676670 -0.980785280
v 0.118763463 0.154775559 -0.980785280
v 0.108386376 0.162211674 -0.980785280
v 0.097545161 0.168953175 -0.980785280
v 0.086286243 0.174971192 -0.980785280
v 0.074657834 0.180239956 -0.980785280
v 0.062709729 0.184736904 -0.980785280
v 0.050493091 0.188442780 -0.980785280
v 0.038060234 0.191341716 -0.980785280
v 0.025464397 0.193421297 -0.980785280
v 0.012759518 0.194672619 -0.980785280
v 0.000000000 0.195090322 -0.980785280
v -0.012759518 0.194672619 -0.980785280
v -0.025464397 0.193421297 -0.980785280
v -0.038060234 0.191341716 -0.980785280
v -0.050493091 0.188442780 -0.980785280
v -0.062709729 0.184736904 -0.980785280
v -0.074657834 0.180239956 -0.980785280
v -0.086286243 0.174971192 -0.980785280
v -0.097545161 0.168953175 -0.980785280
v -0.108386376 0.162211674 -0.980785280
v -0.118763463 0.154775559 -0.980785280
v -0.128631987 0.146676670 -0.980785280
v -0.137949690 0.137949690 -0.980785280
v -0.146676670 0.128631987 -0.980785280
v -0.154775559 0.118763463 -0.980785280
v -0.162211674 0.108386376 -0.980785280
v -0.168953175 0.097545161 -0.980785280
v -0.174971192 0.086286243 -0.980785280
v -0.180239956 0.074657834 -0.980785280
v -0.184736904 0.062709729 -0.980785280
v -0.188442780 0.050493091 -0.980785280
v -0.191341716 0.038060234 -0.980785280
v -0.193421297 0.025464397 -0.980785280
v -0.194672619 0.012759518 -0.980785280
v -0.195090322 0.000000000 -0.980785280
v -0.194672619 -0.012759518 -0.980785280
v -0.193421297 -0.025464397 -0.980785280
v -0.191341716 -0.038060234 -0.980785280
v -0.188442780 -0.050493091 -0.980785280
v -0.184736904 -0.062709729 -0.980785280
v -0.180239956 -0.074657834 -0.980785280
v -0.174971192 -0.086286243 -0.980785280
v -0.168953175 -0.097545161 -0.980785280
v -0.162211674 -0.108386376 -0.980785280
v -0.154775559 -0.118763463 -0.980785280
v -0.146676670 -0.128631987 -0.980785280
v -0.137949690 -0.137949690 -0.980785280
v -0.128631987 -0.146676670 -0.980785280
v -0.118763463 -0.154775559 -0.980785280
v -0.108386376 -0.162211674 -0.980785280
v -0.097545161 -0.168953175 -0.980785280
v -0.086286243 -0.174971192 -0.980785280
v -0.074657834 -0.180239956 -0.980785280
v -0.062709729 -0.184736904 -0.980785280
v -0.050493091 -0.188442780 -0.980785280
v -0.038060234 -0.191341716 -0.980785280
v -0.025464397 -0.193421297 -0.980785280
v -0.012759518 -0.194672619 -0.980785280
v -0.000000000 -0.195090322 -0.980785280
v 0.012759518 -0.194672619 -0.980785280
v 0.025464397 -0.193421297 -0.980785280
v 0.038060234 -0.191341716 -0.980785280
v 0.050493091 -0.188442780 -0.980785280
v 0.062709729 -0.184736904 -0.980785280
v 0.074657834 -0.180239956 -0.980785280
v 0.086286243 -0.174971192 -0.980785280
v 0.097545161 -0.168953175 -0.980785280
v 0.108386376 -0.162211674 -0.980785280
v 0.118763463 -0.154775559 -0.980785280
v 0.128631987 -0.146676670 -0.980785280
v 0.137949690 -0.137949690 -0.980785280
v 0.146676670 -0.128631987 -0.980785280
v 0.154775559 -0.118763463 -0.980785280
v 0.162211674 -0.108386376 -0.980785280
v 0.168953175 -0.097545161 -0.980785280
v 0.174971192 -0.086286243 -0.980785280
v 0.180239956 -0.074657834 -0.980785280
v 0.184736904 -0.062709729 -0.980785280
v 0.188442780 -0.050493091 -0.980785280
v 0.191341716 -0.038060234 -0.980785280
v 0.193421297 -0.025464397 -0.980785280
v 0.194672619 -0.012759518 -0.980785280
v 0.195090322 -0.000000000 -0.980785280
v 0.130526192 0.000000000 -0.991444861
v 0.130246726 0.008536821 -0.991444861
v 0.129409523 0.017037087 -0.991444861
v 0.128018168 0.025464397 -0.991444861
v 0.126078620 0.033782664 -0.991444861
v 0.123599184 0.041956269 -0.991444861
v 0.120590477 0.049950211 -0.991444861
v 0.117065384 0.057730259 -0.991444861
v 0.113038998 0.065263096 -0.991444861
v 0.108528562 0.072516467 -0.991444861
v 0.103553391 0.079459311 -0.991444861
v 0.098134787 0.086061899 -0.991444861
v 0.092295956 0.092295956 -0.991444861
v 0.086061899 0.098134787 -0.991444861
v 0.079459311 0.103553391 -0.991444861
v 0.072516467 0.108528562 -0.991444861
v 0.065263096 0.113038998 -0.991444861
v 0.057730259 0.117065384 -0.991444861
v 0.049950211 0.120590477 -0.991444861
v 0.041956269 0.123599184 -0.991444861
v 0.033782664 0.126078620 -0.991444861
v 0.025464397 0.128018168 -0.991444861
v 0.017037087 0.129409523 -0.991444861
v 0.008536821 0.130246726 -0.991444861
v 0.000000000 0.130526192 -0.991444861
v -0.008536821 0.130246726 -0.991444861
v -0.017037087 0.129409523 -0.991444861
v -0.025464397 0.128018168 -0.991444861
v -0.033782664 0.126078620 -0.991444861
v -0.041956269 0.123599184 -0.991444861
v -0.049950211 0.120590477 -0.991444861
v -0.057730259 0.117065384 -0.991444861
v -0.065263096 0.113038998 -0.991444861
v -0.072516467 0.108528562 -0.991444861
v -0.079459311 0.103553391 -0.991444861
v -0.086061899 0.098134787 -0.991444861
v -0.092295956 0.092295956 -0.991444861
v -0.098134787 0.086061899 -0.991444861
v -0.103553391 0.079459311 -0.991444861
v -0.108528562 0.072516467 -0.991444861
v -0.113038998 0.065263096 -0.991444861
v -0.117065384 0.057730259 -0.991444861
v -0.120590477 0.049950211 -0.991444861
v -0.123599184 0.041956269 -0.991444861
v -0.126078620 0.033782664 -0.991444861
v -0.128018168 0.025464397 -0.991444861
v -0.129409523 0.017037087 -0.991444861
v -0.130246726 0.008536821 -0.991444861
v -0.130526192 0.000000000 -0.991444861
v -0.130246726 -0.008536821 -0.991444861
v -0.129409523 -0.017037087 -0.991444861
v -0.128018168 -0.025464397 -0.991444861
v -0.126078620 -0.033782664 -0.991444861
v -0.123599184 -0.041956269 -0.991444861
v -0.120590477 -0.049950211 -0.991444861
v -0.117065384 -0.057730259 -0.991444861
v -0.113038998 -0.065263096 -0.991444861
v -0.108528562 -0.072516467 -0.991444861
v -0.103553391 -0.079459311 -0.991444861
v -0.098134787 -0.086061899 -0.991444861
v -0.092295956 -0.092295956 -0.991444861
v -0.086061899 -0.098134787 -0.991444861
v -0.079459311 -0.103553391 -0.991444861
v -0.072516467 -0.108528562 -0.991444861
v -0.065263096 -0.113038998 -0.991444861
v -0.057730259 -0.117065384 -0.991444861
v -0.049950211 -0.120590477 -0.991444861
v -0.041956269 -0.123599184 -0.991444861
v -0.033782664 -0.126078620 -0.991444861
v -0.025464397 -0.128018168 -0.991444861
v -0.017037087 -0.129409523 -0.991444861
v -0.008536821 -0.130246726 -0.991444861
v -0.000000000 -0.130526192 -0.991444861
v 0.008536821 -0.130246726 -0.991444861
v 0.017037087 -0.129409523 -0.991444861
v 0.025464397 -0.128018168 -0.991444861
v 0.033782664 -0.126078620 -0.991444861
v 0.041956269 -0.123599184 -0.991444861
v 0.049950211 -0.120590477 -0.991444861
v 0.057730259 -0.117065384 -0.991444861
v 0.065263096 -0.113038998 -0.991444861
v 0.072516467 -0.108528562 -0.991444861
v 0.079459311 -0.103553391 -0.991444861
v 0.086061899 -0.098134787 -0.991444861
v 0.092295956 -0.092295956 -0.991444861
v 0.098134787 -0.086061899 -0.991444861
v 0.103553391 -0.079459311 -0.991444861
v 0.108528562 -0.072516467 -0.991444861
v 0.113038998 -0.065263096 -0.991444861
v 0.117065384 -0.057730259 -0.991444861
v 0.120590477 -0.049950211 -0.991444861
v 0.123599184 -0.041956269 -0.991444861
v 0.126078620 -0.033782664 -0.991444861
v 0.128018168 -0.025464397 -0.991444861
v 0.129409523 -0.017037087 -0.991444861
v 0.130246726 -0.008536821 -0.991444861
v 0.130526192 -0.000000000 -0.991444861
v 0.065403129 0.000000000 -0.997858923
v 0.065263096 0.004277569 -0.997858923
v 0.064843596 0.008536821 -0.997858923
v 0.064146426 0.012759518 -0.997858923
v 0.063174572 0.016927575 -0.997858923
v 0.061932194 0.021023147 -0.997858923
v 0.060424612 0.025028694 -0.997858923
v 0.058658284 0.028927064 -0.997858923
v 0.056640771 0.032701565 -0.997858923
v 0.054380715 0.036336032 -0.997858923
v 0.051887791 0.039814902 -0.997858923
v 0.049172676 0.043123280 -0.997858923
v 0.046246996 0.046246996 -0.997858923
v 0.043123280 0.049172676 -0.997858923
v 0.039814902 0.051887791 -0.997858923
v 0.036336032 0.054380715 -0.997858923
v 0.032701565 0.056640771 -0.997858923
v 0.028927064 0.058658284 -0.997858923
v 0.025028694 0.060424612 -0.997858923
v 0.021023147 0.061932194 -0.997858923
v 0.016927575 0.063174572 -0.997858923
v 0.012759518 0.064146426 -0.997858923
v 0.008536821 0.064843596 -0.997858923
v 0.004277569 0.065263096 -0.997858923
v 0.000000000 0.065403129 -0.997858923
v -0.004277569 0.065263096 -0.997858923
v -0.008536821 0.064843596 -0.997858923
v -0.012759518 0.064146426 -0.997858923
v -0.016927575 0.063174572 -0.997858923
v -0.021023147 0.061932194 -0.997858923
v -0.025028694 0.060424612 -0.997858923
v -0.028927064 0.058658284 -0.997858923
v -0.032701565 0.056640771 -0.997858923
v -0.036336032 0.054380715 -0.997858923
v -0.039814902 0.051887791 -0.997858923
v -0.043123280 0.049172676 -0.997858923
v -0.046246996 0.046246996 -0.997858923
v -0.049172676 0.043123280 -0.997858923
v -0.051887791 0.039814902 -0.997858923
v -0.054380715 0.036336032 -0.997858923
v -0.056640771 0.032701565 -0.997858923
v -0.058658284 0.028927064 -0.997858923
v -0.060424612 0.025028694 -0.997858923
v -0.061932194 0.021023147 -0.997858923
v -0.063174572 0.016927575 -0.997858923
v -0.064146426 0.012759518 -0.997858923
v -0.064843596 0.008536821 -0.997858923
v -0.065263096 0.004277569 -0.997858923
v -0.065403129 0.000000000 -0.997858923
v -0.065263096 -0.004277569 -0.997858923
v -0.064843596 -0.008536821 -0.997858923
v -0.064146426 -0.012759518 -0.997858923
v -0.063174572 -0.016927575 -0.997858923
v -0.061932194 -0.021023147 -0.997858923
v -0.060424612 -0.025028694 -0.997858923
v -0.058658284 -0.028927064 -0.997858923
v -0.056640771 -0.032701565 -0.997858923
v -0.054380715 -0.036336032 -0.997858923
v -0.051887791 -0.039814902 -0.997858923
v -0.049172676 -0.043123280 -0.997858923
v -0.046246996 -0.046246996 -0.997858923
v -0.043123280 -0.049172676 -0.997858923
v -0.039814902 -0.051887791 -0.997858923
v -0.036336032 -0.054380715 -0.997858923
v -0.032701565 -0.056640771 -0.997858923
v -0.028927064 -0.058658284 -0.997858923
v -0.025028694 -0.060424612 -0.997858923
v -0.021023147 -0.061932194 -0.997858923
v -0.016927575 -0.063174572 -0.997858923
v -0.012759518 -0.064146426 -0.997858923
v -0.008536821 -0.064843596 -0.997858923
v -0.004277569 -0.065263096 -0.997858923
v -0.000000000 -0.065403129 -0.997858923
v 0.004277569 -0.065263096 -0.997858923
v 0.008536821 -0.064843596 -0.997858923
v 0.012759518 -0.064146426 -0.997858923
v 0.016927575 -0.063174572 -0.997858923
v 0.021023147 -0.061932194 -0.997858923
v 0.025028694 -0.060424612 -0.997858923
v 0.028927064 -0.058658284 -0.997858923
v 0.032701565 -0.056640771 -0.997858923
v 0.036336032 -0.054380715 -0.997858923
v 0.039814902 -0.051887791 -0.997858923
v 0.043123280 -0.049172676 -0.997858923
v 0.046246996 -0.046246996 -0.997858923
v 0.049172676 -0.043123280 -0.997858923
v 0.051887791 -0.039814902 -0.997858923
v 0.054380715 -0.036336032 -0.997858923
v 0.056640771 -0.032701565 -0.997858923
v 0.058658284 -0.028927064 -0.997858923
v 0.060424612 -0.025028694 -0.997858923
v 0.061932194 -0.021023147 -0.997858923
v 0.063174572 -0.016927575 -0.997858923
v 0.064146426 -0.012759518 -0.997858923
v 0.064843596 -0.008536821 -0.997858923
v 0.065263096 -0.004277569 -0.997858923
v 0.065403129 -0.000000000 -0.997858923
v 0.000000000 0.000000000 -1.000000000
v 0.000000000 0.000000000 -1.000000000
v 0.000000000 0.000000000 -1.000000000
v 0.000000000 0.000000000 -1.000000000
v 0.000000000 0.000000000 -1.000000000
v 0.000000000 0.000000000 -1.000000000
v 0.000000000 0.000000000 -1.000000000
v 0.000000000 0.000000000 -1.000000000
v 0.000000000 0.000000000 -1.000000000
v 0.000000000 0.000000000 -1.000000000
v 0.000000000 0.000000000 -1.000000000
v 0.000000000 0.000000000 -1.000000000
v 0.000000000 0.000000000 -1.000000000
v 0.000000000 0.000000000 -1.000000000
v 0.000000000 0.000000000 -1.000000000
v 0.000000000 0.000000000 -1.000000000
v 0.000000000 0.000000000 -1.000000000
v 0.000000000 0.000000000 -1.000000000
v 0.000000000 0.000000000 -1.000000000
v 0.000000000 0.000000000 -1.000000000
v 0.000000000 0.000000000 -1.000000000
v 0.000000000 0.000000000 -1.000000000
v 0.000000000 0.000000000 -1.000000000
v 0.000000000 0.000000000 -1.000000000
v 0.000000000 0.000000000 -1.000000000
v 0.000000000 0.000000000 -1.000000000
v 0.000000000 0.000000000 -1.000000000
v 0.000000000 0.000000000 -1.000000000
v 0.000000000 0.000000000 -1.000000000
v 0.000000000 0.000000000 -1.000000000
v 0.000000000 0.000000000 -1.000000000
v 0.000000000 0.000000000 -1.000000000
v 0.000000000 0.000000000 -1.000000000
v 0.000000000 0.000000000 -1.000000000
v 0.000000000 0.000000000 -1.000000000
v 0.000000000 0.000000000 -1.000000000
v 0.000000000 0.000000000 -1.000000000
v 0.000000000 0.000000000 -1.000000000
v 0.000000000 0.000000000 -1.000000000
v 0.000000000 0.000000000 -1.000000000
v 0.000000000 0.000000000 -1.000000000
v 0.000000000 0.000000000 -1.000000000
v 0.000000000 0.000000000 -1.000000000
v 0.000000000 0.000000000 -1.000000000
v 0.000000000 0.000000000 -1.000000000
v 0.000000000 0.000000000 -1.000000000
v 0.000000000 0.000000000 -1.000000000
v 0.000000000 0.000000000 -1.000000000
v 0.000000000 0.000000000 -1.000000000
v 0.000000000 0.000000000 -1.000000000
v 0.000000000 0.000000000 -1.000000000
v 0.000000000 0.000000000 -1.000000000
v 0.000000000 0.000000000 -1.000000000
v 0.000000000 0.000000000 -1.000000000
v 0.000000000 0.000000000 -1.000000000
v 0.000000000 0.000000000 -1.000000000
v 0.000000000 0.000000000 -1.000000000
v 0.000000000 0.000000000 -1.000000000
v 0.000000000 0.000000000 -1.000000000
v 0.000000000 0.000000000 -1.000000000
v 0.000000000 0.000000000 -1.000000000
v 0.000000000 0.000000000 -1.000000000
v 0.000000000 0.000000000 -1.000000000
v 0.000000000 0.000000000 -1.000000000
v 0.000000000 0.000000000 -1.000000000
v 0.000000000 0.000000000 -1.000000000
v 0.000000000 0.000000000 -1.000000000
v 0.000000000 0.000000000 -1.000000000
v 0.000000000 0.000000000 -1.000000000
v 0.000000000 0.000000000 -1.000000000
v 0.000000000 0.000000000 -1.000000000
v 0.000000000 0.000000000 -1.000000000
v 0.000000000 0.000000000 -1.000000000
v 0.000000000 0.000000000 -1.000000000
v 0.000000000 0.000000000 -1.000000000
v 0.000000000 0.000000000 -1.000000000
v 0.000000000 0.000000000 -1.000000000
v 0.000000000 0.000000000 -1.000000000
v 0.000000000 0.000000000 -1.000000000
v 0.000000000 0.000000000 -1.000000000
v 0.000000000 0.000000000 -1.000000000
v 0.000000000 0.000000000 -1.000000000
v 0.000000000 0.000000000 -1.000000000
v 0.000000000 0.000000000 -1.000000000
v 0.000000000 0.000000000 -1.000000000
v 0.000000000 0.000000000 -1.000000000
v 0.000000000 0.000000000 -1.000000000
v 0.000000000 0.000000000 -1.000000000
v 0.000000000 0.000000000 -1.000000000
v 0.000000000 0.000000000 -1.000000000
v 0.000000000 0.000000000 -1.000000000
v 0.000000000 0.000000000 -1.000000000
v 0.000000000 0.000000000 -1.000000000
v 0.000000000 0.000000000 -1.000000000
v 0.000000000 0.000000000 -1.000000000
v 0.000000000 0.000000000 -1.000000000
vt 0.005208333 1.000000000
vt 0.015625000 1.000000000
vt 0.026041667 1.000000000
vt 0.036458333 1.000000000
vt 0.046875000 1.000000000
vt 0.057291667 1.000000000
vt 0.067708333 1.000000000
vt 0.078125000 1.000000000
vt 0.088541667 1.000000000
vt 0.098958333 1.000000000
vt 0.109375000 1.000000000
vt 0.119791667 1.000000000
vt 0.130208333 1.000000000
vt 0.140625000 1.000000000
vt 0.151041667 1.000000000
vt 0.161458333 1.000000000
vt 0.171875000 1.000000000
vt 0.182291667 1.000000000
vt 0.192708333 1.000000000
vt 0.203125000 1.000000000
vt 0.213541667 1.000000000
vt 0.223958333 1.000000000
vt 0.234375000 1.000000000
vt 0.244791667 1.000000000
vt 0.255208333 1.000000000
vt 0.265625000 1.000000000
vt 0.276041667 1.000000000
vt 0.286458333 1.000000000
vt 0.296875000 1.000000000
vt 0.307291667 1.000000000
vt 0.317708333 1.000000000
vt 0.328125000 1.000000000
vt 0.338541667 1.000000000
vt 0.348958333 1.000000000
vt 0.359375000 1.000000000
vt 0.369791667 1.000000000
vt 0.380208333 1.000000000
vt 0.390625000 1.000000000
vt 0.401041667 1.000000000
vt 0.411458333 1.000000000
vt 0.421875000 1.000000000
vt 0.432291667 1.000000000
vt 0.442708333 1.000000000
vt 0.453125000 1.000000000
vt 0.463541667 1.000000000
vt 0.473958333 1.000000000
vt 0.484375000 1.000000000
vt 0.494791667 1.000000000
vt 0.505208333 1.000000000
vt 0.515625000 1.000000000
vt 0.526041667 1.000000000
vt 0.536458333 1.000000000
vt 0.546875000 1.000000000
vt 0.557291667 1.000000000
vt 0.567708333 1.000000000
vt 0.578125000 1.000000000
vt 0.588541667 1.000000000
vt 0.598958333 1.000000000
vt 0.609375000 1.000000000
vt 0.619791667 1.000000000
vt 0.630208333 1.000000000
vt 0.640625000 1.000000000
vt 0.651041667 1.000000000
vt 0.661458333 1.000000000
vt 0.671875000 1.000000000
vt 0.682291667 1.000000000
vt 0.692708333 1.000000000
vt 0.703125000 1.000000000
vt 0.713541667 1.000000000
vt 0.723958333 1.000000000
vt 0.734375000 1.000000000
vt 0.744791667 1.000000000
vt 0.755208333 1.000000000
vt 0.765625000 1.000000000
vt 0.776041667 1.000000000
vt 0.786458333 1.000000000
vt 0.796875000 1.000000000
vt 0.807291667 1.000000000
vt 0.817708333 1.000000000
vt 0.828125000 1.000000000
vt 0.838541667 1.000000000
vt 0.848958333 1.000000000
vt 0.859375000 1.000000000
vt 0.869791667 1.000000000
vt 0.880208333 1.000000000
vt 0.890625000 1.000000000
vt 0.901041667 1.000000000
vt 0.911458333 1.000000000
vt 0.921875000 1.000000000
vt 0.932291667 1.000000000
vt 0.942708333 1.000000000
vt 0.953125000 1.000000000
vt 0.963541667 1.000000000
vt 0.973958333 1.000000000
vt 0.984375000 1.000000000
vt 0.994791667 1.000000000
vt 0.000000000 0.979166667
vt 0.010416667 0.979166667
vt 0.020833333 0.979166667
vt 0.031250000 0.979166667
vt 0.041666667 0.979166667
vt 0.052083333 0.979166667
vt 0.062500000 0.979166667
vt 0.072916667 0.979166667
vt 0.083333333 0.979166667
vt 0.093750000 0.979166667
vt 0.104166667 0.979166667
vt 0.114583333 0.979166667
vt 0.125000000 0.979166667
vt 0.135416667 0.979166667
vt 0.145833333 0.979166667
vt 0.156250000 0.979166667
vt 0.166666667 0.979166667
vt 0.177083333 0.979166667
vt 0.187500000 0.979166667
vt 0.197916667 0.979166667
vt 0.208333333 0.979166667
vt 0.218750000 0.979166667
vt 0.229166667 0.979166667
vt 0.239583333 0.979166667
vt 0.250000000 0.979166667
vt 0.260416667 0.979166667
vt 0.270833333 0.979166667
vt 0.281250000 0.979166667
vt 0.291666667 0.979166667
vt 0.302083333 0.979166667
vt 0.312500000 0.979166667
vt 0.322916667 0.979166667
vt 0.333333333 0.979166667
vt 0.343750000 0.979166667
vt 0.354166667 0.979166667
vt 0.364583333 0.979166667
vt 0.375000000 0.979166667
vt 0.385416667 0.979166667
vt 0.395833333 0.979166667
vt 0.406250000 0.979166667
vt 0.416666667 0.979166667
vt 0.427083333 0.979166667
vt 0.437500000 0.979166667
vt 0.447916667 0.979166667
vt 0.458333333 0.979166667
vt 0.468750000 0.979166667
vt 0.479166667 0.979166667
vt 0.489583333 0.979166667
vt 0.500000000 0.979166667
vt 0.510416667 0.979166667
vt 0.520833333 0.979166667
vt 0.531250000 0.979166667
vt 0.541666667 0.979166667
vt 0.552083333 0.979166667
vt 0.562500000 0.979166667
vt 0.572916667 0.979166667
vt 0.583333333 0.979166667
vt 0.593750000 0.979166667
vt 0.604166667 0.979166667
vt 0.614583333 0.979166667
vt 0.625000000 0.979166667
vt 0.635416667 0.979166667
vt 0.645833333 0.979166667
vt 0.656250000 0.979166667
vt 0.666666667 0.979166667
vt 0.677083333 0.979166667
vt 0.687500000 0.979166667
vt 0.697916667 0.979166667
vt 0.708333333 0.979166667
vt 0.718750000 0.979166667
vt 0.729166667 0.979166667
vt 0.739583333 0.979166667
vt 0.750000000 0.979166667
vt 0.760416667 0.979166667
vt 0.770833333 0.979166667
vt 0.781250000 0.979166667
vt 0.791666667 0.979166667
vt 0.802083333 0.979166667
vt 0.812500000 0.979166667
vt 0.822916667 0.979166667
vt 0.833333333 0.979166667
vt 0.843750000 0.979166667
vt 0.854166667 0.979166667
vt 0.864583333 0.979166667
vt 0.875000000 0.979166667
vt 0.885416667 0.979166667
vt 0.895833333 0.979166667
vt 0.906250000 0.979166667
vt 0.916666667 0.979166667
vt 0.927083333 0.979166667
vt 0.937500000 0.979166667
vt 0.947916667 0.979166667
vt 0.958333333 0.979166667
vt 0.968750000 0.979166667
vt 0.979166667 0.979166667
vt 0.989583333 0.979166667
vt 1.000000000 0.979166667
vt 0.000000000 0.958333333
vt 0.010416667 0.958333333
vt 0.020833333 0.958333333
vt 0.031250000 0.958333333
vt 0.041666667 0.958333333
vt 0.052083333 0.958333333
vt 0.062500000 0.958333333
vt 0.072916667 0.958333333
vt 0.083333333 0.958333333
vt 0.093750000 0.958333333
vt 0.104166667 0.958333333
vt 0.114583333 0.958333333
vt 0.125000000 0.958333333
vt 0.135416667 0.958333333
vt 0.145833333 0.958333333
vt 0.156250000 0.958333333
vt 0.166666667 0.958333333
vt 0.177083333 0.958333333
vt 0.187500000 0.958333333
vt 0.197916667 0.958333333
vt 0.208333333 0.958333333
vt 0.218750000 0.958333333
vt 0.229166667 0.958333333
vt 0.239583333 0.958333333
vt 0.250000000 0.958333333
vt 0.260416667 0.958333333
vt 0.270833333 0.958333333
vt 0.281250000 0.958333333
vt 0.291666667 0.958333333
vt 0.302083333 0.958333333
vt 0.312500000 0.958333333
vt 0.322916667 0.958333333
vt 0.333333333 0.958333333
vt 0.343750000 0.958333333
vt 0.354166667 0.958333333
vt 0.364583333 0.958333333
vt 0.375000000 0.958333333
vt 0.385416667 0.958333333
vt 0.395833333 0.958333333
vt 0.406250000 0.958333333
vt 0.416666667 0.958333333
vt 0.427083333 0.958333333
vt 0.437500000 0.958333333
vt 0.447916667 0.958333333
vt 0.458333333 0.958333333
vt 0.468750000 0.958333333
vt 0.479166667 0.958333333
vt 0.489583333 0.958333333
vt 0.500000000 0.958333333
vt 0.510416667 0.958333333
vt 0.520833333 0.958333333
vt 0.531250000 0.958333333
vt 0.541666667 0.958333333
vt 0.552083333 0.958333333
vt 0.562500000 0.958333333
vt 0.572916667 0.958333333
vt 0.583333333 0.958333333
vt 0.593750000 0.958333333
vt 0.604166667 0.958333333
vt 0.614583333 0.958333333
vt 0.625000000 0.958333333
vt 0.635416667 0.958333333
vt 0.645833333 0.958333333
vt 0.656250000 0.958333333
vt 0.666666667 0.958333333
vt 0.677083333 0.958333333
vt 0.687500000 0.958333333
vt 0.697916667 0.958333333
vt 0.708333333 0.958333333
vt 0.718750000 0.958333333
vt 0.729166667 0.958333333
vt 0.739583333 0.958333333
vt 0.750000000 0.958333333
vt 0.760416667 0.958333333
vt 0.770833333 0.958333333
vt 0.781250000 0.958333333
vt 0.791666667 0.958333333
vt 0.802083333 0.958333333
vt 0.812500000 0.958333333
vt 0.822916667 0.958333333
vt 0.833333333 0.958333333
vt 0.843750000 0.958333333
vt 0.854166667 0.958333333
vt 0.864583333 0.958333333
vt 0.875000000 0.958333333
vt 0.885416667 0.958333333
vt 0.895833333 0.958333333
vt 0.906250000 0.958333333
vt 0.916666667 0.958333333
vt 0.927083333 0.958333333
vt 0.937500000 0.958333333
vt 0.947916667 0.958333333
vt 0.958333333 0.958333333
vt 0.968750000 0.958333333
vt 0.979166667 0.958333333
vt 0.989583333 0.958333333
vt 1.000000000 0.958333333
vt 0.000000000 0.937500000
vt 0.010416667 0.937500000
vt 0.020833333 0.937500000
vt 0.031250000 0.937500000
vt 0.041666667 0.937500000
vt 0.052083333 0.937500000
vt 0.062500000 0.937500000
vt 0.072916667 0.937500000
vt 0.083333333 0.937500000
vt 0.093750000 0.937500000
vt 0.104166667 0.937500000
vt 0.114583333 0.937500000
vt 0.125000000 0.937500000
vt 0.135416667 0.937500000
vt 0.145833333 0.937500000
vt 0.156250000 0.937500000
vt 0.166666667 0.937500000
vt 0.177083333 0.937500000
vt 0.187500000 0.937500000
vt 0.197916667 0.937500000
vt 0.208333333 0.937500000
vt 0.218750000 0.937500000
vt 0.229166667 0.937500000
vt 0.239583333 0.937500000
vt 0.250000000 0.937500000
vt 0.260416667 0.937500000
vt 0.270833333 0.937500000
vt 0.281250000 0.937500000
vt 0.291666667 0.937500000
vt 0.302083333 0.937500000
vt 0.312500000 0.937500000
vt 0.322916667 0.937500000
vt 0.333333333 0.937500000
vt 0.343750000 0.937500000
vt 0.354166667 0.937500000
vt 0.364583333 0.937500000
vt 0.375000000 0.937500000
vt 0.385416667 0.937500000
vt 0.395833333 0.937500000
vt 0.406250000 0.937500000
vt 0.416666667 0.937500000
vt 0.427083333 0.937500000
vt 0.437500000 0.937500000
vt 0.447916667 0.937500000
vt 0.458333333 0.937500000
vt 0.468750000 0.937500000
vt 0.479166667 0.937500000
vt 0.489583333 0.937500000
vt 0.500000000 0.937500000
vt 0.510416667 0.937500000
vt 0.520833333 0.937500000
vt 0.531250000 0.937500000
vt 0.541666667 0.937500000
vt 0.552083333 0.937500000
vt 0.562500000 0.937500000
vt 0.572916667 0.937500000
vt 0.583333333 0.937500000
vt 0.593750000 0.937500000
vt 0.604166667 0.937500000
vt 0.614583333 0.937500000
vt 0.625000000 0.937500000
vt 0.635416667 0.937500000
vt 0.645833333 0.937500000
vt 0.656250000 0.937500000
vt 0.666666667 0.937500000
vt 0.677083333 0.937500000
vt 0.687500000 0.937500000
vt 0.697916667 0.937500000
vt 0.708333333 0.937500000
vt 0.718750000 0.937500000
vt 0.729166667 0.937500000
vt 0.739583333 0.937500000
vt 0.750000000 0.937500000
vt 0.760416667 0.937500000
vt 0.770833333 0.937500000
vt 0.781250000 0.937500000
vt 0.791666667 0.937500000
vt 0.802083333 0.937500000
vt 0.812500000 0.937500000
vt 0.822916667 0.937500000
vt 0.833333333 0.937500000
vt 0.843750000 0.937500000
vt 0.854166667 0.937500000
vt 0.864583333 0.937500000
vt 0.875000000 0.937500000
vt 0.885416667 0.937500000
vt 0.895833333 0.937500000
vt 0.906250000 0.937500000
vt 0.916666667 0.937500000
vt 0.927083333 0.937500000
vt 0.937500000 0.937500000
vt 0.947916667 0.937500000
vt 0.958333333 0.937500000
vt 0.968750000 0.937500000
vt 0.979166667 0.937500000
vt 0.989583333 0.937500000
vt 1.000000000 0.937500000
vt 0.000000000 0.916666667
vt 0.010416667 0.916666667
vt 0.020833333 0.916666667
vt 0.031250000 0.916666667
vt 0.041666667 0.916666667
vt 0.052083333 0.916666667
vt 0.062500000 0.916666667
vt 0.072916667 0.916666667
vt 0.083333333 0.916666667
vt 0.093750000 0.916666667
vt 0.104166667 0.916666667
vt 0.114583333 0.916666667
vt 0.125000000 0.916666667
vt 0.135416667 0.916666667
vt 0.145833333 0.916666667
vt 0.156250000 0.916666667
vt 0.166666667 0.916666667
vt 0.177083333 0.916666667
vt 0.187500000 0.916666667
vt 0.197916667 0.916666667
vt 0.208333333 0.916666667
vt 0.218750000 0.916666667
vt 0.229166667 0.916666667
vt 0.239583333 0.916666667
vt 0.250000000 0.916666667
vt 0.260416667 0.916666667
vt 0.270833333 0.916666667
vt 0.281250000 0.916666667
vt 0.291666667 0.916666667
vt 0.302083333 0.916666667
vt 0.312500000 0.916666667
vt 0.322916667 0.916666667
vt 0.333333333 0.916666667
vt 0.343750000 0.916666667
vt 0.354166667 0.916666667
vt 0.364583333 0.916666667
vt 0.375000000 0.916666667
vt 0.385416667 0.916666667
vt 0.395833333 0.916666667
vt 0.406250000 0.916666667
vt 0.416666667 0.916666667
vt 0.427083333 0.916666667
vt 0.437500000 0.916666667
vt 0.447916667 0.916666667
vt 0.458333333 0.916666667
vt 0.468750000 0.916666667
vt 0.479166667 0.916666667
vt 0.489583333 0.916666667
vt 0.500000000 0.916666667
vt 0.510416667 0.916666667
vt 0.520833333 0.916666667
vt 0.531250000 0.916666667
vt 0.541666667 0.916666667
vt 0.552083333 0.916666667
vt 0.562500000 0.916666667
vt 0.572916667 0.916666667
vt 0.583333333 0.916666667
vt 0.593750000 0.916666667
vt 0.604166667 0.916666667
vt 0.614583333 0.916666667
vt 0.625000000 0.916666667
vt 0.635416667 0.916666667
vt 0.645833333 0.916666667
vt 0.656250000 0.916666667
vt 0.666666667 0.916666667
vt 0.677083333 0.916666667
vt 0.687500000 0.916666667
vt 0.697916667 0.916666667
vt 0.708333333 0.916666667
vt 0.718750000 0.916666667
vt 0.729166667 0.916666667
vt 0.739583333 0.916666667
vt 0.750000000 0.916666667
vt 0.760416667 0.916666667
vt 0.770833333 0.916666667
vt 0.781250000 0.916666667
vt 0.791666667 0.916666667
vt 0.802083333 0.916666667
vt 0.812500000 0.916666667
vt 0.822916667 0.916666667
vt 0.833333333 0.916666667
vt 0.843750000 0.916666667
vt 0.854166667 0.916666667
vt 0.864583333 0.916666667
vt 0.875000000 0.916666667
vt 0.885416667 0.916666667
vt 0.895833333 0.916666667
vt 0.906250000 0.916666667
vt 0.916666667 0.916666667
vt 0.927083333 0.916666667
vt 0.937500000 0.916666667
vt 0.947916667 0.916666667
vt 0.958333333 0.916666667
vt 0.968750000 0.916666667
vt 0.979166667 0.916666667
vt 0.989583333 0.916666667
vt 1.000000000 0.916666667
vt 0.000000000 0.895833333
vt 0.010416667 0.895833333
vt 0.020833333 0.895833333
vt 0.031250000 0.895833333
vt 0.041666667 0.895833333
vt 0.052083333 0.895833333
vt 0.062500000 0.895833333
vt 0.072916667 0.895833333
vt 0.083333333 0.895833333
vt 0.093750000 0.895833333
vt 0.104166667 0.895833333
vt 0.114583333 0.895833333
vt 0.125000000 0.895833333
vt 0.135416667 0.895833333
vt 0.145833333 0.895833333
vt 0.156250000 0.895833333
vt 0.166666667 0.895833333
vt 0.177083333 0.895833333
vt 0.187500000 0.895833333
vt 0.197916667 0.895833333
vt 0.208333333 0.895833333
vt 0.218750000 0.895833333
vt 0.229166667 0.895833333
vt 0.239583333 0.895833333
vt 0.250000000 0.895833333
vt 0.260416667 0.895833333
vt 0.270833333 0.895833333
vt 0.281250000 0.895833333
vt 0.291666667 0.895833333
vt 0.302083333 0.895833333
vt 0.312500000 0.895833333
vt 0.322916667 0.895833333
vt 0.333333333 0.895833333
vt 0.343750000 0.895833333
vt 0.354166667 0.895833333
vt 0.364583333 0.895833333
vt 0.375000000 0.895833333
vt 0.385416667 0.895833333
vt 0.395833333 0.895833333
vt 0.406250000 0.895833333
vt 0.416666667 0.895833333
vt 0.427083333 0.895833333
vt 0.437500000 0.895833333
vt 0.447916667 0.895833333
vt 0.458333333 0.895833333
vt 0.468750000 0.895833333
vt 0.479166667 0.895833333
vt 0.489583333 0.895833333
vt 0.500000000 0.895833333
vt 0.510416667 0.895833333
vt 0.520833333 0.895833333
vt 0.531250000 0.895833333
vt 0.541666667 0.895833333
vt 0.552083333 0.895833333
vt 0.562500000 0.895833333
vt 0.572916667 0.895833333
vt 0.583333333 0.895833333
vt 0.593750000 0.895833333
vt 0.604166667 0.895833333
vt 0.614583333 0.895833333
vt 0.625000000 0.895833333
vt 0.635416667 0.895833333
vt 0.645833333 0.895833333
vt 0.656250000 0.895833333
vt 0.666666667 0.895833333
vt 0.677083333 0.895833333
vt 0.687500000 0.895833333
vt 0.697916667 0.895833333
vt 0.708333333 0.895833333
vt 0.718750000 0.895833333
vt 0.729166667 0.895833333
vt 0.739583333 0.895833333
vt 0.750000000 0.895833333
vt 0.760416667 0.895833333
vt 0.770833333 0.895833333
vt 0.781250000 0.895833333
vt 0.791666667 0.895833333
vt 0.802083333 0.895833333
vt 0.812500000 0.895833333
vt 0.822916667 0.895833333
vt 0.833333333 0.895833333
vt 0.843750000 0.895833333
vt 0.854166667 0.895833333
vt 0.864583333 0.895833333
vt 0.875000000 0.895833333
vt 0.885416667 0.895833333
vt 0.895833333 0.895833333
vt 0.906250000 0.895833333
vt 0.916666667 0.895833333
vt 0.927083333 0.895833333
vt 0.937500000 0.895833333
vt 0.947916667 0.895833333
vt 0.958333333 0.895833333
vt 0.968750000 0.895833333
vt 0.979166667 0.895833333
vt 0.989583333 0.895833333
vt 1.000000000 0.895833333
vt 0.000000000 0.875000000
vt 0.010416667 0.875000000
vt 0.020833333 0.875000000
vt 0.031250000 0.875000000
vt 0.041666667 0.875000000
vt 0.052083333 0.875000000
vt 0.062500000 0.875000000
vt 0.072916667 0.875000000
vt 0.083333333 0.875000000
vt 0.093750000 0.875000000
vt 0.104166667 0.875000000
vt 0.114583333 0.875000000
vt 0.125000000 0.875000000
vt 0.135416667 0.875000000
vt 0.145833333 0.875000000
vt 0.156250000 0.875000000
vt 0.166666667 0.875000000
vt 0.177083333 0.875000000
vt 0.187500000 0.875000000
vt 0.197916667 0.875000000
vt 0.208333333 0.875000000
vt 0.218750000 0.875000000
vt 0.229166667 0.875000000
vt 0.239583333 0.875000000
vt 0.250000000 0.875000000
vt 0.260416667 0.875000000
vt 0.270833333 0.875000000
vt 0.281250000 0.875000000
vt 0.291666667 0.875000000
vt 0.302083333 0.875000000
vt 0.312500000 0.875000000
vt 0.322916667 0.875000000
vt 0.333333333 0.875000000
vt 0.343750000 0.875000000
vt 0.354166667 0.875000000
vt 0.364583333 0.875000000
vt 0.375000000 0.875000000
vt 0.385416667 0.875000000
vt 0.395833333 0.875000000
vt 0.406250000 0.875000000
vt 0.416666667 0.875000000
vt 0.427083333 0.875000000
vt 0.437500000 0.875000000
vt 0.447916667 0.875000000
vt 0.458333333 0.875000000
vt 0.468750000 0.875000000
vt 0.479166667 0.875000000
vt 0.489583333 0.875000000
vt 0.500000000 0.875000000
vt 0.510416667 0.875000000
vt 0.520833333 0.875000000
vt 0.531250000 0.875000000
vt 0.541666667 0.875000000
vt 0.552083333 0.875000000
vt 0.562500000 0.875000000
vt 0.572916667 0.875000000
vt 0.583333333 0.875000000
vt 0.593750000 0.875000000
vt 0.604166667 0.875000000
vt 0.614583333 0.875000000
vt 0.625000000 0.875000000
vt 0.635416667 0.875000000
vt 0.645833333 0.875000000
vt 0.656250000 0.875000000
vt 0.666666667 0.875000000
vt 0.677083333 0.875000000
vt 0.687500000 0.875000000
vt 0.697916667 0.875000000
vt 0.708333333 0.875000000
vt 0.718750000 0.875000000
vt 0.729166667 0.875000000
vt 0.739583333 0.875000000
vt 0.750000000 0.875000000
vt 0.760416667 0.875000000
vt 0.770833333 0.875000000
vt 0.781250000 0.875000000
vt 0.791666667 0.875000000
vt 0.802083333 0.875000000
vt 0.812500000 0.875000000
vt 0.822916667 0.875000000
vt 0.833333333 0.875000000
vt 0.843750000 0.875000000
vt 0.854166667 0.875000000
vt 0.864583333 0.875000000
vt 0.875000000 0.875000000
vt 0.885416667 0.875000000
vt 0.895833333 0.875000000
vt 0.906250000 0.875000000
vt 0.916666667 0.875000000
vt 0.927083333 0.875000000
vt 0.937500000 0.875000000
vt 0.947916667 0.875000000
vt 0.958333333 0.875000000
vt 0.968750000 0.875000000
vt 0.979166667 0.875000000
vt 0.989583333 0.875000000
vt 1.000000000 0.875000000
vt 0.000000000 0.854166667
vt 0.010416667 0.854166667
vt 0.020833333 0.854166667
vt 0.031250000 0.854166667
vt 0.041666667 0.854166667
vt 0.052083333 0.854166667
vt 0.062500000 0.854166667
vt 0.072916667 0.854166667
vt 0.083333333 0.854166667
vt 0.093750000 0.854166667
vt 0.104166667 0.854166667
vt 0.114583333 0.854166667
vt 0.125000000 0.854166667
vt 0.135416667 0.854166667
vt 0.145833333 0.854166667
vt 0.156250000 0.854166667
vt 0.166666667 0.854166667
vt 0.177083333 0.854166667
vt 0.187500000 0.854166667
vt 0.197916667 0.854166667
vt 0.208333333 0.854166667
vt 0.218750000 0.854166667
vt 0.229166667 0.854166667
vt 0.239583333 0.854166667
vt 0.250000000 0.854166667
vt 0.260416667 0.854166667
vt 0.270833333 0.854166667
vt 0.281250000 0.854166667
vt 0.291666667 0.854166667
vt 0.302083333 0.854166667
vt 0.312500000 0.854166667
vt 0.322916667 0.854166667
vt 0.333333333 0.854166667
vt 0.343750000 0.854166667
vt 0.354166667 0.854166667
vt 0.364583333 0.854166667
vt 0.375000000 0.854166667
vt 0.385416667 0.854166667
vt 0.395833333 0.854166667
vt 0.406250000 0.854166667
vt 0.416666667 0.854166667
vt 0.427083333 0.854166667
vt 0.437500000 0.854166667
vt 0.447916667 0.854166667
vt 0.458333333 0.854166667
vt 0.468750000 0.854166667
vt 0.479166667 0.854166667
vt 0.489583333 0.854166667
vt 0.500000000 0.854166667
vt 0.510416667 0.854166667
vt 0.520833333 0.854166667
vt 0.531250000 0.854166667
vt 0.541666667 0.854166667
vt 0.552083333 0.854166667
vt 0.562500000 0.854166667
vt 0.572916667 0.854166667
vt 0.583333333 0.854166667
vt 0.593750000 0.854166667
vt 0.604166667 0.854166667
vt 0.614583333 0.854166667
vt 0.625000000 0.854166667
vt 0.635416667 0.854166667
vt 0.645833333 0.854166667
vt 0.656250000 0.854166667
vt 0.666666667 0.854166667
vt 0.677083333 0.854166667
vt 0.687500000 0.854166667
vt 0.697916667 0.854166667
vt 0.708333333 0.854166667
vt 0.718750000 0.854166667
vt 0.729166667 0.854166667
vt 0.739583333 0.854166667
vt 0.750000000 0.854166667
vt 0.760416667 0.854166667
vt 0.770833333 0.854166667
vt 0.781250000 0.854166667
vt 0.791666667 0.854166667
vt 0.802083333 0.854166667
vt 0.812500000 0.854166667
vt 0.822916667 0.854166667
vt 0.833333333 0.854166667
vt 0.843750000 0.854166667
vt 0.854166667 0.854166667
vt 0.864583333 0.854166667
vt 0.875000000 0.854166667
vt 0.885416667 0.854166667
vt 0.895833333 0.854166667
vt 0.906250000 0.854166667
vt 0.916666667 0.854166667
vt 0.927083333 0.854166667
vt 0.937500000 0.854166667
vt 0.947916667 0.854166667
vt 0.958333333 0.854166667
vt 0.968750000 0.854166667
vt 0.979166667 0.854166667
vt 0.989583333 0.854166667
vt 1.000000000 0.854166667
vt 0.000000000 0.833333333
vt 0.010416667 0.833333333
vt 0.020833333 0.833333333
vt 0.031250000 0.833333333
vt 0.041666667 0.833333333
vt 0.052083333 0.833333333
vt 0.062500000 0.833333333
vt 0.072916667 0.833333333
vt 0.083333333 0.833333333
vt 0.093750000 0.833333333
vt 0.104166667 0.833333333
vt 0.114583333 0.833333333
vt 0.125000000 0.833333333
vt 0.135416667 0.833333333
vt 0.145833333 0.833333333
vt 0.156250000 0.833333333
vt 0.166666667 0.833333333
vt 0.177083333 0.833333333
vt 0.187500000 0.833333333
vt 0.197916667 0.833333333
vt 0.208333333 0.833333333
vt 0.218750000 0.833333333
vt 0.229166667 0.833333333
vt 0.239583333 0.833333333
vt 0.250000000 0.833333333
vt 0.260416667 0.833333333
vt 0.270833333 0.833333333
vt 0.281250000 0.833333333
vt 0.291666667 0.833333333
vt 0.302083333 0.833333333
vt 0.312500000 0.833333333
vt 0.322916667 0.833333333
vt 0.333333333 0.833333333
vt 0.343750000 0.833333333
vt 0.354166667 0.833333333
vt 0.364583333 0.833333333
vt 0.375000000 0.833333333
vt 0.385416667 0.833333333
vt 0.395833333 0.833333333
vt 0.406250000 0.833333333
vt 0.416666667 0.833333333
vt 0.427083333 0.833333333
vt 0.437500000 0.833333333
vt 0.447916667 0.833333333
vt 0.458333333 0.833333333
vt 0.468750000 0.833333333
vt 0.479166667 0.833333333
vt 0.489583333 0.833333333
vt 0.500000000 0.833333333
vt 0.510416667 0.833333333
vt 0.520833333 0.833333333
vt 0.531250000 0.833333333
vt 0.541666667 0.833333333
vt 0.552083333 0.833333333
vt 0.562500000 0.833333333
vt 0.572916667 0.833333333
vt 0.583333333 0.833333333
vt 0.593750000 0.833333333
vt 0.604166667 0.833333333
vt 0.614583333 0.833333333
vt 0.625000000 0.833333333
vt 0.635416667 0.833333333
vt 0.645833333 0.833333333
vt 0.656250000 0.833333333
vt 0.666666667 0.833333333
vt 0.677083333 0.833333333
vt 0.687500000 0.833333333
vt 0.697916667 0.833333333
vt 0.708333333 0.833333333
vt 0.718750000 0.833333333
vt 0.729166667 0.833333333
vt 0.739583333 0.833333333
vt 0.750000000 0.833333333
vt 0.760416667 0.833333333
vt 0.770833333 0.833333333
vt 0.781250000 0.833333333
vt 0.791666667 0.833333333
vt 0.802083333 0.833333333
vt 0.812500000 0.833333333
vt 0.822916667 0.833333333
vt 0.833333333 0.833333333
vt 0.843750000 0.833333333
vt 0.854166667 0.833333333
vt 0.864583333 0.833333333
vt 0.875000000 0.833333333
vt 0.885416667 0.833333333
vt 0.895833333 0.833333333
vt 0.906250000 0.833333333
vt 0.916666667 0.833333333
vt 0.927083333 0.833333333
vt 0.937500000 0.833333333
vt 0.947916667 0.833333333
vt 0.958333333 0.833333333
vt 0.968750000 0.833333333
vt 0.979166667 0.833333333
vt 0.989583333 0.833333333
vt 1.000000000 0.833333333
vt 0.000000000 0.812500000
vt 0.010416667 0.812500000
vt 0.020833333 0.812500000
vt 0.031250000 0.812500000
vt 0.041666667 0.812500000
vt 0.052083333 0.812500000
vt 0.062500000 0.812500000
vt 0.072916667 0.812500000
vt 0.083333333 0.812500000
vt 0.093750000 0.812500000
vt 0.104166667 0.812500000
vt 0.114583333 0.812500000
vt 0.125000000 0.812500000
vt 0.135416667 0.812500000
vt 0.145833333 0.812500000
vt 0.156250000 0.812500000
vt 0.166666667 0.812500000
vt 0.177083333 0.812500000
vt 0.187500000 0.812500000
vt 0.197916667 0.812500000
vt 0.208333333 0.812500000
vt 0.218750000 0.812500000
vt 0.229166667 0.812500000
vt 0.239583333 0.812500000
vt 0.250000000 0.812500000
vt 0.260416667 0.812500000
vt 0.270833333 0.812500000
vt 0.281250000 0.812500000
vt 0.291666667 0.812500000
vt 0.302083333 0.812500000
vt 0.312500000 0.812500000
vt 0.322916667 0.812500000
vt 0.333333333 0.812500000
vt 0.343750000 0.812500000
vt 0.354166667 0.812500000
vt 0.364583333 0.812500000
vt 0.375000000 0.812500000
vt 0.385416667 0.812500000
vt 0.395833333 0.812500000
vt 0.406250000 0.812500000
vt 0.416666667 0.812500000
vt 0.427083333 0.812500000
vt 0.437500000 0.812500000
vt 0.447916667 0.812500000
vt 0.458333333 0.812500000
vt 0.468750000 0.812500000
vt 0.479166667 0.812500000
vt 0.489583333 0.812500000
vt 0.500000000 0.812500000
vt 0.510416667 0.812500000
vt 0.520833333 0.812500000
vt 0.531250000 0.812500000
vt 0.541666667 0.812500000
vt 0.552083333 0.812500000
vt 0.562500000 0.812500000
vt 0.572916667 0.812500000
vt 0.583333333 0.812500000
vt 0.593750000 0.812500000
vt 0.604166667 0.812500000
vt 0.614583333 0.812500000
vt 0.625000000 0.812500000
vt 0.635416667 0.812500000
vt 0.645833333 0.812500000
vt 0.656250000 0.812500000
vt 0.666666667 0.812500000
vt 0.677083333 0.812500000
vt 0.687500000 0.812500000
vt 0.697916667 0.812500000
vt 0.708333333 0.812500000
vt 0.718750000 0.812500000
vt 0.729166667 0.812500000
vt 0.739583333 0.812500000
vt 0.750000000 0.812500000
vt 0.760416667 0.812500000
vt 0.770833333 0.812500000
vt 0.781250000 0.812500000
vt 0.791666667 0.812500000
vt 0.802083333 0.812500000
vt 0.812500000 0.812500000
vt 0.822916667 0.812500000
vt 0.833333333 0.812500000
vt 0.843750000 0.812500000
vt 0.854166667 0.812500000
vt 0.864583333 0.812500000
vt 0.875000000 0.812500000
vt 0.885416667 0.812500000
vt 0.895833333 0.812500000
vt 0.906250000 0.812500000
vt 0.916666667 0.812500000
vt 0.927083333 0.812500000
vt 0.937500000 0.812500000
vt 0.947916667 0.812500000
vt 0.958333333 0.812500000
vt 0.968750000 0.812500000
vt 0.979166667 0.812500000
vt 0.989583333 0.812500000
vt 1.000000000 0.812500000
vt 0.000000000 0.791666667
vt 0.010416667 0.791666667
vt 0.020833333 0.791666667
vt 0.031250000 0.791666667
vt 0.041666667 0.791666667
vt 0.052083333 0.791666667
vt 0.062500000 0.791666667
vt 0.072916667 0.791666667
vt 0.083333333 0.791666667
vt 0.093750000 0.791666667
vt 0.104166667 0.791666667
vt 0.114583333 0.791666667
vt 0.125000000 0.791666667
vt 0.135416667 0.791666667
vt 0.145833333 0.791666667
vt 0.156250000 0.791666667
vt 0.166666667 0.791666667
vt 0.177083333 0.791666667
vt 0.187500000 0.791666667
vt 0.197916667 0.791666667
vt 0.208333333 0.791666667
vt 0.218750000 0.791666667
vt 0.229166667 0.791666667
vt 0.239583333 0.791666667
vt 0.250000000 0.791666667
vt 0.260416667 0.791666667
vt 0.270833333 0.791666667
vt 0.281250000 0.791666667
vt 0.291666667 0.791666667
vt 0.302083333 0.791666667
vt 0.312500000 0.791666667
vt 0.322916667 0.791666667
vt 0.333333333 0.791666667
vt 0.343750000 0.791666667
vt 0.354166667 0.791666667
vt 0.364583333 0.791666667
vt 0.375000000 0.791666667
vt 0.385416667 0.791666667
vt 0.395833333 0.791666667
vt 0.406250000 0.791666667
vt 0.416666667 0.791666667
vt 0.427083333 0.791666667
vt 0.437500000 0.791666667
vt 0.447916667 0.791666667
vt 0.458333333 0.791666667
vt 0.468750000 0.791666667
vt 0.479166667 0.791666667
vt 0.489583333 0.791666667
vt 0.500000000 0.791666667
vt 0.510416667 0.791666667
vt 0.520833333 0.791666667
vt 0.531250000 0.791666667
vt 0.541666667 0.791666667
vt 0.552083333 0.791666667
vt 0.562500000 0.791666667
vt 0.572916667 0.791666667
vt 0.583333333 0.791666667
vt 0.593750000 0.791666667
vt 0.604166667 0.791666667
vt 0.614583333 0.791666667
vt 0.625000000 0.791666667
vt 0.635416667 0.791666667
vt 0.645833333 0.791666667
vt 0.656250000 0.791666667
vt 0.666666667 0.791666667
vt 0.677083333 0.791666667
vt 0.687500000 0.791666667
vt 0.697916667 0.791666667
vt 0.708333333 0.791666667
vt 0.718750000 0.791666667
vt 0.729166667 0.791666667
vt 0.739583333 0.791666667
vt 0.750000000 0.791666667
vt 0.760416667 0.791666667
vt 0.770833333 0.791666667
vt 0.781250000 0.791666667
vt 0.791666667 0.791666667
vt 0.802083333 0.791666667
vt 0.812500000 0.791666667
vt 0.822916667 0.791666667
vt 0.833333333 0.791666667
vt 0.843750000 0.791666667
vt 0.854166667 0.791666667
vt 0.864583333 0.791666667
vt 0.875000000 0.791666667
vt 0.885416667 0.791666667
vt 0.895833333 0.791666667
vt 0.906250000 0.791666667
vt 0.916666667 0.791666667
vt 0.927083333 0.791666667
vt 0.937500000 0.791666667
vt 0.947916667 0.791666667
vt 0.958333333 0.791666667
vt 0.968750000 0.791666667
vt 0.979166667 0.791666667
vt 0.989583333 0.791666667
vt 1.000000000 0.791666667
vt 0.000000000 0.770833333
vt 0.010416667 0.770833333
vt 0.020833333 0.770833333
vt 0.031250000 0.770833333
vt 0.041666667 0.770833333
vt 0.052083333 0.770833333
vt 0.062500000 0.770833333
vt 0.072916667 0.770833333
vt 0.083333333 0.770833333
vt 0.093750000 0.770833333
vt 0.104166667 0.770833333
vt 0.114583333 0.770833333
vt 0.125000000 0.770833333
vt 0.135416667 0.770833333
vt 0.145833333 0.770833333
vt 0.156250000 0.770833333
vt 0.166666667 0.770833333
vt 0.177083333 0.770833333
vt 0.187500000 0.770833333
vt 0.197916667 0.770833333
vt 0.208333333 0.770833333
vt 0.218750000 0.770833333
vt 0.229166667 0.770833333
vt 0.239583333 0.770833333
vt 0.250000000 0.770833333
vt 0.260416667 0.770833333
vt 0.270833333 0.770833333
vt 0.281250000 0.770833333
vt 0.291666667 0.770833333
vt 0.302083333 0.770833333
vt 0.312500000 0.770833333
vt 0.322916667 0.770833333
vt 0.333333333 0.770833333
vt 0.343750000 0.770833333
vt 0.354166667 0.770833333
vt 0.364583333 0.770833333
vt 0.375000000 0.770833333
vt 0.385416667 0.770833333
vt 0.395833333 0.770833333
vt 0.406250000 0.770833333
vt 0.416666667 0.770833333
vt 0.427083333 0.770833333
vt 0.437500000 0.770833333
vt 0.447916667 0.770833333
vt 0.458333333 0.770833333
vt 0.468750000 0.770833333
vt 0.479166667 0.770833333
vt 0.489583333 0.770833333
vt 0.500000000 0.770833333
vt 0.510416667 0.770833333
vt 0.520833333 0.770833333
vt 0.531250000 0.770833333
vt 0.541666667 0.770833333
vt 0.552083333 0.770833333
vt 0.562500000 0.770833333
vt 0.572916667 0.770833333
vt 0.583333333 0.770833333
vt 0.593750000 0.770833333
vt 0.604166667 0.770833333
vt 0.614583333 0.770833333
vt 0.625000000 0.770833333
vt 0.635416667 0.770833333
vt 0.645833333 0.770833333
vt 0.656250000 0.770833333
vt 0.666666667 0.770833333
vt 0.677083333 0.770833333
vt 0.687500000 0.770833333
vt 0.697916667 0.770833333
vt 0.708333333 0.770833333
vt 0.718750000 0.770833333
vt 0.729166667 0.770833333
vt 0.739583333 0.770833333
vt 0.750000000 0.770833333
vt 0.760416667 0.770833333
vt 0.770833333 0.770833333
vt 0.781250000 0.770833333
vt 0.791666667 0.770833333
vt 0.802083333 0.770833333
vt 0.812500000 0.770833333
vt 0.822916667 0.770833333
vt 0.833333333 0.770833333
vt 0.843750000 0.770833333
vt 0.854166667 0.770833333
vt 0.864583333 0.770833333
vt 0.875000000 0.770833333
vt 0.885416667 0.770833333
vt 0.895833333 0.770833333
vt 0.906250000 0.770833333
vt 0.916666667 0.770833333
vt 0.927083333 0.770833333
vt 0.937500000 0.770833333
vt 0.947916667 0.770833333
vt 0.958333333 0.770833333
vt 0.968750000 0.770833333
vt 0.979166667 0.770833333
vt 0.989583333 0.770833333
vt 1.000000000 0.770833333
vt 0.000000000 0.750000000
vt 0.010416667 0.750000000
vt 0.020833333 0.750000000
vt 0.031250000 0.750000000
vt 0.041666667 0.750000000
vt 0.052083333 0.750000000
vt 0.062500000 0.750000000
vt 0.072916667 0.750000000
vt 0.083333333 0.750000000
vt 0.093750000 0.750000000
vt 0.104166667 0.750000000
vt 0.114583333 0.750000000
vt 0.125000000 0.750000000
vt 0.135416667 0.750000000
vt 0.145833333 0.750000000
vt 0.156250000 0.750000000
vt 0.166666667 0.750000000
vt 0.177083333 0.750000000
vt 0.187500000 0.750000000
vt 0.197916667 0.750000000
vt 0.208333333 0.750000000
vt 0.218750000 0.750000000
vt 0.229166667 0.750000000
vt 0.239583333 0.750000000
vt 0.250000000 0.750000000
vt 0.260416667 0.750000000
vt 0.270833333 0.750000000
vt 0.281250000 0.750000000
vt 0.291666667 0.750000000
vt 0.302083333 0.750000000
vt 0.312500000 0.750000000
vt 0.322916667 0.750000000
vt 0.333333333 0.750000000
vt 0.343750000 0.750000000
vt 0.354166667 0.750000000
vt 0.364583333 0.750000000
vt 0.375000000 0.750000000
vt 0.385416667 0.750000000
vt 0.395833333 0.750000000
vt 0.406250000 0.750000000
vt 0.416666667 0.750000000
vt 0.427083333 0.750000000
vt 0.437500000 0.750000000
vt 0.447916667 0.750000000
vt 0.458333333 0.750000000
vt 0.468750000 0.750000000
vt 0.479166667 0.750000000
vt 0.489583333 0.750000000
vt 0.500000000 0.750000000
vt 0.510416667 0.750000000
vt 0.520833333 0.750000000
vt 0.531250000 0.750000000
vt 0.541666667 0.750000000
vt 0.552083333 0.750000000
vt 0.562500000 0.750000000
vt 0.572916667 0.750000000
vt 0.583333333 0.750000000
vt 0.593750000 0.750000000
vt 0.604166667 0.750000000
vt 0.614583333 0.750000000
vt 0.625000000 0.750000000
vt 0.635416667 0.750000000
vt 0.645833333 0.750000000
vt 0.656250000 0.750000000
vt 0.666666667 0.750000000
vt 0.677083333 0.750000000
vt 0.687500000 0.750000000
vt 0.697916667 0.750000000
vt 0.708333333 0.750000000
vt 0.718750000 0.750000000
vt 0.729166667 0.750000000
vt 0.739583333 0.750000000
vt 0.750000000 0.750000000
vt 0.760416667 0.750000000
vt 0.770833333 0.750000000
vt 0.781250000 0.750000000
vt 0.791666667 0.750000000
vt 0.802083333 0.750000000
vt 0.812500000 0.750000000
vt 0.822916667 0.750000000
vt 0.833333333 0.750000000
vt 0.843750000 0.750000000
vt 0.854166667 0.750000000
vt 0.864583333 0.750000000
vt 0.875000000 0.750000000
vt 0.885416667 0.750000000
vt 0.895833333 0.750000000
vt 0.906250000 0.750000000
vt 0.916666667 0.750000000
vt 0.927083333 0.750000000
vt 0.937500000 0.750000000
vt 0.947916667 0.750000000
vt 0.958333333 0.750000000
vt 0.968750000 0.750000000
vt 0.979166667 0.750000000
vt 0.989583333 0.750000000
vt 1.000000000 0.750000000
vt 0.000000000 0.729166667
vt 0.010416667 0.729166667
vt 0.020833333 0.729166667
vt 0.031250000 0.729166667
vt 0.041666667 0.729166667
vt 0.052083333 0.729166667
vt 0.062500000 0.729166667
vt 0.072916667 0.729166667
vt 0.083333333 0.729166667
vt 0.093750000 0.729166667
vt 0.104166667 0.729166667
vt 0.114583333 0.729166667
vt 0.125000000 0.729166667
vt 0.135416667 0.729166667
vt 0.145833333 0.729166667
vt 0.156250000 0.729166667
vt 0.166666667 0.729166667
vt 0.177083333 0.729166667
vt 0.187500000 0.729166667
vt 0.197916667 0.729166667
vt 0.208333333 0.729166667
vt 0.218750000 0.729166667
vt 0.229166667 0.729166667
vt 0.239583333 0.729166667
vt 0.250000000 0.729166667
vt 0.260416667 0.729166667
vt 0.270833333 0.729166667
vt 0.281250000 0.729166667
vt 0.291666667 0.729166667
vt 0.302083333 0.729166667
vt 0.312500000 0.729166667
vt 0.322916667 0.729166667
vt 0.333333333 0.729166667
vt 0.343750000 0.729166667
vt 0.354166667 0.729166667
vt 0.364583333 0.729166667
vt 0.375000000 0.729166667
vt 0.385416667 0.729166667
vt 0.395833333 0.729166667
vt 0.406250000 0.729166667
vt 0.416666667 0.729166667
vt 0.427083333 0.729166667
vt 0.437500000 0.729166667
vt 0.447916667 0.729166667
vt 0.458333333 0.729166667
vt 0.468750000 0.729166667
vt 0.479166667 0.729166667
vt 0.489583333 0.729166667
vt 0.500000000 0.729166667
vt 0.510416667 0.729166667
vt 0.520833333 0.729166667
vt 0.531250000 0.729166667
vt 0.541666667 0.729166667
vt 0.552083333 0.729166667
vt 0.562500000 0.729166667
vt 0.572916667 0.729166667
vt 0.583333333 0.729166667
vt 0.593750000 0.729166667
vt 0.604166667 0.729166667
vt 0.614583333 0.729166667
vt 0.625000000 0.729166667
vt 0.635416667 0.729166667
vt 0.645833333 0.729166667
vt 0.656250000 0.729166667
vt 0.666666667 0.729166667
vt 0.677083333 0.729166667
vt 0.687500000 0.729166667
vt 0.697916667 0.729166667
vt 0.708333333 0.729166667
vt 0.718750000 0.729166667
vt 0.729166667 0.729166667
vt 0.739583333 0.729166667
vt 0.750000000 0.729166667
vt 0.760416667 0.729166667
vt 0.770833333 0.729166667
vt 0.781250000 0.729166667
vt 0.791666667 0.729166667
vt 0.802083333 0.729166667
vt 0.812500000 0.729166667
vt 0.822916667 0.729166667
vt 0.833333333 0.729166667
vt 0.843750000 0.729166667
vt 0.854166667 0.729166667
vt 0.864583333 0.729166667
vt 0.875000000 0.729166667
vt 0.885416667 0.729166667
vt 0.895833333 0.729166667
vt 0.906250000 0.729166667
vt 0.916666667 0.729166667
vt 0.927083333 0.729166667
vt 0.937500000 0.729166667
vt 0.947916667 0.729166667
vt 0.958333333 0.729166667
vt 0.968750000 0.729166667
vt 0.979166667 0.729166667
vt 0.989583333 0.729166667
vt 1.000000000 0.729166667
vt 0.000000000 0.708333333
vt 0.010416667 0.708333333
vt 0.020833333 0.708333333
vt 0.031250000 0.708333333
vt 0.041666667 0.708333333
vt 0.052083333 0.708333333
vt 0.062500000 0.708333333
vt 0.072916667 0.708333333
vt 0.083333333 0.708333333
vt 0.093750000 0.708333333
vt 0.104166667 0.708333333
vt 0.114583333 0.708333333
vt 0.125000000 0.708333333
vt 0.135416667 0.708333333
vt 0.145833333 0.708333333
vt 0.156250000 0.708333333
vt 0.166666667 0.708333333
vt 0.177083333 0.708333333
vt 0.187500000 0.708333333
vt 0.197916667 0.708333333
vt 0.208333333 0.708333333
vt 0.218750000 0.708333333
vt 0.229166667 0.708333333
vt 0.239583333 0.708333333
vt 0.250000000 0.708333333
vt 0.260416667 0.708333333
vt 0.270833333 0.708333333
vt 0.281250000 0.708333333
vt 0.291666667 0.708333333
vt 0.302083333 0.708333333
vt 0.312500000 0.708333333
vt 0.322916667 0.708333333
vt 0.333333333 0.708333333
vt 0.343750000 0.708333333
vt 0.354166667 0.708333333
vt 0.364583333 0.708333333
vt 0.375000000 0.708333333
vt 0.385416667 0.708333333
vt 0.395833333 0.708333333
vt 0.406250000 0.708333333
vt 0.416666667 0.708333333
vt 0.427083333 0.708333333
vt 0.437500000 0.708333333
vt 0.447916667 0.708333333
vt 0.458333333 0.708333333
vt 0.468750000 0.708333333
vt 0.479166667 0.708333333
vt 0.489583333 0.708333333
vt 0.500000000 0.708333333
vt 0.510416667 0.708333333
vt 0.520833333 0.708333333
vt 0.531250000 0.708333333
vt 0.541666667 0.708333333
vt 0.552083333 0.708333333
vt 0.562500000 0.708333333
vt 0.572916667 0.708333333
vt 0.583333333 0.708333333
vt 0.593750000 0.708333333
vt 0.604166667 0.708333333
vt 0.614583333 0.708333333
vt 0.625000000 0.708333333
vt 0.635416667 0.708333333
vt 0.645833333 0.708333333
vt 0.656250000 0.708333333
vt 0.666666667 0.708333333
vt 0.677083333 0.708333333
vt 0.687500000 0.708333333
vt 0.697916667 0.708333333
vt 0.708333333 0.708333333
vt 0.718750000 0.708333333
vt 0.729166667 0.708333333
vt 0.739583333 0.708333333
vt 0.750000000 0.708333333
vt 0.760416667 0.708333333
vt 0.770833333 0.708333333
vt 0.781250000 0.708333333
vt 0.791666667 0.708333333
vt 0.802083333 0.708333333
vt 0.812500000 0.708333333
vt 0.822916667 0.708333333
vt 0.833333333 0.708333333
vt 0.843750000 0.708333333
vt 0.854166667 0.708333333
vt 0.864583333 0.708333333
vt 0.875000000 0.708333333
vt 0.885416667 0.708333333
vt 0.895833333 0.708333333
vt 0.906250000 0.708333333
vt 0.916666667 0.708333333
vt 0.927083333 0.708333333
vt 0.937500000 0.708333333
vt 0.947916667 0.708333333
vt 0.958333333 0.708333333
vt 0.968750000 0.708333333
vt 0.979166667 0.708333333
vt 0.989583333 0.708333333
vt 1.000000000 0.708333333
vt 0.000000000 0.687500000
vt 0.010416667 0.687500000
vt 0.020833333 0.687500000
vt 0.031250000 0.687500000
vt 0.041666667 0.687500000
vt 0.052083333 0.687500000
vt 0.062500000 0.687500000
vt 0.072916667 0.687500000
vt 0.083333333 0.687500000
vt 0.093750000 0.687500000
vt 0.104166667 0.687500000
vt 0.114583333 0.687500000
vt 0.125000000 0.687500000
vt 0.135416667 0.687500000
vt 0.145833333 0.687500000
vt 0.156250000 0.687500000
vt 0.166666667 0.687500000
vt 0.177083333 0.687500000
vt 0.187500000 0.687500000
vt 0.197916667 0.687500000
vt 0.208333333 0.687500000
vt 0.218750000 0.687500000
vt 0.229166667 0.687500000
vt 0.239583333 0.687500000
vt 0.250000000 0.687500000
vt 0.260416667 0.687500000
vt 0.270833333 0.687500000
vt 0.281250000 0.687500000
vt 0.291666667 0.687500000
vt 0.302083333 0.687500000
vt 0.312500000 0.687500000
vt 0.322916667 0.687500000
vt 0.333333333 0.687500000
vt 0.343750000 0.687500000
vt 0.354166667 0.687500000
vt 0.364583333 0.687500000
vt 0.375000000 0.687500000
vt 0.385416667 0.687500000
vt 0.395833333 0.687500000
vt 0.406250000 0.687500000
vt 0.416666667 0.687500000
vt 0.427083333 0.687500000
vt 0.437500000 0.687500000
vt 0.447916667 0.687500000
vt 0.458333333 0.687500000
vt 0.468750000 0.687500000
vt 0.479166667 0.687500000
vt 0.489583333 0.687500000
vt 0.500000000 0.687500000
vt 0.510416667 0.687500000
vt 0.520833333 0.687500000
vt 0.531250000 0.687500000
vt 0.541666667 0.687500000
vt 0.552083333 0.687500000
vt 0.562500000 0.687500000
vt 0.572916667 0.687500000
vt 0.583333333 0.687500000
vt 0.593750000 0.687500000
vt 0.604166667 0.687500000
vt 0.614583333 0.687500000
vt 0.625000000 0.687500000
vt 0.635416667 0.687500000
vt 0.645833333 0.687500000
vt 0.656250000 0.687500000
vt 0.666666667 0.687500000
vt 0.677083333 0.687500000
vt 0.687500000 0.687500000
vt 0.697916667 0.687500000
vt 0.708333333 0.687500000
vt 0.718750000 0.687500000
vt 0.729166667 0.687500000
vt 0.739583333 0.687500000
vt 0.750000000 0.687500000
vt 0.760416667 0.687500000
vt 0.770833333 0.687500000
vt 0.781250000 0.687500000
vt 0.791666667 0.687500000
vt 0.802083333 0.687500000
vt 0.812500000 0.687500000
vt 0.822916667 0.687500000
vt 0.833333333 0.687500000
vt 0.843750000 0.687500000
vt 0.854166667 0.687500000
vt 0.864583333 0.687500000
vt 0.875000000 0.687500000
vt 0.885416667 0.687500000
vt 0.895833333 0.687500000
vt 0.906250000 0.687500000
vt 0.916666667 0.687500000
vt 0.927083333 0.687500000
vt 0.937500000 0.687500000
vt 0.947916667 0.687500000
vt 0.958333333 0.687500000
vt 0.968750000 0.687500000
vt 0.979166667 0.687500000
vt 0.989583333 0.687500000
vt 1.000000000 0.687500000
vt 0.000000000 0.666666667
vt 0.010416667 0.666666667
vt 0.020833333 0.666666667
vt 0.031250000 0.666666667
vt 0.041666667 0.666666667
vt 0.052083333 0.666666667
vt 0.062500000 0.666666667
vt 0.072916667 0.666666667
vt 0.083333333 0.666666667
vt 0.093750000 0.666666667
vt 0.104166667 0.666666667
vt 0.114583333 0.666666667
vt 0.125000000 0.666666667
vt 0.135416667 0.666666667
vt 0.145833333 0.666666667
vt 0.156250000 0.666666667
vt 0.166666667 0.666666667
vt 0.177083333 0.666666667
vt 0.187500000 0.666666667
vt 0.197916667 0.666666667
vt 0.208333333 0.666666667
vt 0.218750000 0.666666667
vt 0.229166667 0.666666667
vt 0.239583333 0.666666667
vt 0.250000000 0.666666667
vt 0.260416667 0.666666667
vt 0.270833333 0.666666667
vt 0.281250000 0.666666667
vt 0.291666667 0.666666667
vt 0.302083333 0.666666667
vt 0.312500000 0.666666667
vt 0.322916667 0.666666667
vt 0.333333333 0.666666667
vt 0.343750000 0.666666667
vt 0.354166667 0.666666667
vt 0.364583333 0.666666667
vt 0.375000000 0.666666667
vt 0.385416667 0.666666667
vt 0.395833333 0.666666667
vt 0.406250000 0.666666667
vt 0.416666667 0.666666667
vt 0.427083333 0.666666667
vt 0.437500000 0.666666667
vt 0.447916667 0.666666667
vt 0.458333333 0.666666667
vt 0.468750000 0.666666667
vt 0.479166667 0.666666667
vt 0.489583333 0.666666667
vt 0.500000000 0.666666667
vt 0.510416667 0.666666667
vt 0.520833333 0.666666667
vt 0.531250000 0.666666667
vt 0.541666667 0.666666667
vt 0.552083333 0.666666667
vt 0.562500000 0.666666667
vt 0.572916667 0.666666667
vt 0.583333333 0.666666667
vt 0.593750000 0.666666667
vt 0.604166667 0.666666667
vt 0.614583333 0.666666667
vt 0.625000000 0.666666667
vt 0.635416667 0.666666667
vt 0.645833333 0.666666667
vt 0.656250000 0.666666667
vt 0.666666667 0.666666667
vt 0.677083333 0.666666667
vt 0.687500000 0.666666667
vt 0.697916667 0.666666667
vt 0.708333333 0.666666667
vt 0.718750000 0.666666667
vt 0.729166667 0.666666667
vt 0.739583333 0.666666667
vt 0.750000000 0.666666667
vt 0.760416667 0.666666667
vt 0.770833333 0.666666667
vt 0.781250000 0.666666667
vt 0.791666667 0.666666667
vt 0.802083333 0.666666667
vt 0.812500000 0.666666667
vt 0.822916667 0.666666667
vt 0.833333333 0.666666667
vt 0.843750000 0.666666667
vt 0.854166667 0.666666667
vt 0.864583333 0.666666667
vt 0.875000000 0.666666667
vt 0.885416667 0.666666667
vt 0.895833333 0.666666667
vt 0.906250000 0.666666667
vt 0.916666667 0.666666667
vt 0.927083333 0.666666667
vt 0.937500000 0.666666667
vt 0.947916667 0.666666667
vt 0.958333333 0.666666667
vt 0.968750000 0.666666667
vt 0.979166667 0.666666667
vt 0.989583333 0.666666667
vt 1.000000000 0.666666667
vt 0.000000000 0.645833333
vt 0.010416667 0.645833333
vt 0.020833333 0.645833333
vt 0.031250000 0.645833333
vt 0.041666667 0.645833333
vt 0.052083333 0.645833333
vt 0.062500000 0.645833333
vt 0.072916667 0.645833333
vt 0.083333333 0.645833333
vt 0.093750000 0.645833333
vt 0.104166667 0.645833333
vt 0.114583333 0.645833333
vt 0.125000000 0.645833333
vt 0.135416667 0.645833333
vt 0.145833333 0.645833333
vt 0.156250000 0.645833333
vt 0.166666667 0.645833333
vt 0.177083333 0.645833333
vt 0.187500000 0.645833333
vt 0.197916667 0.645833333
vt 0.208333333 0.645833333
vt 0.218750000 0.645833333
vt 0.229166667 0.645833333
vt 0.239583333 0.645833333
vt 0.250000000 0.645833333
vt 0.260416667 0.645833333
vt 0.270833333 0.645833333
vt 0.281250000 0.645833333
vt 0.291666667 0.645833333
vt 0.302083333 0.645833333
vt 0.312500000 0.645833333
vt 0.322916667 0.645833333
vt 0.333333333 0.645833333
vt 0.343750000 0.645833333
vt 0.354166667 0.645833333
vt 0.364583333 0.645833333
vt 0.375000000 0.645833333
vt 0.385416667 0.645833333
vt 0.395833333 0.645833333
vt 0.406250000 0.645833333
vt 0.416666667 0.645833333
vt 0.427083333 0.645833333
vt 0.437500000 0.645833333
vt 0.447916667 0.645833333
vt 0.458333333 0.645833333
vt 0.468750000 0.645833333
vt 0.479166667 0.645833333
vt 0.489583333 0.645833333
vt 0.500000000 0.645833333
vt 0.510416667 0.645833333
vt 0.520833333 0.645833333
vt 0.531250000 0.645833333
vt 0.541666667 0.645833333
vt 0.552083333 0.645833333
vt 0.562500000 0.645833333
vt 0.572916667 0.645833333
vt 0.583333333 0.645833333
vt 0.593750000 0.645833333
vt 0.604166667 0.645833333
vt 0.614583333 0.645833333
vt 0.625000000 0.645833333
vt 0.635416667 0.645833333
vt 0.645833333 0.645833333
vt 0.656250000 0.645833333
vt 0.666666667 0.645833333
vt 0.677083333 0.645833333
vt 0.687500000 0.645833333
vt 0.697916667 0.645833333
vt 0.708333333 0.645833333
vt 0.718750000 0.645833333
vt 0.729166667 0.645833333
vt 0.739583333 0.645833333
vt 0.750000000 0.645833333
vt 0.760416667 0.645833333
vt 0.770833333 0.645833333
vt 0.781250000 0.645833333
vt 0.791666667 0.645833333
vt 0.802083333 0.645833333
vt 0.812500000 0.645833333
vt 0.822916667 0.645833333
vt 0.833333333 0.645833333
vt 0.843750000 0.645833333
vt 0.854166667 0.645833333
vt 0.864583333 0.645833333
vt 0.875000000 0.645833333
vt 0.885416667 0.645833333
vt 0.895833333 0.645833333
vt 0.906250000 0.645833333
vt 0.916666667 0.645833333
vt 0.927083333 0.645833333
vt 0.937500000 0.645833333
vt 0.947916667 0.645833333
vt 0.958333333 0.645833333
vt 0.968750000 0.645833333
vt 0.979166667 0.645833333
vt 0.989583333 0.645833333
vt 1.000000000 0.645833333
vt 0.000000000 0.625000000
vt 0.010416667 0.625000000
vt 0.020833333 0.625000000
vt 0.031250000 0.625000000
vt 0.041666667 0.625000000
vt 0.052083333 0.625000000
vt 0.062500000 0.625000000
vt 0.072916667 0.625000000
vt 0.083333333 0.625000000
vt 0.093750000 0.625000000
vt 0.104166667 0.625000000
vt 0.114583333 0.625000000
vt 0.125000000 0.625000000
vt 0.135416667 0.625000000
vt 0.145833333 0.625000000
vt 0.156250000 0.625000000
vt 0.166666667 0.625000000
vt 0.177083333 0.625000000
vt 0.187500000 0.625000000
vt 0.197916667 0.625000000
vt 0.208333333 0.625000000
vt 0.218750000 0.625000000
vt 0.229166667 0.625000000
vt 0.239583333 0.625000000
vt 0.250000000 0.625000000
vt 0.260416667 0.625000000
vt 0.270833333 0.625000000
vt 0.281250000 0.625000000
vt 0.291666667 0.625000000
vt 0.302083333 0.625000000
vt 0.312500000 0.625000000
vt 0.322916667 0.625000000
vt 0.333333333 0.625000000
vt 0.343750000 0.625000000
vt 0.354166667 0.625000000
vt 0.364583333 0.625000000
vt 0.375000000 0.625000000
vt 0.385416667 0.625000000
vt 0.395833333 0.625000000
vt 0.406250000 0.625000000
vt 0.416666667 0.625000000
vt 0.427083333 0.625000000
vt 0.437500000 0.625000000
vt 0.447916667 0.625000000
vt 0.458333333 0.625000000
vt 0.468750000 0.625000000
vt 0.479166667 0.625000000
vt 0.489583333 0.625000000
vt 0.500000000 0.625000000
vt 0.510416667 0.625000000
vt 0.520833333 0.625000000
vt 0.531250000 0.625000000
vt 0.541666667 0.625000000
vt 0.552083333 0.625000000
vt 0.562500000 0.625000000
vt 0.572916667 0.625000000
vt 0.583333333 0.625000000
vt 0.593750000 0.625000000
vt 0.604166667 0.625000000
vt 0.614583333 0.625000000
vt 0.625000000 0.625000000
vt 0.635416667 0.625000000
vt 0.645833333 0.625000000
vt 0.656250000 0.625000000
vt 0.666666667 0.625000000
vt 0.677083333 0.625000000
vt 0.687500000 0.625000000
vt 0.697916667 0.625000000
vt 0.708333333 0.625000000
vt 0.718750000 0.625000000
vt 0.729166667 0.625000000
vt 0.739583333 0.625000000
vt 0.750000000 0.625000000
vt 0.760416667 0.625000000
vt 0.770833333 0.625000000
vt 0.781250000 0.625000000
vt 0.791666667 0.625000000
vt 0.802083333 0.625000000
vt 0.812500000 0.625000000
vt 0.822916667 0.625000000
vt 0.833333333 0.625000000
vt 0.843750000 0.625000000
vt 0.854166667 0.625000000
vt 0.864583333 0.625000000
vt 0.875000000 0.625000000
vt 0.885416667 0.625000000
vt 0.895833333 0.625000000
vt 0.906250000 0.625000000
vt 0.916666667 0.625000000
vt 0.927083333 0.625000000
vt 0.937500000 0.625000000
vt 0.947916667 0.625000000
vt 0.958333333 0.625000000
vt 0.968750000 0.625000000
vt 0.979166667 0.625000000
vt 0.989583333 0.625000000
vt 1.000000000 0.625000000
vt 0.000000000 0.604166667
vt 0.010416667 0.604166667
vt 0.020833333 0.604166667
vt 0.031250000 0.604166667
vt 0.041666667 0.604166667
vt 0.052083333 0.604166667
vt 0.062500000 0.604166667
vt 0.072916667 0.604166667
vt 0.083333333 0.604166667
vt 0.093750000 0.604166667
vt 0.104166667 0.604166667
vt 0.114583333 0.604166667
vt 0.125000000 0.604166667
vt 0.135416667 0.604166667
vt 0.145833333 0.604166667
vt 0.156250000 0.604166667
vt 0.166666667 0.604166667
vt 0.177083333 0.604166667
vt 0.187500000 0.604166667
vt 0.197916667 0.604166667
vt 0.208333333 0.604166667
vt 0.218750000 0.604166667
vt 0.229166667 0.604166667
vt 0.239583333 0.604166667
vt 0.250000000 0.604166667
vt 0.260416667 0.604166667
vt 0.270833333 0.604166667
vt 0.281250000 0.604166667
vt 0.291666667 0.604166667
vt 0.302083333 0.604166667
vt 0.312500000 0.604166667
vt 0.322916667 0.604166667
vt 0.333333333 0.604166667
vt 0.343750000 0.604166667
vt 0.354166667 0.604166667
vt 0.364583333 0.604166667
vt 0.375000000 0.604166667
vt 0.385416667 0.604166667
vt 0.395833333 0.604166667
vt 0.406250000 0.604166667
vt 0.416666667 0.604166667
vt 0.427083333 0.604166667
vt 0.437500000 0.604166667
vt 0.447916667 0.604166667
vt 0.458333333 0.604166667
vt 0.468750000 0.604166667
vt 0.479166667 0.604166667
vt 0.489583333 0.604166667
vt 0.500000000 0.604166667
vt 0.510416667 0.604166667
vt 0.520833333 0.604166667
vt 0.531250000 0.604166667
vt 0.541666667 0.604166667
vt 0.552083333 0.604166667
vt 0.562500000 0.604166667
vt 0.572916667 0.604166667
vt 0.583333333 0.604166667
vt 0.593750000 0.604166667
vt 0.604166667 0.604166667
vt 0.614583333 0.604166667
vt 0.625000000 0.604166667
vt 0.635416667 0.604166667
vt 0.645833333 0.604166667
vt 0.656250000 0.604166667
vt 0.666666667 0.604166667
vt 0.677083333 0.604166667
vt 0.687500000 0.604166667
vt 0.697916667 0.604166667
vt 0.708333333 0.604166667
vt 0.718750000 0.604166667
vt 0.729166667 0.604166667
vt 0.739583333 0.604166667
vt 0.750000000 0.604166667
vt 0.760416667 0.604166667
vt 0.770833333 0.604166667
vt 0.781250000 0.604166667
vt 0.791666667 0.604166667
vt 0.802083333 0.604166667
vt 0.812500000 0.604166667
vt 0.822916667 0.604166667
vt 0.833333333 0.604166667
vt 0.843750000 0.604166667
vt 0.854166667 0.604166667
vt 0.864583333 0.604166667
vt 0.875000000 0.604166667
vt 0.885416667 0.604166667
vt 0.895833333 0.604166667
vt 0.906250000 0.604166667
vt 0.916666667 0.604166667
vt 0.927083333 0.604166667
vt 0.937500000 0.604166667
vt 0.947916667 0.604166667
vt 0.958333333 0.604166667
vt 0.968750000 0.604166667
vt 0.979166667 0.604166667
vt 0.989583333 0.604166667
vt 1.000000000 0.604166667
vt 0.000000000 0.583333333
vt 0.010416667 0.583333333
vt 0.020833333 0.583333333
vt 0.031250000 0.583333333
vt 0.041666667 0.583333333
vt 0.052083333 0.583333333
vt 0.062500000 0.583333333
vt 0.072916667 0.583333333
vt 0.083333333 0.583333333
vt 0.093750000 0.583333333
vt 0.104166667 0.583333333
vt 0.114583333 0.583333333
vt 0.125000000 0.583333333
vt 0.135416667 0.583333333
vt 0.145833333 0.583333333
vt 0.156250000 0.583333333
vt 0.166666667 0.583333333
vt 0.177083333 0.583333333
vt 0.187500000 0.583333333
vt 0.197916667 0.583333333
vt 0.208333333 0.583333333
vt 0.218750000 0.583333333
vt 0.229166667 0.583333333
vt 0.239583333 0.583333333
vt 0.250000000 0.583333333
vt 0.260416667 0.583333333
vt 0.270833333 0.583333333
vt 0.281250000 0.583333333
vt 0.291666667 0.583333333
vt 0.302083333 0.583333333
vt 0.312500000 0.583333333
vt 0.322916667 0.583333333
vt 0.333333333 0.583333333
vt 0.343750000 0.583333333
vt 0.354166667 0.583333333
vt 0.364583333 0.583333333
vt 0.375000000 0.583333333
vt 0.385416667 0.583333333
vt 0.395833333 0.583333333
vt 0.406250000 0.583333333
vt 0.416666667 0.583333333
vt 0.427083333 0.583333333
vt 0.437500000 0.583333333
vt 0.447916667 0.583333333
vt 0.458333333 0.583333333
vt 0.468750000 0.583333333
vt 0.479166667 0.583333333
vt 0.489583333 0.583333333
vt 0.500000000 0.583333333
vt 0.510416667 0.583333333
vt 0.520833333 0.583333333
vt 0.531250000 0.583333333
vt 0.541666667 0.583333333
vt 0.552083333 0.583333333
vt 0.562500000 0.583333333
vt 0.572916667 0.583333333
vt 0.583333333 0.583333333
vt 0.593750000 0.583333333
vt 0.604166667 0.583333333
vt 0.614583333 0.583333333
vt 0.625000000 0.583333333
vt 0.635416667 0.583333333
vt 0.645833333 0.583333333
vt 0.656250000 0.583333333
vt 0.666666667 0.583333333
vt 0.677083333 0.583333333
vt 0.687500000 0.583333333
vt 0.697916667 0.583333333
vt 0.708333333 0.583333333
vt 0.718750000 0.583333333
vt 0.729166667 0.583333333
vt 0.739583333 0.583333333
vt 0.750000000 0.583333333
vt 0.760416667 0.583333333
vt 0.770833333 0.583333333
vt 0.781250000 0.583333333
vt 0.791666667 0.583333333
vt 0.802083333 0.583333333
vt 0.812500000 0.583333333
vt 0.822916667 0.583333333
vt 0.833333333 0.583333333
vt 0.843750000 0.583333333
vt 0.854166667 0.583333333
vt 0.864583333 0.583333333
vt 0.875000000 0.583333333
vt 0.885416667 0.583333333
vt 0.895833333 0.583333333
vt 0.906250000 0.583333333
vt 0.916666667 0.583333333
vt 0.927083333 0.583333333
vt 0.937500000 0.583333333
vt 0.947916667 0.583333333
vt 0.958333333 0.583333333
vt 0.968750000 0.583333333
vt 0.979166667 0.583333333
vt 0.989583333 0.583333333
vt 1.000000000 0.583333333
vt 0.000000000 0.562500000
vt 0.010416667 0.562500000
vt 0.020833333 0.562500000
vt 0.031250000 0.562500000
vt 0.041666667 0.562500000
vt 0.052083333 0.562500000
vt 0.062500000 0.562500000
vt 0.072916667 0.562500000
vt 0.083333333 0.562500000
vt 0.093750000 0.562500000
vt 0.104166667 0.562500000
vt 0.114583333 0.562500000
vt 0.125000000 0.562500000
vt 0.135416667 0.562500000
vt 0.145833333 0.562500000
vt 0.156250000 0.562500000
vt 0.166666667 0.562500000
vt 0.177083333 0.562500000
vt 0.187500000 0.562500000
vt 0.197916667 0.562500000
vt 0.208333333 0.562500000
vt 0.218750000 0.562500000
vt 0.229166667 0.562500000
vt 0.239583333 0.562500000
vt 0.250000000 0.562500000
vt 0.260416667 0.562500000
vt 0.270833333 0.562500000
vt 0.281250000 0.562500000
vt 0.291666667 0.562500000
vt 0.302083333 0.562500000
vt 0.312500000 0.562500000
vt 0.322916667 0.562500000
vt 0.333333333 0.562500000
vt 0.343750000 0.562500000
vt 0.354166667 0.562500000
vt 0.364583333 0.562500000
vt 0.375000000 0.562500000
vt 0.385416667 0.562500000
vt 0.395833333 0.562500000
vt 0.406250000 0.562500000
vt 0.416666667 0.562500000
vt 0.427083333 0.562500000
vt 0.437500000 0.562500000
vt 0.447916667 0.562500000
vt 0.458333333 0.562500000
vt 0.468750000 0.562500000
vt 0.479166667 0.562500000
vt 0.489583333 0.562500000
vt 0.500000000 0.562500000
vt 0.510416667 0.562500000
vt 0.520833333 0.562500000
vt 0.531250000 0.562500000
vt 0.541666667 0.562500000
vt 0.552083333 0.562500000
vt 0.562500000 0.562500000
vt 0.572916667 0.562500000
vt 0.583333333 0.562500000
vt 0.593750000 0.562500000
vt 0.604166667 0.562500000
vt 0.614583333 0.562500000
vt 0.625000000 0.562500000
vt 0.635416667 0.562500000
vt 0.645833333 0.562500000
vt 0.656250000 0.562500000
vt 0.666666667 0.562500000
vt 0.677083333 0.562500000
vt 0.687500000 0.562500000
vt 0.697916667 0.562500000
vt 0.708333333 0.562500000
vt 0.718750000 0.562500000
vt 0.729166667 0.562500000
vt 0.739583333 0.562500000
vt 0.750000000 0.562500000
vt 0.760416667 0.562500000
vt 0.770833333 0.562500000
vt 0.781250000 0.562500000
vt 0.791666667 0.562500000
vt 0.802083333 0.562500000
vt 0.812500000 0.562500000
vt 0.822916667 0.562500000
vt 0.833333333 0.562500000
vt 0.843750000 0.562500000
vt 0.854166667 0.562500000
vt 0.864583333 0.562500000
vt 0.875000000 0.562500000
vt 0.885416667 0.562500000
vt 0.895833333 0.562500000
vt 0.906250000 0.562500000
vt 0.916666667 0.562500000
vt 0.927083333 0.562500000
vt 0.937500000 0.562500000
vt 0.947916667 0.562500000
vt 0.958333333 0.562500000
vt 0.968750000 0.562500000
vt 0.979166667 0.562500000
vt 0.989583333 0.562500000
vt 1.000000000 0.562500000
vt 0.000000000 0.541666667
vt 0.010416667 0.541666667
vt 0.020833333 0.541666667
vt 0.031250000 0.541666667
vt 0.041666667 0.541666667
vt 0.052083333 0.541666667
vt 0.062500000 0.541666667
vt 0.072916667 0.541666667
vt 0.083333333 0.541666667
vt 0.093750000 0.541666667
vt 0.104166667 0.541666667
vt 0.114583333 0.541666667
vt 0.125000000 0.541666667
vt 0.135416667 0.541666667
vt 0.145833333 0.541666667
vt 0.156250000 0.541666667
vt 0.166666667 0.541666667
vt 0.177083333 0.541666667
vt 0.187500000 0.541666667
vt 0.197916667 0.541666667
vt 0.208333333 0.541666667
vt 0.218750000 0.541666667
vt 0.229166667 0.541666667
vt 0.239583333 0.541666667
vt 0.250000000 0.541666667
vt 0.260416667 0.541666667
vt 0.270833333 0.541666667
vt 0.281250000 0.541666667
vt 0.291666667 0.541666667
vt 0.302083333 0.541666667
vt 0.312500000 0.541666667
vt 0.322916667 0.541666667
vt 0.333333333 0.541666667
vt 0.343750000 0.541666667
vt 0.354166667 0.541666667
vt 0.364583333 0.541666667
vt 0.375000000 0.541666667
vt 0.385416667 0.541666667
vt 0.395833333 0.541666667
vt 0.406250000 0.541666667
vt 0.416666667 0.541666667
vt 0.427083333 0.541666667
vt 0.437500000 0.541666667
vt 0.447916667 0.541666667
vt 0.458333333 0.541666667
vt 0.468750000 0.541666667
vt 0.479166667 0.541666667
vt 0.489583333 0.541666667
vt 0.500000000 0.541666667
vt 0.510416667 0.541666667
vt 0.520833333 0.541666667
vt 0.531250000 0.541666667
vt 0.541666667 0.541666667
vt 0.552083333 0.541666667
vt 0.562500000 0.541666667
vt 0.572916667 0.541666667
vt 0.583333333 0.541666667
vt 0.593750000 0.541666667
vt 0.604166667 0.541666667
vt 0.614583333 0.541666667
vt 0.625000000 0.541666667
vt 0.635416667 0.541666667
vt 0.645833333 0.541666667
vt 0.656250000 0.541666667
vt 0.666666667 0.541666667
vt 0.677083333 0.541666667
vt 0.687500000 0.541666667
vt 0.697916667 0.541666667
vt 0.708333333 0.541666667
vt 0.718750000 0.541666667
vt 0.729166667 0.541666667
vt 0.739583333 0.541666667
vt 0.750000000 0.541666667
vt 0.760416667 0.541666667
vt 0.770833333 0.541666667
vt 0.781250000 0.541666667
vt 0.791666667 0.541666667
vt 0.802083333 0.541666667
vt 0.812500000 0.541666667
vt 0.822916667 0.541666667
vt 0.833333333 0.541666667
vt 0.843750000 0.541666667
vt 0.854166667 0.541666667
vt 0.864583333 0.541666667
vt 0.875000000 0.541666667
vt 0.885416667 0.541666667
vt 0.895833333 0.541666667
vt 0.906250000 0.541666667
vt 0.916666667 0.541666667
vt 0.927083333 0.541666667
vt 0.937500000 0.541666667
vt 0.947916667 0.541666667
vt 0.958333333 0.541666667
vt 0.968750000 0.541666667
vt 0.979166667 0.541666667
vt 0.989583333 0.541666667
vt 1.000000000 0.541666667
vt 0.000000000 0.520833333
vt 0.010416667 0.520833333
vt 0.020833333 0.520833333
vt 0.031250000 0.520833333
vt 0.041666667 0.520833333
vt 0.052083333 0.520833333
vt 0.062500000 0.520833333
vt 0.072916667 0.520833333
vt 0.083333333 0.520833333
vt 0.093750000 0.520833333
vt 0.104166667 0.520833333
vt 0.114583333 0.520833333
vt 0.125000000 0.520833333
vt 0.135416667 0.520833333
vt 0.145833333 0.520833333
vt 0.156250000 0.520833333
vt 0.166666667 0.520833333
vt 0.177083333 0.520833333
vt 0.187500000 0.520833333
vt 0.197916667 0.520833333
vt 0.208333333 0.520833333
vt 0.218750000 0.520833333
vt 0.229166667 0.520833333
vt 0.239583333 0.520833333
vt 0.250000000 0.520833333
vt 0.260416667 0.520833333
vt 0.270833333 0.520833333
vt 0.281250000 0.520833333
vt 0.291666667 0.520833333
vt 0.302083333 0.520833333
vt 0.312500000 0.520833333
vt 0.322916667 0.520833333
vt 0.333333333 0.520833333
vt 0.343750000 0.520833333
vt 0.354166667 0.520833333
vt 0.364583333 0.520833333
vt 0.375000000 0.520833333
vt 0.385416667 0.520833333
vt 0.395833333 0.520833333
vt 0.406250000 0.520833333
vt 0.416666667 0.520833333
vt 0.427083333 0.520833333
vt 0.437500000 0.520833333
vt 0.447916667 0.520833333
vt 0.458333333 0.520833333
vt 0.468750000 0.520833333
vt 0.479166667 0.520833333
vt 0.489583333 0.520833333
vt 0.500000000 0.520833333
vt 0.510416667 0.520833333
vt 0.520833333 0.520833333
vt 0.531250000 0.520833333
vt 0.541666667 0.520833333
vt 0.552083333 0.520833333
vt 0.562500000 0.520833333
vt 0.572916667 0.520833333
vt 0.583333333 0.520833333
vt 0.593750000 0.520833333
vt 0.604166667 0.520833333
vt 0.614583333 0.520833333
vt 0.625000000 0.520833333
vt 0.635416667 0.520833333
vt 0.645833333 0.520833333
vt 0.656250000 0.520833333
vt 0.666666667 0.520833333
vt 0.677083333 0.520833333
vt 0.687500000 0.520833333
vt 0.697916667 0.520833333
vt 0.708333333 0.520833333
vt 0.718750000 0.520833333
vt 0.729166667 0.520833333
vt 0.739583333 0.520833333
vt 0.750000000 0.520833333
vt 0.760416667 0.520833333
vt 0.770833333 0.520833333
vt 0.781250000 0.520833333
vt 0.791666667 0.520833333
vt 0.802083333 0.520833333
vt 0.812500000 0.520833333
vt 0.822916667 0.520833333
vt 0.833333333 0.520833333
vt 0.843750000 0.520833333
vt 0.854166667 0.520833333
vt 0.864583333 0.520833333
vt 0.875000000 0.520833333
vt 0.885416667 0.520833333
vt 0.895833333 0.520833333
vt 0.906250000 0.520833333
vt 0.916666667 0.520833333
vt 0.927083333 0.520833333
vt 0.937500000 0.520833333
vt 0.947916667 0.520833333
vt 0.958333333 0.520833333
vt 0.968750000 0.520833333
vt 0.979166667 0.520833333
vt 0.989583333 0.520833333
vt 1.000000000 0.520833333
vt 0.000000000 0.500000000
vt 0.010416667 0.500000000
vt 0.020833333 0.500000000
vt 0.031250000 0.500000000
vt 0.041666667 0.500000000
vt 0.052083333 0.500000000
vt 0.062500000 0.500000000
vt 0.072916667 0.500000000
vt 0.083333333 0.500000000
vt 0.093750000 0.500000000
vt 0.104166667 0.500000000
vt 0.114583333 0.500000000
vt 0.125000000 0.500000000
vt 0.135416667 0.500000000
vt 0.145833333 0.500000000
vt 0.156250000 0.500000000
vt 0.166666667 0.500000000
vt 0.177083333 0.500000000
vt 0.187500000 0.500000000
vt 0.197916667 0.500000000
vt 0.208333333 0.500000000
vt 0.218750000 0.500000000
vt 0.229166667 0.500000000
vt 0.239583333 0.500000000
vt 0.250000000 0.500000000
vt 0.260416667 0.500000000
vt 0.270833333 0.500000000
vt 0.281250000 0.500000000
vt 0.291666667 0.500000000
vt 0.302083333 0.500000000
vt 0.312500000 0.500000000
vt 0.322916667 0.500000000
vt 0.333333333 0.500000000
vt 0.343750000 0.500000000
vt 0.354166667 0.500000000
vt 0.364583333 0.500000000
vt 0.375000000 0.500000000
vt 0.385416667 0.500000000
vt 0.395833333 0.500000000
vt 0.406250000 0.500000000
vt 0.416666667 0.500000000
vt 0.427083333 0.500000000
vt 0.437500000 0.500000000
vt 0.447916667 0.500000000
vt 0.458333333 0.500000000
vt 0.468750000 0.500000000
vt 0.479166667 0.500000000
vt 0.489583333 0.500000000
vt 0.500000000 0.500000000
vt 0.510416667 0.500000000
vt 0.520833333 0.500000000
vt 0.531250000 0.500000000
vt 0.541666667 0.500000000
vt 0.552083333 0.500000000
vt 0.562500000 0.500000000
vt 0.572916667 0.500000000
vt 0.583333333 0.500000000
vt 0.593750000 0.500000000
vt 0.604166667 0.500000000
vt 0.614583333 0.500000000
vt 0.625000000 0.500000000
vt 0.635416667 0.500000000
vt 0.645833333 0.500000000
vt 0.656250000 0.500000000
vt 0.666666667 0.500000000
vt 0.677083333 0.500000000
vt 0.687500000 0.500000000
vt 0.697916667 0.500000000
vt 0.708333333 0.500000000
vt 0.718750000 0.500000000
vt 0.729166667 0.500000000
vt 0.739583333 0.500000000
vt 0.750000000 0.500000000
vt 0.760416667 0.500000000
vt 0.770833333 0.500000000
vt 0.781250000 0.500000000
vt 0.791666667 0.500000000
vt 0.802083333 0.500000000
vt 0.812500000 0.500000000
vt 0.822916667 0.500000000
vt 0.833333333 0.500000000
vt 0.843750000 0.500000000
vt 0.854166667 0.500000000
vt 0.864583333 0.500000000
vt 0.875000000 0.500000000
vt 0.885416667 0.500000000
vt 0.895833333 0.500000000
vt 0.906250000 0.500000000
vt 0.916666667 0.500000000
vt 0.927083333 0.500000000
vt 0.937500000 0.500000000
vt 0.947916667 0.500000000
vt 0.958333333 0.500000000
vt 0.968750000 0.500000000
vt 0.979166667 0.500000000
vt 0.989583333 0.500000000
vt 1.000000000 0.500000000
vt 0.000000000 0.479166667
vt 0.010416667 0.479166667
vt 0.020833333 0.479166667
vt 0.031250000 0.479166667
vt 0.041666667 0.479166667
vt 0.052083333 0.479166667
vt 0.062500000 0.479166667
vt 0.072916667 0.479166667
vt 0.083333333 0.479166667
vt 0.093750000 0.479166667
vt 0.104166667 0.479166667
vt 0.114583333 0.479166667
vt 0.125000000 0.479166667
vt 0.135416667 0.479166667
vt 0.145833333 0.479166667
vt 0.156250000 0.479166667
vt 0.166666667 0.479166667
vt 0.177083333 0.479166667
vt 0.187500000 0.479166667
vt 0.197916667 0.479166667
vt 0.208333333 0.479166667
vt 0.218750000 0.479166667
vt 0.229166667 0.479166667
vt 0.239583333 0.479166667
vt 0.250000000 0.479166667
vt 0.260416667 0.479166667
vt 0.270833333 0.479166667
vt 0.281250000 0.479166667
vt 0.291666667 0.479166667
vt 0.302083333 0.479166667
vt 0.312500000 0.479166667
vt 0.322916667 0.479166667
vt 0.333333333 0.479166667
vt 0.343750000 0.479166667
vt 0.354166667 0.479166667
vt 0.364583333 0.479166667
vt 0.375000000 0.479166667
vt 0.385416667 0.479166667
vt 0.395833333 0.479166667
vt 0.406250000 0.479166667
vt 0.416666667 0.479166667
vt 0.427083333 0.479166667
vt 0.437500000 0.479166667
vt 0.447916667 0.479166667
vt 0.458333333 0.479166667
vt 0.468750000 0.479166667
vt 0.479166667 0.479166667
vt 0.489583333 0.479166667
vt 0.500000000 0.479166667
vt 0.510416667 0.479166667
vt 0.520833333 0.479166667
vt 0.531250000 0.479166667
vt 0.541666667 0.479166667
vt 0.552083333 0.479166667
vt 0.562500000 0.479166667
vt 0.572916667 0.479166667
vt 0.583333333 0.479166667
vt 0.593750000 0.479166667
vt 0.604166667 0.479166667
vt 0.614583333 0.479166667
vt 0.625000000 0.479166667
vt 0.635416667 0.479166667
vt 0.645833333 0.479166667
vt 0.656250000 0.479166667
vt 0.666666667 0.479166667
vt 0.677083333 0.479166667
vt 0.687500000 0.479166667
vt 0.697916667 0.479166667
vt 0.708333333 0.479166667
vt 0.718750000 0.479166667
vt 0.729166667 0.479166667
vt 0.739583333 0.479166667
vt 0.750000000 0.479166667
vt 0.760416667 0.479166667
vt 0.770833333 0.479166667
vt 0.781250000 0.479166667
vt 0.791666667 0.479166667
vt 0.802083333 0.479166667
vt 0.812500000 0.479166667
vt 0.822916667 0.479166667
vt 0.833333333 0.479166667
vt 0.843750000 0.479166667
vt 0.854166667 0.479166667
vt 0.864583333 0.479166667
vt 0.875000000 0.479166667
vt 0.885416667 0.479166667
vt 0.895833333 0.479166667
vt 0.906250000 0.479166667
vt 0.916666667 0.479166667
vt 0.927083333 0.479166667
vt 0.937500000 0.479166667
vt 0.947916667 0.479166667
vt 0.958333333 0.479166667
vt 0.968750000 0.479166667
vt 0.979166667 0.479166667
vt 0.989583333 0.479166667
vt 1.000000000 0.479166667
vt 0.000000000 0.458333333
vt 0.010416667 0.458333333
vt 0.020833333 0.458333333
vt 0.031250000 0.458333333
vt 0.041666667 0.458333333
vt 0.052083333 0.458333333
vt 0.062500000 0.458333333
vt 0.072916667 0.458333333
vt 0.083333333 0.458333333
vt 0.093750000 0.458333333
vt 0.104166667 0.458333333
vt 0.114583333 0.458333333
vt 0.125000000 0.458333333
vt 0.135416667 0.458333333
vt 0.145833333 0.458333333
vt 0.156250000 0.458333333
vt 0.166666667 0.458333333
vt 0.177083333 0.458333333
vt 0.187500000 0.458333333
vt 0.197916667 0.458333333
vt 0.208333333 0.458333333
vt 0.218750000 0.458333333
vt 0.229166667 0.458333333
vt 0.239583333 0.458333333
vt 0.250000000 0.458333333
vt 0.260416667 0.458333333
vt 0.270833333 0.458333333
vt 0.281250000 0.458333333
vt 0.291666667 0.458333333
vt 0.302083333 0.458333333
vt 0.312500000 0.458333333
vt 0.322916667 0.458333333
vt 0.333333333 0.458333333
vt 0.343750000 0.458333333
vt 0.354166667 0.458333333
vt 0.364583333 0.458333333
vt 0.375000000 0.458333333
vt 0.385416667 0.458333333
vt 0.395833333 0.458333333
vt 0.406250000 0.458333333
vt 0.416666667 0.458333333
vt 0.427083333 0.458333333
vt 0.437500000 0.458333333
vt 0.447916667 0.458333333
vt 0.458333333 0.458333333
vt 0.468750000 0.458333333
vt 0.479166667 0.458333333
vt 0.489583333 0.458333333
vt 0.500000000 0.458333333
vt 0.510416667 0.458333333
vt 0.520833333 0.458333333
vt 0.531250000 0.458333333
vt 0.541666667 0.458333333
vt 0.552083333 0.458333333
vt 0.562500000 0.458333333
vt 0.572916667 0.458333333
vt 0.583333333 0.458333333
vt 0.593750000 0.458333333
vt 0.604166667 0.458333333
vt 0.614583333 0.458333333
vt 0.625000000 0.458333333
vt 0.635416667 0.458333333
vt 0.645833333 0.458333333
vt 0.656250000 0.458333333
vt 0.666666667 0.458333333
vt 0.677083333 0.458333333
vt 0.687500000 0.458333333
vt 0.697916667 0.458333333
vt 0.708333333 0.458333333
vt 0.718750000 0.458333333
vt 0.729166667 0.458333333
vt 0.739583333 0.458333333
vt 0.750000000 0.458333333
vt 0.760416667 0.458333333
vt 0.770833333 0.458333333
vt 0.781250000 0.458333333
vt 0.791666667 0.458333333
vt 0.802083333 0.458333333
vt 0.812500000 0.458333333
vt 0.822916667 0.458333333
vt 0.833333333 0.458333333
vt 0.843750000 0.458333333
vt 0.854166667 0.458333333
vt 0.864583333 0.458333333
vt 0.875000000 0.458333333
vt 0.885416667 0.458333333
vt 0.895833333 0.458333333
vt 0.906250000 0.458333333
vt 0.916666667 0.458333333
vt 0.927083333 0.458333333
vt 0.937500000 0.458333333
vt 0.947916667 0.458333333
vt 0.958333333 0.458333333
vt 0.968750000 0.458333333
vt 0.979166667 0.458333333
vt 0.989583333 0.458333333
vt 1.000000000 0.458333333
vt 0.000000000 0.437500000
vt 0.010416667 0.437500000
vt 0.020833333 0.437500000
vt 0.031250000 0.437500000
vt 0.041666667 0.437500000
vt 0.052083333 0.437500000
vt 0.062500000 0.437500000
vt 0.072916667 0.437500000
vt 0.083333333 0.437500000
vt 0.093750000 0.437500000
vt 0.104166667 0.437500000
vt 0.114583333 0.437500000
vt 0.125000000 0.437500000
vt 0.135416667 0.437500000
vt 0.145833333 0.437500000
vt 0.156250000 0.437500000
vt 0.166666667 0.437500000
vt 0.177083333 0.437500000
vt 0.187500000 0.437500000
vt 0.197916667 0.437500000
vt 0.208333333 0.437500000
vt 0.218750000 0.437500000
vt 0.229166667 0.437500000
vt 0.239583333 0.437500000
vt 0.250000000 0.437500000
vt 0.260416667 0.437500000
vt 0.270833333 0.437500000
vt 0.281250000 0.437500000
vt 0.291666667 0.437500000
vt 0.302083333 0.437500000
vt 0.312500000 0.437500000
vt 0.322916667 0.437500000
vt 0.333333333 0.437500000
vt 0.343750000 0.437500000
vt 0.354166667 0.437500000
vt 0.364583333 0.437500000
vt 0.375000000 0.437500000
vt 0.385416667 0.437500000
vt 0.395833333 0.437500000
vt 0.406250000 0.437500000
vt 0.416666667 0.437500000
vt 0.427083333 0.437500000
vt 0.437500000 0.437500000
vt 0.447916667 0.437500000
vt 0.458333333 0.437500000
vt 0.468750000 0.437500000
vt 0.479166667 0.437500000
vt 0.489583333 0.437500000
vt 0.500000000 0.437500000
vt 0.510416667 0.437500000
vt 0.520833333 0.437500000
vt 0.531250000 0.437500000
vt 0.541666667 0.437500000
vt 0.552083333 0.437500000
vt 0.562500000 0.437500000
vt 0.572916667 0.437500000
vt 0.583333333 0.437500000
vt 0.593750000 0.437500000
vt 0.604166667 0.437500000
vt 0.614583333 0.437500000
vt 0.625000000 0.437500000
vt 0.635416667 0.437500000
vt 0.645833333 0.437500000
vt 0.656250000 0.437500000
vt 0.666666667 0.437500000
vt 0.677083333 0.437500000
vt 0.687500000 0.437500000
vt 0.697916667 0.437500000
vt 0.708333333 0.437500000
vt 0.718750000 0.437500000
vt 0.729166667 0.437500000
vt 0.739583333 0.437500000
vt 0.750000000 0.437500000
vt 0.760416667 0.437500000
vt 0.770833333 0.437500000
vt 0.781250000 0.437500000
vt 0.791666667 0.437500000
vt 0.802083333 0.437500000
vt 0.812500000 0.437500000
vt 0.822916667 0.437500000
vt 0.833333333 0.437500000
vt 0.843750000 0.437500000
vt 0.854166667 0.437500000
vt 0.864583333 0.437500000
vt 0.875000000 0.437500000
vt 0.885416667 0.437500000
vt 0.895833333 0.437500000
vt 0.906250000 0.437500000
vt 0.916666667 0.437500000
vt 0.927083333 0.437500000
vt 0.937500000 0.437500000
vt 0.947916667 0.437500000
vt 0.958333333 0.437500000
vt 0.968750000 0.437500000
vt 0.979166667 0.437500000
vt 0.989583333 0.437500000
vt 1.000000000 0.437500000
vt 0.000000000 0.416666667
vt 0.010416667 0.416666667
vt 0.020833333 0.416666667
vt 0.031250000 0.416666667
vt 0.041666667 0.416666667
vt 0.052083333 0.416666667
vt 0.062500000 0.416666667
vt 0.072916667 0.416666667
vt 0.083333333 0.416666667
vt 0.093750000 0.416666667
vt 0.104166667 0.416666667
vt 0.114583333 0.416666667
vt 0.125000000 0.416666667
vt 0.135416667 0.416666667
vt 0.145833333 0.416666667
vt 0.156250000 0.416666667
vt 0.166666667 0.416666667
vt 0.177083333 0.416666667
vt 0.187500000 0.416666667
vt 0.197916667 0.416666667
vt 0.208333333 0.416666667
vt 0.218750000 0.416666667
vt 0.229166667 0.416666667
vt 0.239583333 0.416666667
vt 0.250000000 0.416666667
vt 0.260416667 0.416666667
vt 0.270833333 0.416666667
vt 0.281250000 0.416666667
vt 0.291666667 0.416666667
vt 0.302083333 0.416666667
vt 0.312500000 0.416666667
vt 0.322916667 0.416666667
vt 0.333333333 0.416666667
vt 0.343750000 0.416666667
vt 0.354166667 0.416666667
vt 0.364583333 0.416666667
vt 0.375000000 0.416666667
vt 0.385416667 0.416666667
vt 0.395833333 0.416666667
vt 0.406250000 0.416666667
vt 0.416666667 0.416666667
vt 0.427083333 0.416666667
vt 0.437500000 0.416666667
vt 0.447916667 0.416666667
vt 0.458333333 0.416666667
vt 0.468750000 0.416666667
vt 0.479166667 0.416666667
vt 0.489583333 0.416666667
vt 0.500000000 0.416666667
vt 0.510416667 0.416666667
vt 0.520833333 0.416666667
vt 0.531250000 0.416666667
vt 0.541666667 0.416666667
vt 0.552083333 0.416666667
vt 0.562500000 0.416666667
vt 0.572916667 0.416666667
vt 0.583333333 0.416666667
vt 0.593750000 0.416666667
vt 0.604166667 0.416666667
vt 0.614583333 0.416666667
vt 0.625000000 0.416666667
vt 0.635416667 0.416666667
vt 0.645833333 0.416666667
vt 0.656250000 0.416666667
vt 0.666666667 0.416666667
vt 0.677083333 0.416666667
vt 0.687500000 0.416666667
vt 0.697916667 0.416666667
vt 0.708333333 0.416666667
vt 0.718750000 0.416666667
vt 0.729166667 0.416666667
vt 0.739583333 0.416666667
vt 0.750000000 0.416666667
vt 0.760416667 0.416666667
vt 0.770833333 0.416666667
vt 0.781250000 0.416666667
vt 0.791666667 0.416666667
vt 0.802083333 0.416666667
vt 0.812500000 0.416666667
vt 0.822916667 0.416666667
vt 0.833333333 0.416666667
vt 0.843750000 0.416666667
vt 0.854166667 0.416666667
vt 0.864583333 0.416666667
vt 0.875000000 0.416666667
vt 0.885416667 0.416666667
vt 0.895833333 0.416666667
vt 0.906250000 0.416666667
vt 0.916666667 0.416666667
vt 0.927083333 0.416666667
vt 0.937500000 0.416666667
vt 0.947916667 0.416666667
vt 0.958333333 0.416666667
vt 0.968750000 0.416666667
vt 0.979166667 0.416666667
vt 0.989583333 0.416666667
vt 1.000000000 0.416666667
vt 0.000000000 0.395833333
vt 0.010416667 0.395833333
vt 0.020833333 0.395833333
vt 0.031250000 0.395833333
vt 0.041666667 0.395833333
vt 0.052083333 0.395833333
vt 0.062500000 0.395833333
vt 0.072916667 0.395833333
vt 0.083333333 0.395833333
vt 0.093750000 0.395833333
vt 0.104166667 0.395833333
vt 0.114583333 0.395833333
vt 0.125000000 0.395833333
vt 0.135416667 0.395833333
vt 0.145833333 0.395833333
vt 0.156250000 0.395833333
vt 0.166666667 0.395833333
vt 0.177083333 0.395833333
vt 0.187500000 0.395833333
vt 0.197916667 0.395833333
vt 0.208333333 0.395833333
vt 0.218750000 0.395833333
vt 0.229166667 0.395833333
vt 0.239583333 0.395833333
vt 0.250000000 0.395833333
vt 0.260416667 0.395833333
vt 0.270833333 0.395833333
vt 0.281250000 0.395833333
vt 0.291666667 0.395833333
vt 0.302083333 0.395833333
vt 0.312500000 0.395833333
vt 0.322916667 0.395833333
vt 0.333333333 0.395833333
vt 0.343750000 0.395833333
vt 0.354166667 0.395833333
vt 0.364583333 0.395833333
vt 0.375000000 0.395833333
vt 0.385416667 0.395833333
vt 0.395833333 0.395833333
vt 0.406250000 0.395833333
vt 0.416666667 0.395833333
vt 0.427083333 0.395833333
vt 0.437500000 0.395833333
vt 0.447916667 0.395833333
vt 0.458333333 0.395833333
vt 0.468750000 0.395833333
vt 0.479166667 0.395833333
vt 0.489583333 0.395833333
vt 0.500000000 0.395833333
vt 0.510416667 0.395833333
vt 0.520833333 0.395833333
vt 0.531250000 0.395833333
vt 0.541666667 0.395833333
vt 0.552083333 0.395833333
vt 0.562500000 0.395833333
vt 0.572916667 0.395833333
vt 0.583333333 0.395833333
vt 0.593750000 0.395833333
vt 0.604166667 0.395833333
vt 0.614583333 0.395833333
vt 0.625000000 0.395833333
vt 0.635416667 0.395833333
vt 0.645833333 0.395833333
vt 0.656250000 0.395833333
vt 0.666666667 0.395833333
vt 0.677083333 0.395833333
vt 0.687500000 0.395833333
vt 0.697916667 0.395833333
vt 0.708333333 0.395833333
vt 0.718750000 0.395833333
vt 0.729166667 0.395833333
vt 0.739583333 0.395833333
vt 0.750000000 0.395833333
vt 0.760416667 0.395833333
vt 0.770833333 0.395833333
vt 0.781250000 0.395833333
vt 0.791666667 0.395833333
vt 0.802083333 0.395833333
vt 0.812500000 0.395833333
vt 0.822916667 0.395833333
vt 0.833333333 0.395833333
vt 0.843750000 0.395833333
vt 0.854166667 0.395833333
vt 0.864583333 0.395833333
vt 0.875000000 0.395833333
vt 0.885416667 0.395833333
vt 0.895833333 0.395833333
vt 0.906250000 0.395833333
vt 0.916666667 0.395833333
vt 0.927083333 0.395833333
vt 0.937500000 0.395833333
vt 0.947916667 0.395833333
vt 0.958333333 0.395833333
vt 0.968750000 0.395833333
vt 0.979166667 0.395833333
vt 0.989583333 0.395833333
vt 1.000000000 0.395833333
vt 0.000000000 0.375000000
vt 0.010416667 0.375000000
vt 0.020833333 0.375000000
vt 0.031250000 0.375000000
vt 0.041666667 0.375000000
vt 0.052083333 0.375000000
vt 0.062500000 0.375000000
vt 0.072916667 0.375000000
vt 0.083333333 0.375000000
vt 0.093750000 0.375000000
vt 0.104166667 0.375000000
vt 0.114583333 0.375000000
vt 0.125000000 0.375000000
vt 0.135416667 0.375000000
vt 0.145833333 0.375000000
vt 0.156250000 0.375000000
vt 0.166666667 0.375000000
vt 0.177083333 0.375000000
vt 0.187500000 0.375000000
vt 0.197916667 0.375000000
vt 0.208333333 0.375000000
vt 0.218750000 0.375000000
vt 0.229166667 0.375000000
vt 0.239583333 0.375000000
vt 0.250000000 0.375000000
vt 0.260416667 0.375000000
vt 0.270833333 0.375000000
vt 0.281250000 0.375000000
vt 0.291666667 0.375000000
vt 0.302083333 0.375000000
vt 0.312500000 0.375000000
vt 0.322916667 0.375000000
vt 0.333333333 0.375000000
vt 0.343750000 0.375000000
vt 0.354166667 0.375000000
vt 0.364583333 0.375000000
vt 0.375000000 0.375000000
vt 0.385416667 0.375000000
vt 0.395833333 0.375000000
vt 0.406250000 0.375000000
vt 0.416666667 0.375000000
vt 0.427083333 0.375000000
vt 0.437500000 0.375000000
vt 0.447916667 0.375000000
vt 0.458333333 0.375000000
vt 0.468750000 0.375000000
vt 0.479166667 0.375000000
vt 0.489583333 0.375000000
vt 0.500000000 0.375000000
vt 0.510416667 0.375000000
vt 0.520833333 0.375000000
vt 0.531250000 0.375000000
vt 0.541666667 0.375000000
vt 0.552083333 0.375000000
vt 0.562500000 0.375000000
vt 0.572916667 0.375000000
vt 0.583333333 0.375000000
vt 0.593750000 0.375000000
vt 0.604166667 0.375000000
vt 0.614583333 0.375000000
vt 0.625000000 0.375000000
vt 0.635416667 0.375000000
vt 0.645833333 0.375000000
vt 0.656250000 0.375000000
vt 0.666666667 0.375000000
vt 0.677083333 0.375000000
vt 0.687500000 0.375000000
vt 0.697916667 0.375000000
vt 0.708333333 0.375000000
vt 0.718750000 0.375000000
vt 0.729166667 0.375000000
vt 0.739583333 0.375000000
vt 0.750000000 0.375000000
vt 0.760416667 0.375000000
vt 0.770833333 0.375000000
vt 0.781250000 0.375000000
vt 0.791666667 0.375000000
vt 0.802083333 0.375000000
vt 0.812500000 0.375000000
vt 0.822916667 0.375000000
vt 0.833333333 0.375000000
vt 0.843750000 0.375000000
vt 0.854166667 0.375000000
vt 0.864583333 0.375000000
vt 0.875000000 0.375000000
vt 0.885416667 0.375000000
vt 0.895833333 0.375000000
vt 0.906250000 0.375000000
vt 0.916666667 0.375000000
vt 0.927083333 0.375000000
vt 0.937500000 0.375000000
vt 0.947916667 0.375000000
vt 0.958333333 0.375000000
vt 0.968750000 0.375000000
vt 0.979166667 0.375000000
vt 0.989583333 0.375000000
vt 1.000000000 0.375000000
vt 0.000000000 0.354166667
vt 0.010416667 0.354166667
vt 0.020833333 0.354166667
vt 0.031250000 0.354166667
vt 0.041666667 0.354166667
vt 0.052083333 0.354166667
vt 0.062500000 0.354166667
vt 0.072916667 0.354166667
vt 0.083333333 0.354166667
vt 0.093750000 0.354166667
vt 0.104166667 0.354166667
vt 0.114583333 0.354166667
vt 0.125000000 0.354166667
vt 0.135416667 0.354166667
vt 0.145833333 0.354166667
vt 0.156250000 0.354166667
vt 0.166666667 0.354166667
vt 0.177083333 0.354166667
vt 0.187500000 0.354166667
vt 0.197916667 0.354166667
vt 0.208333333 0.354166667
vt 0.218750000 0.354166667
vt 0.229166667 0.354166667
vt 0.239583333 0.354166667
vt 0.250000000 0.354166667
vt 0.260416667 0.354166667
vt 0.270833333 0.354166667
vt 0.281250000 0.354166667
vt 0.291666667 0.354166667
vt 0.302083333 0.354166667
vt 0.312500000 0.354166667
vt 0.322916667 0.354166667
vt 0.333333333 0.354166667
vt 0.343750000 0.354166667
vt 0.354166667 0.354166667
vt 0.364583333 0.354166667
vt 0.375000000 0.354166667
vt 0.385416667 0.354166667
vt 0.395833333 0.354166667
vt 0.406250000 0.354166667
vt 0.416666667 0.354166667
vt 0.427083333 0.354166667
vt 0.437500000 0.354166667
vt 0.447916667 0.354166667
vt 0.458333333 0.354166667
vt 0.468750000 0.354166667
vt 0.479166667 0.354166667
vt 0.489583333 0.354166667
vt 0.500000000 0.354166667
vt 0.510416667 0.354166667
vt 0.520833333 0.354166667
vt 0.531250000 0.354166667
vt 0.541666667 0.354166667
vt 0.552083333 0.354166667
vt 0.562500000 0.354166667
vt 0.572916667 0.354166667
vt 0.583333333 0.354166667
vt 0.593750000 0.354166667
vt 0.604166667 0.354166667
vt 0.614583333 0.354166667
vt 0.625000000 0.354166667
vt 0.635416667 0.354166667
vt 0.645833333 0.354166667
vt 0.656250000 0.354166667
vt 0.666666667 0.354166667
vt 0.677083333 0.354166667
vt 0.687500000 0.354166667
vt 0.697916667 0.354166667
vt 0.708333333 0.354166667
vt 0.718750000 0.354166667
vt 0.729166667 0.354166667
vt 0.739583333 0.354166667
vt 0.750000000 0.354166667
vt 0.760416667 0.354166667
vt 0.770833333 0.354166667
vt 0.781250000 0.354166667
vt 0.791666667 0.354166667
vt 0.802083333 0.354166667
vt 0.812500000 0.354166667
vt 0.822916667 0.354166667
vt 0.833333333 0.354166667
vt 0.843750000 0.354166667
vt 0.854166667 0.354166667
vt 0.864583333 0.354166667
vt 0.875000000 0.354166667
vt 0.885416667 0.354166667
vt 0.895833333 0.354166667
vt 0.906250000 0.354166667
vt 0.916666667 0.354166667
vt 0.927083333 0.354166667
vt 0.937500000 0.354166667
vt 0.947916667 0.354166667
vt 0.958333333 0.354166667
vt 0.968750000 0.354166667
vt 0.979166667 0.354166667
vt 0.989583333 0.354166667
vt 1.000000000 0.354166667
vt 0.000000000 0.333333333
vt 0.010416667 0.333333333
vt 0.020833333 0.333333333
vt 0.031250000 0.333333333
vt 0.041666667 0.333333333
vt 0.052083333 0.333333333
vt 0.062500000 0.333333333
vt 0.072916667 0.333333333
vt 0.083333333 0.333333333
vt 0.093750000 0.333333333
vt 0.104166667 0.333333333
vt 0.114583333 0.333333333
vt 0.125000000 0.333333333
vt 0.135416667 0.333333333
vt 0.145833333 0.333333333
vt 0.156250000 0.333333333
vt 0.166666667 0.333333333
vt 0.177083333 0.333333333
vt 0.187500000 0.333333333
vt 0.197916667 0.333333333
vt 0.208333333 0.333333333
vt 0.218750000 0.333333333
vt 0.229166667 0.333333333
vt 0.239583333 0.333333333
vt 0.250000000 0.333333333
vt 0.260416667 0.333333333
vt 0.270833333 0.333333333
vt 0.281250000 0.333333333
vt 0.291666667 0.333333333
vt 0.302083333 0.333333333
vt 0.312500000 0.333333333
vt 0.322916667 0.333333333
vt 0.333333333 0.333333333
vt 0.343750000 0.333333333
vt 0.354166667 0.333333333
vt 0.364583333 0.333333333
vt 0.375000000 0.333333333
vt 0.385416667 0.333333333
vt 0.395833333 0.333333333
vt 0.406250000 0.333333333
vt 0.416666667 0.333333333
vt 0.427083333 0.333333333
vt 0.437500000 0.333333333
vt 0.447916667 0.333333333
vt 0.458333333 0.333333333
vt 0.468750000 0.333333333
vt 0.479166667 0.333333333
vt 0.489583333 0.333333333
vt 0.500000000 0.333333333
vt 0.510416667 0.333333333
vt 0.520833333 0.333333333
vt 0.531250000 0.333333333
vt 0.541666667 0.333333333
vt 0.552083333 0.333333333
vt 0.562500000 0.333333333
vt 0.572916667 0.333333333
vt 0.583333333 0.333333333
vt 0.593750000 0.333333333
vt 0.604166667 0.333333333
vt 0.614583333 0.333333333
vt 0.625000000 0.333333333
vt 0.635416667 0.333333333
vt 0.645833333 0.333333333
vt 0.656250000 0.333333333
vt 0.666666667 0.333333333
vt 0.677083333 0.333333333
vt 0.687500000 0.333333333
vt 0.697916667 0.333333333
vt 0.708333333 0.333333333
vt 0.718750000 0.333333333
vt 0.729166667 0.333333333
vt 0.739583333 0.333333333
vt 0.750000000 0.333333333
vt 0.760416667 0.333333333
vt 0.770833333 0.333333333
vt 0.781250000 0.333333333
vt 0.791666667 0.333333333
vt 0.802083333 0.333333333
vt 0.812500000 0.333333333
vt 0.822916667 0.333333333
vt 0.833333333 0.333333333
vt 0.843750000 0.333333333
vt 0.854166667 0.333333333
vt 0.864583333 0.333333333
vt 0.875000000 0.333333333
vt 0.885416667 0.333333333
vt 0.895833333 0.333333333
vt 0.906250000 0.333333333
vt 0.916666667 0.333333333
vt 0.927083333 0.333333333
vt 0.937500000 0.333333333
vt 0.947916667 0.333333333
vt 0.958333333 0.333333333
vt 0.968750000 0.333333333
vt 0.979166667 0.333333333
vt 0.989583333 0.333333333
vt 1.000000000 0.333333333
vt 0.000000000 0.312500000
vt 0.010416667 0.312500000
vt 0.020833333 0.312500000
vt 0.031250000 0.312500000
vt 0.041666667 0.312500000
vt 0.052083333 0.312500000
vt 0.062500000 0.312500000
vt 0.072916667 0.312500000
vt 0.083333333 0.312500000
vt 0.093750000 0.312500000
vt 0.104166667 0.312500000
vt 0.114583333 0.312500000
vt 0.125000000 0.312500000
vt 0.135416667 0.312500000
vt 0.145833333 0.312500000
vt 0.156250000 0.312500000
vt 0.166666667 0.312500000
vt 0.177083333 0.312500000
vt 0.187500000 0.312500000
vt 0.197916667 0.312500000
vt 0.208333333 0.312500000
vt 0.218750000 0.312500000
vt 0.229166667 0.312500000
vt 0.239583333 0.312500000
vt 0.250000000 0.312500000
vt 0.260416667 0.312500000
vt 0.270833333 0.312500000
vt 0.281250000 0.312500000
vt 0.291666667 0.312500000
vt 0.302083333 0.312500000
vt 0.312500000 0.312500000
vt 0.322916667 0.312500000
vt 0.333333333 0.312500000
vt 0.343750000 0.312500000
vt 0.354166667 0.312500000
vt 0.364583333 0.312500000
vt 0.375000000 0.312500000
vt 0.385416667 0.312500000
vt 0.395833333 0.312500000
vt 0.406250000 0.312500000
vt 0.416666667 0.312500000
vt 0.427083333 0.312500000
vt 0.437500000 0.312500000
vt 0.447916667 0.312500000
vt 0.458333333 0.312500000
vt 0.468750000 0.312500000
vt 0.479166667 0.312500000
vt 0.489583333 0.312500000
vt 0.500000000 0.312500000
vt 0.510416667 0.312500000
vt 0.520833333 0.312500000
vt 0.531250000 0.312500000
vt 0.541666667 0.312500000
vt 0.552083333 0.312500000
vt 0.562500000 0.312500000
vt 0.572916667 0.312500000
vt 0.583333333 0.312500000
vt 0.593750000 0.312500000
vt 0.604166667 0.312500000
vt 0.614583333 0.312500000
vt 0.625000000 0.312500000
vt 0.635416667 0.312500000
vt 0.645833333 0.312500000
vt 0.656250000 0.312500000
vt 0.666666667 0.312500000
vt 0.677083333 0.312500000
vt 0.687500000 0.312500000
vt 0.697916667 0.312500000
vt 0.708333333 0.312500000
vt 0.718750000 0.312500000
vt 0.729166667 0.312500000
vt 0.739583333 0.312500000
vt 0.750000000 0.312500000
vt 0.760416667 0.312500000
vt 0.770833333 0.312500000
vt 0.781250000 0.312500000
vt 0.791666667 0.312500000
vt 0.802083333 0.312500000
vt 0.812500000 0.312500000
vt 0.822916667 0.312500000
vt 0.833333333 0.312500000
vt 0.843750000 0.312500000
vt 0.854166667 0.312500000
vt 0.864583333 0.312500000
vt 0.875000000 0.312500000
vt 0.885416667 0.312500000
vt 0.895833333 0.312500000
vt 0.906250000 0.312500000
vt 0.916666667 0.312500000
vt 0.927083333 0.312500000
vt 0.937500000 0.312500000
vt 0.947916667 0.312500000
vt 0.958333333 0.312500000
vt 0.968750000 0.312500000
vt 0.979166667 0.312500000
vt 0.989583333 0.312500000
vt 1.000000000 0.312500000
vt 0.000000000 0.291666667
vt 0.010416667 0.291666667
vt 0.020833333 0.291666667
vt 0.031250000 0.291666667
vt 0.041666667 0.291666667
vt 0.052083333 0.291666667
vt 0.062500000 0.291666667
vt 0.072916667 0.291666667
vt 0.083333333 0.291666667
vt 0.093750000 0.291666667
vt 0.104166667 0.291666667
vt 0.114583333 0.291666667
vt 0.125000000 0.291666667
vt 0.135416667 0.291666667
vt 0.145833333 0.291666667
vt 0.156250000 0.291666667
vt 0.166666667 0.291666667
vt 0.177083333 0.291666667
vt 0.187500000 0.291666667
vt 0.197916667 0.291666667
vt 0.208333333 0.291666667
vt 0.218750000 0.291666667
vt 0.229166667 0.291666667
vt 0.239583333 0.291666667
vt 0.250000000 0.291666667
vt 0.260416667 0.291666667
vt 0.270833333 0.291666667
vt 0.281250000 0.291666667
vt 0.291666667 0.291666667
vt 0.302083333 0.291666667
vt 0.312500000 0.291666667
vt 0.322916667 0.291666667
vt 0.333333333 0.291666667
vt 0.343750000 0.291666667
vt 0.354166667 0.291666667
vt 0.364583333 0.291666667
vt 0.375000000 0.291666667
vt 0.385416667 0.291666667
vt 0.395833333 0.291666667
vt 0.406250000 0.291666667
vt 0.416666667 0.291666667
vt 0.427083333 0.291666667
vt 0.437500000 0.291666667
vt 0.447916667 0.291666667
vt 0.458333333 0.291666667
vt 0.468750000 0.291666667
vt 0.479166667 0.291666667
vt 0.489583333 0.291666667
vt 0.500000000 0.291666667
vt 0.510416667 0.291666667
vt 0.520833333 0.291666667
vt 0.531250000 0.291666667
vt 0.541666667 0.291666667
vt 0.552083333 0.291666667
vt 0.562500000 0.291666667
vt 0.572916667 0.291666667
vt 0.583333333 0.291666667
vt 0.593750000 0.291666667
vt 0.604166667 0.291666667
vt 0.614583333 0.291666667
vt 0.625000000 0.291666667
vt 0.635416667 0.291666667
vt 0.645833333 0.291666667
vt 0.656250000 0.291666667
vt 0.666666667 0.291666667
vt 0.677083333 0.291666667
vt 0.687500000 0.291666667
vt 0.697916667 0.291666667
vt 0.708333333 0.291666667
vt 0.718750000 0.291666667
vt 0.729166667 0.291666667
vt 0.739583333 0.291666667
vt 0.750000000 0.291666667
vt 0.760416667 0.291666667
vt 0.770833333 0.291666667
vt 0.781250000 0.291666667
vt 0.791666667 0.291666667
vt 0.802083333 0.291666667
vt 0.812500000 0.291666667
vt 0.822916667 0.291666667
vt 0.833333333 0.291666667
vt 0.843750000 0.291666667
vt 0.854166667 0.291666667
vt 0.864583333 0.291666667
vt 0.875000000 0.291666667
vt 0.885416667 0.291666667
vt 0.895833333 0.291666667
vt 0.906250000 0.291666667
vt 0.916666667 0.291666667
vt 0.927083333 0.291666667
vt 0.937500000 0.291666667
vt 0.947916667 0.291666667
vt 0.958333333 0.291666667
vt 0.968750000 0.291666667
vt 0.979166667 0.291666667
vt 0.989583333 0.291666667
vt 1.000000000 0.291666667
vt 0.000000000 0.270833333
vt 0.010416667 0.270833333
vt 0.020833333 0.270833333
vt 0.031250000 0.270833333
vt 0.041666667 0.270833333
vt 0.052083333 0.270833333
vt 0.062500000 0.270833333
vt 0.072916667 0.270833333
vt 0.083333333 0.270833333
vt 0.093750000 0.270833333
vt 0.104166667 0.270833333
vt 0.114583333 0.270833333
vt 0.125000000 0.270833333
vt 0.135416667 0.270833333
vt 0.145833333 0.270833333
vt 0.156250000 0.270833333
vt 0.166666667 0.270833333
vt 0.177083333 0.270833333
vt 0.187500000 0.270833333
vt 0.197916667 0.270833333
vt 0.208333333 0.270833333
vt 0.218750000 0.270833333
vt 0.229166667 0.270833333
vt 0.239583333 0.270833333
vt 0.250000000 0.270833333
vt 0.260416667 0.270833333
vt 0.270833333 0.270833333
vt 0.281250000 0.270833333
vt 0.291666667 0.270833333
vt 0.302083333 0.270833333
vt 0.312500000 0.270833333
vt 0.322916667 0.270833333
vt 0.333333333 0.270833333
vt 0.343750000 0.270833333
vt 0.354166667 0.270833333
vt 0.364583333 0.270833333
vt 0.375000000 0.270833333
vt 0.385416667 0.270833333
vt 0.395833333 0.270833333
vt 0.406250000 0.270833333
vt 0.416666667 0.270833333
vt 0.427083333 0.270833333
vt 0.437500000 0.270833333
vt 0.447916667 0.270833333
vt 0.458333333 0.270833333
vt 0.468750000 0.270833333
vt 0.479166667 0.270833333
vt 0.489583333 0.270833333
vt 0.500000000 0.270833333
vt 0.510416667 0.270833333
vt 0.520833333 0.270833333
vt 0.531250000 0.270833333
vt 0.541666667 0.270833333
vt 0.552083333 0.270833333
vt 0.562500000 0.270833333
vt 0.572916667 0.270833333
vt 0.583333333 0.270833333
vt 0.593750000 0.270833333
vt 0.604166667 0.270833333
vt 0.614583333 0.270833333
vt 0.625000000 0.270833333
vt 0.635416667 0.270833333
vt 0.645833333 0.270833333
vt 0.656250000 0.270833333
vt 0.666666667 0.270833333
vt 0.677083333 0.270833333
vt 0.687500000 0.270833333
vt 0.697916667 0.270833333
vt 0.708333333 0.270833333
vt 0.718750000 0.270833333
vt 0.729166667 0.270833333
vt 0.739583333 0.270833333
vt 0.750000000 0.270833333
vt 0.760416667 0.270833333
vt 0.770833333 0.270833333
vt 0.781250000 0.270833333
vt 0.791666667 0.270833333
vt 0.802083333 0.270833333
vt 0.812500000 0.270833333
vt 0.822916667 0.270833333
vt 0.833333333 0.270833333
vt 0.843750000 0.270833333
vt 0.854166667 0.270833333
vt 0.864583333 0.270833333
vt 0.875000000 0.270833333
vt 0.885416667 0.270833333
vt 0.895833333 0.270833333
vt 0.906250000 0.270833333
vt 0.916666667 0.270833333
vt 0.927083333 0.270833333
vt 0.937500000 0.270833333
vt 0.947916667 0.270833333
vt 0.958333333 0.270833333
vt 0.968750000 0.270833333
vt 0.979166667 0.270833333
vt 0.989583333 0.270833333
vt 1.000000000 0.270833333
vt 0.000000000 0.250000000
vt 0.010416667 0.250000000
vt 0.020833333 0.250000000
vt 0.031250000 0.250000000
vt 0.041666667 0.250000000
vt 0.052083333 0.250000000
vt 0.062500000 0.250000000
vt 0.072916667 0.250000000
vt 0.083333333 0.250000000
vt 0.093750000 0.250000000
vt 0.104166667 0.250000000
vt 0.114583333 0.250000000
vt 0.125000000 0.250000000
vt 0.135416667 0.250000000
vt 0.145833333 0.250000000
vt 0.156250000 0.250000000
vt 0.166666667 0.250000000
vt 0.177083333 0.250000000
vt 0.187500000 0.250000000
vt 0.197916667 0.250000000
vt 0.208333333 0.250000000
vt 0.218750000 0.250000000
vt 0.229166667 0.250000000
vt 0.239583333 0.250000000
vt 0.250000000 0.250000000
vt 0.260416667 0.250000000
vt 0.270833333 0.250000000
vt 0.281250000 0.250000000
vt 0.291666667 0.250000000
vt 0.302083333 0.250000000
vt 0.312500000 0.250000000
vt 0.322916667 0.250000000
vt 0.333333333 0.250000000
vt 0.343750000 0.250000000
vt 0.354166667 0.250000000
vt 0.364583333 0.250000000
vt 0.375000000 0.250000000
vt 0.385416667 0.250000000
vt 0.395833333 0.250000000
vt 0.406250000 0.250000000
vt 0.416666667 0.250000000
vt 0.427083333 0.250000000
vt 0.437500000 0.250000000
vt 0.447916667 0.250000000
vt 0.458333333 0.250000000
vt 0.468750000 0.250000000
vt 0.479166667 0.250000000
vt 0.489583333 0.250000000
vt 0.500000000 0.250000000
vt 0.510416667 0.250000000
vt 0.520833333 0.250000000
vt 0.531250000 0.250000000
vt 0.541666667 0.250000000
vt 0.552083333 0.250000000
vt 0.562500000 0.250000000
vt 0.572916667 0.250000000
vt 0.583333333 0.250000000
vt 0.593750000 0.250000000
vt 0.604166667 0.250000000
vt 0.614583333 0.250000000
vt 0.625000000 0.250000000
vt 0.635416667 0.250000000
vt 0.645833333 0.250000000
vt 0.656250000 0.250000000
vt 0.666666667 0.250000000
vt 0.677083333 0.250000000
vt 0.687500000 0.250000000
vt 0.697916667 0.250000000
vt 0.708333333 0.250000000
vt 0.718750000 0.250000000
vt 0.729166667 0.250000000
vt 0.739583333 0.250000000
vt 0.750000000 0.250000000
vt 0.760416667 0.250000000
vt 0.770833333 0.250000000
vt 0.781250000 0.250000000
vt 0.791666667 0.250000000
vt 0.802083333 0.250000000
vt 0.812500000 0.250000000
vt 0.822916667 0.250000000
vt 0.833333333 0.250000000
vt 0.843750000 0.250000000
vt 0.854166667 0.250000000
vt 0.864583333 0.250000000
vt 0.875000000 0.250000000
vt 0.885416667 0.250000000
vt 0.895833333 0.250000000
vt 0.906250000 0.250000000
vt 0.916666667 0.250000000
vt 0.927083333 0.250000000
vt 0.937500000 0.250000000
vt 0.947916667 0.250000000
vt 0.958333333 0.250000000
vt 0.968750000 0.250000000
vt 0.979166667 0.250000000
vt 0.989583333 0.250000000
vt 1.000000000 0.250000000
vt 0.000000000 0.229166667
vt 0.010416667 0.229166667
vt 0.020833333 0.229166667
vt 0.031250000 0.229166667
vt 0.041666667 0.229166667
vt 0.052083333 0.229166667
vt 0.062500000 0.229166667
vt 0.072916667 0.229166667
vt 0.083333333 0.229166667
vt 0.093750000 0.229166667
vt 0.104166667 0.229166667
vt 0.114583333 0.229166667
vt 0.125000000 0.229166667
vt 0.135416667 0.229166667
vt 0.145833333 0.229166667
vt 0.156250000 0.229166667
vt 0.166666667 0.229166667
vt 0.177083333 0.229166667
vt 0.187500000 0.229166667
vt 0.197916667 0.229166667
vt 0.208333333 0.229166667
vt 0.218750000 0.229166667
vt 0.229166667 0.229166667
vt 0.239583333 0.229166667
vt 0.250000000 0.229166667
vt 0.260416667 0.229166667
vt 0.270833333 0.229166667
vt 0.281250000 0.229166667
vt 0.291666667 0.229166667
vt 0.302083333 0.229166667
vt 0.312500000 0.229166667
vt 0.322916667 0.229166667
vt 0.333333333 0.229166667
vt 0.343750000 0.229166667
vt 0.354166667 0.229166667
vt 0.364583333 0.229166667
vt 0.375000000 0.229166667
vt 0.385416667 0.229166667
vt 0.395833333 0.229166667
vt 0.406250000 0.229166667
vt 0.416666667 0.229166667
vt 0.427083333 0.229166667
vt 0.437500000 0.229166667
vt 0.447916667 0.229166667
vt 0.458333333 0.229166667
vt 0.468750000 0.229166667
vt 0.479166667 0.229166667
vt 0.489583333 0.229166667
vt 0.500000000 0.229166667
vt 0.510416667 0.229166667
vt 0.520833333 0.229166667
vt 0.531250000 0.229166667
vt 0.541666667 0.229166667
vt 0.552083333 0.229166667
vt 0.562500000 0.229166667
vt 0.572916667 0.229166667
vt 0.583333333 0.229166667
vt 0.593750000 0.229166667
vt 0.604166667 0.229166667
vt 0.614583333 0.229166667
vt 0.625000000 0.229166667
vt 0.635416667 0.229166667
vt 0.645833333 0.229166667
vt 0.656250000 0.229166667
vt 0.666666667 0.229166667
vt 0.677083333 0.229166667
vt 0.687500000 0.229166667
vt 0.697916667 0.229166667
vt 0.708333333 0.229166667
vt 0.718750000 0.229166667
vt 0.729166667 0.229166667
vt 0.739583333 0.229166667
vt 0.750000000 0.229166667
vt 0.760416667 0.229166667
vt 0.770833333 0.229166667
vt 0.781250000 0.229166667
vt 0.791666667 0.229166667
vt 0.802083333 0.229166667
vt 0.812500000 0.229166667
vt 0.822916667 0.229166667
vt 0.833333333 0.229166667
vt 0.843750000 0.229166667
vt 0.854166667 0.229166667
vt 0.864583333 0.229166667
vt 0.875000000 0.229166667
vt 0.885416667 0.229166667
vt 0.895833333 0.229166667
vt 0.906250000 0.229166667
vt 0.916666667 0.229166667
vt 0.927083333 0.229166667
vt 0.937500000 0.229166667
vt 0.947916667 0.229166667
vt 0.958333333 0.229166667
vt 0.968750000 0.229166667
vt 0.979166667 0.229166667
vt 0.989583333 0.229166667
vt 1.000000000 0.229166667
vt 0.000000000 0.208333333
vt 0.010416667 0.208333333
vt 0.020833333 0.208333333
vt 0.031250000 0.208333333
vt 0.041666667 0.208333333
vt 0.052083333 0.208333333
vt 0.062500000 0.208333333
vt 0.072916667 0.208333333
vt 0.083333333 0.208333333
vt 0.093750000 0.208333333
vt 0.104166667 0.208333333
vt 0.114583333 0.208333333
vt 0.125000000 0.208333333
vt 0.135416667 0.208333333
vt 0.145833333 0.208333333
vt 0.156250000 0.208333333
vt 0.166666667 0.208333333
vt 0.177083333 0.208333333
vt 0.187500000 0.208333333
vt 0.197916667 0.208333333
vt 0.208333333 0.208333333
vt 0.218750000 0.208333333
vt 0.229166667 0.208333333
vt 0.239583333 0.208333333
vt 0.250000000 0.208333333
vt 0.260416667 0.208333333
vt 0.270833333 0.208333333
vt 0.281250000 0.208333333
vt 0.291666667 0.208333333
vt 0.302083333 0.208333333
vt 0.312500000 0.208333333
vt 0.322916667 0.208333333
vt 0.333333333 0.208333333
vt 0.343750000 0.208333333
vt 0.354166667 0.208333333
vt 0.364583333 0.208333333
vt 0.375000000 0.208333333
vt 0.385416667 0.208333333
vt 0.395833333 0.208333333
vt 0.406250000 0.208333333
vt 0.416666667 0.208333333
vt 0.427083333 0.208333333
vt 0.437500000 0.208333333
vt 0.447916667 0.208333333
vt 0.458333333 0.208333333
vt 0.468750000 0.208333333
vt 0.479166667 0.208333333
vt 0.489583333 0.208333333
vt 0.500000000 0.208333333
vt 0.510416667 0.208333333
vt 0.520833333 0.208333333
vt 0.531250000 0.208333333
vt 0.541666667 0.208333333
vt 0.552083333 0.208333333
vt 0.562500000 0.208333333
vt 0.572916667 0.208333333
vt 0.583333333 0.208333333
vt 0.593750000 0.208333333
vt 0.604166667 0.208333333
vt 0.614583333 0.208333333
vt 0.625000000 0.208333333
vt 0.635416667 0.208333333
vt 0.645833333 0.208333333
vt 0.656250000 0.208333333
vt 0.666666667 0.208333333
vt 0.677083333 0.208333333
vt 0.687500000 0.208333333
vt 0.697916667 0.208333333
vt 0.708333333 0.208333333
vt 0.718750000 0.208333333
vt 0.729166667 0.208333333
vt 0.739583333 0.208333333
vt 0.750000000 0.208333333
vt 0.760416667 0.208333333
vt 0.770833333 0.208333333
vt 0.781250000 0.208333333
vt 0.791666667 0.208333333
vt 0.802083333 0.208333333
vt 0.812500000 0.208333333
vt 0.822916667 0.208333333
vt 0.833333333 0.208333333
vt 0.843750000 0.208333333
vt 0.854166667 0.208333333
vt 0.864583333 0.208333333
vt 0.875000000 0.208333333
vt 0.885416667 0.208333333
vt 0.895833333 0.208333333
vt 0.906250000 0.208333333
vt 0.916666667 0.208333333
vt 0.927083333 0.208333333
vt 0.937500000 0.208333333
vt 0.947916667 0.208333333
vt 0.958333333 0.208333333
vt 0.968750000 0.208333333
vt 0.979166667 0.208333333
vt 0.989583333 0.208333333
vt 1.000000000 0.208333333
vt 0.000000000 0.187500000
vt 0.010416667 0.187500000
vt 0.020833333 0.187500000
vt 0.031250000 0.187500000
vt 0.041666667 0.187500000
vt 0.052083333 0.187500000
vt 0.062500000 0.187500000
vt 0.072916667 0.187500000
vt 0.083333333 0.187500000
vt 0.093750000 0.187500000
vt 0.104166667 0.187500000
vt 0.114583333 0.187500000
vt 0.125000000 0.187500000
vt 0.135416667 0.187500000
vt 0.145833333 0.187500000
vt 0.156250000 0.187500000
vt 0.166666667 0.187500000
vt 0.177083333 0.187500000
vt 0.187500000 0.187500000
vt 0.197916667 0.187500000
vt 0.208333333 0.187500000
vt 0.218750000 0.187500000
vt 0.229166667 0.187500000
vt 0.239583333 0.187500000
vt 0.250000000 0.187500000
vt 0.260416667 0.187500000
vt 0.270833333 0.187500000
vt 0.281250000 0.187500000
vt 0.291666667 0.187500000
vt 0.302083333 0.187500000
vt 0.312500000 0.187500000
vt 0.322916667 0.187500000
vt 0.333333333 0.187500000
vt 0.343750000 0.187500000
vt 0.354166667 0.187500000
vt 0.364583333 0.187500000
vt 0.375000000 0.187500000
vt 0.385416667 0.187500000
vt 0.395833333 0.187500000
vt 0.406250000 0.187500000
vt 0.416666667 0.187500000
vt 0.427083333 0.187500000
vt 0.437500000 0.187500000
vt 0.447916667 0.187500000
vt 0.458333333 0.187500000
vt 0.468750000 0.187500000
vt 0.479166667 0.187500000
vt 0.489583333 0.187500000
vt 0.500000000 0.187500000
vt 0.510416667 0.187500000
vt 0.520833333 0.187500000
vt 0.531250000 0.187500000
vt 0.541666667 0.187500000
vt 0.552083333 0.187500000
vt 0.562500000 0.187500000
vt 0.572916667 0.187500000
vt 0.583333333 0.187500000
vt 0.593750000 0.187500000
vt 0.604166667 0.187500000
vt 0.614583333 0.187500000
vt 0.625000000 0.187500000
vt 0.635416667 0.187500000
vt 0.645833333 0.187500000
vt 0.656250000 0.187500000
vt 0.666666667 0.187500000
vt 0.677083333 0.187500000
vt 0.687500000 0.187500000
vt 0.697916667 0.187500000
vt 0.708333333 0.187500000
vt 0.718750000 0.187500000
vt 0.729166667 0.187500000
vt 0.739583333 0.187500000
vt 0.750000000 0.187500000
vt 0.760416667 0.187500000
vt 0.770833333 0.187500000
vt 0.781250000 0.187500000
vt 0.791666667 0.187500000
vt 0.802083333 0.187500000
vt 0.812500000 0.187500000
vt 0.822916667 0.187500000
vt 0.833333333 0.187500000
vt 0.843750000 0.187500000
vt 0.854166667 0.187500000
vt 0.864583333 0.187500000
vt 0.875000000 0.187500000
vt 0.885416667 0.187500000
vt 0.895833333 0.187500000
vt 0.906250000 0.187500000
vt 0.916666667 0.187500000
vt 0.927083333 0.187500000
vt 0.937500000 0.187500000
vt 0.947916667 0.187500000
vt 0.958333333 0.187500000
vt 0.968750000 0.187500000
vt 0.979166667 0.187500000
vt 0.989583333 0.187500000
vt 1.000000000 0.187500000
vt 0.000000000 0.166666667
vt 0.010416667 0.166666667
vt 0.020833333 0.166666667
vt 0.031250000 0.166666667
vt 0.041666667 0.166666667
vt 0.052083333 0.166666667
vt 0.062500000 0.166666667
vt 0.072916667 0.166666667
vt 0.083333333 0.166666667
vt 0.093750000 0.166666667
vt 0.104166667 0.166666667
vt 0.114583333 0.166666667
vt 0.125000000 0.166666667
vt 0.135416667 0.166666667
vt 0.145833333 0.166666667
vt 0.156250000 0.166666667
vt 0.166666667 0.166666667
vt 0.177083333 0.166666667
vt 0.187500000 0.166666667
vt 0.197916667 0.166666667
vt 0.208333333 0.166666667
vt 0.218750000 0.166666667
vt 0.229166667 0.166666667
vt 0.239583333 0.166666667
vt 0.250000000 0.166666667
vt 0.260416667 0.166666667
vt 0.270833333 0.166666667
vt 0.281250000 0.166666667
vt 0.291666667 0.166666667
vt 0.302083333 0.166666667
vt 0.312500000 0.166666667
vt 0.322916667 0.166666667
vt 0.333333333 0.166666667
vt 0.343750000 0.166666667
vt 0.354166667 0.166666667
vt 0.364583333 0.166666667
vt 0.375000000 0.166666667
vt 0.385416667 0.166666667
vt 0.395833333 0.166666667
vt 0.406250000 0.166666667
vt 0.416666667 0.166666667
vt 0.427083333 0.166666667
vt 0.437500000 0.166666667
vt 0.447916667 0.166666667
vt 0.458333333 0.166666667
vt 0.468750000 0.166666667
vt 0.479166667 0.166666667
vt 0.489583333 0.166666667
vt 0.500000000 0.166666667
vt 0.510416667 0.166666667
vt 0.520833333 0.166666667
vt 0.531250000 0.166666667
vt 0.541666667 0.166666667
vt 0.552083333 0.166666667
vt 0.562500000 0.166666667
vt 0.572916667 0.166666667
vt 0.583333333 0.166666667
vt 0.593750000 0.166666667
vt 0.604166667 0.166666667
vt 0.614583333 0.166666667
vt 0.625000000 0.166666667
vt 0.635416667 0.166666667
vt 0.645833333 0.166666667
vt 0.656250000 0.166666667
vt 0.666666667 0.166666667
vt 0.677083333 0.166666667
vt 0.687500000 0.166666667
vt 0.697916667 0.166666667
vt 0.708333333 0.166666667
vt 0.718750000 0.166666667
vt 0.729166667 0.166666667
vt 0.739583333 0.166666667
vt 0.750000000 0.166666667
vt 0.760416667 0.166666667
vt 0.770833333 0.166666667
vt 0.781250000 0.166666667
vt 0.791666667 0.166666667
vt 0.802083333 0.166666667
vt 0.812500000 0.166666667
vt 0.822916667 0.166666667
vt 0.833333333 0.166666667
vt 0.843750000 0.166666667
vt 0.854166667 0.166666667
vt 0.864583333 0.166666667
vt 0.875000000 0.166666667
vt 0.885416667 0.166666667
vt 0.895833333 0.166666667
vt 0.906250000 0.166666667
vt 0.916666667 0.166666667
vt 0.927083333 0.166666667
vt 0.937500000 0.166666667
vt 0.947916667 0.166666667
vt 0.958333333 0.166666667
vt 0.968750000 0.166666667
vt 0.979166667 0.166666667
vt 0.989583333 0.166666667
vt 1.000000000 0.166666667
vt 0.000000000 0.145833333
vt 0.010416667 0.145833333
vt 0.020833333 0.145833333
vt 0.031250000 0.145833333
vt 0.041666667 0.145833333
vt 0.052083333 0.145833333
vt 0.062500000 0.145833333
vt 0.072916667 0.145833333
vt 0.083333333 0.145833333
vt 0.093750000 0.145833333
vt 0.104166667 0.145833333
vt 0.114583333 0.145833333
vt 0.125000000 0.145833333
vt 0.135416667 0.145833333
vt 0.145833333 0.145833333
vt 0.156250000 0.145833333
vt 0.166666667 0.145833333
vt 0.177083333 0.145833333
vt 0.187500000 0.145833333
vt 0.197916667 0.145833333
vt 0.208333333 0.145833333
vt 0.218750000 0.145833333
vt 0.229166667 0.145833333
vt 0.239583333 0.145833333
vt 0.250000000 0.145833333
vt 0.260416667 0.145833333
vt 0.270833333 0.145833333
vt 0.281250000 0.145833333
vt 0.291666667 0.145833333
vt 0.302083333 0.145833333
vt 0.312500000 0.145833333
vt 0.322916667 0.145833333
vt 0.333333333 0.145833333
vt 0.343750000 0.145833333
vt 0.354166667 0.145833333
vt 0.364583333 0.145833333
vt 0.375000000 0.145833333
vt 0.385416667 0.145833333
vt 0.395833333 0.145833333
vt 0.406250000 0.145833333
vt 0.416666667 0.145833333
vt 0.427083333 0.145833333
vt 0.437500000 0.145833333
vt 0.447916667 0.145833333
vt 0.458333333 0.145833333
vt 0.468750000 0.145833333
vt 0.479166667 0.145833333
vt 0.489583333 0.145833333
vt 0.500000000 0.145833333
vt 0.510416667 0.145833333
vt 0.520833333 0.145833333
vt 0.531250000 0.145833333
vt 0.541666667 0.145833333
vt 0.552083333 0.145833333
vt 0.562500000 0.145833333
vt 0.572916667 0.145833333
vt 0.583333333 0.145833333
vt 0.593750000 0.145833333
vt 0.604166667 0.145833333
vt 0.614583333 0.145833333
vt 0.625000000 0.145833333
vt 0.635416667 0.145833333
vt 0.645833333 0.145833333
vt 0.656250000 0.145833333
vt 0.666666667 0.145833333
vt 0.677083333 0.145833333
vt 0.687500000 0.145833333
vt 0.697916667 0.145833333
vt 0.708333333 0.145833333
vt 0.718750000 0.145833333
vt 0.729166667 0.145833333
vt 0.739583333 0.145833333
vt 0.750000000 0.145833333
vt 0.760416667 0.145833333
vt 0.770833333 0.145833333
vt 0.781250000 0.145833333
vt 0.791666667 0.145833333
vt 0.802083333 0.145833333
vt 0.812500000 0.145833333
vt 0.822916667 0.145833333
vt 0.833333333 0.145833333
vt 0.843750000 0.145833333
vt 0.854166667 0.145833333
vt 0.864583333 0.145833333
vt 0.875000000 0.145833333
vt 0.885416667 0.145833333
vt 0.895833333 0.145833333
vt 0.906250000 0.145833333
vt 0.916666667 0.145833333
vt 0.927083333 0.145833333
vt 0.937500000 0.145833333
vt 0.947916667 0.145833333
vt 0.958333333 0.145833333
vt 0.968750000 0.145833333
vt 0.979166667 0.145833333
vt 0.989583333 0.145833333
vt 1.000000000 0.145833333
vt 0.000000000 0.125000000
vt 0.010416667 0.125000000
vt 0.020833333 0.125000000
vt 0.031250000 0.125000000
vt 0.041666667 0.125000000
vt 0.052083333 0.125000000
vt 0.062500000 0.125000000
vt 0.072916667 0.125000000
vt 0.083333333 0.125000000
vt 0.093750000 0.125000000
vt 0.104166667 0.125000000
vt 0.114583333 0.125000000
vt 0.125000000 0.125000000
vt 0.135416667 0.125000000
vt 0.145833333 0.125000000
vt 0.156250000 0.125000000
vt 0.166666667 0.125000000
vt 0.177083333 0.125000000
vt 0.187500000 0.125000000
vt 0.197916667 0.125000000
vt 0.208333333 0.125000000
vt 0.218750000 0.125000000
vt 0.229166667 0.125000000
vt 0.239583333 0.125000000
vt 0.250000000 0.125000000
vt 0.260416667 0.125000000
vt 0.270833333 0.125000000
vt 0.281250000 0.125000000
vt 0.291666667 0.125000000
vt 0.302083333 0.125000000
vt 0.312500000 0.125000000
vt 0.322916667 0.125000000
vt 0.333333333 0.125000000
vt 0.343750000 0.125000000
vt 0.354166667 0.125000000
vt 0.364583333 0.125000000
vt 0.375000000 0.125000000
vt 0.385416667 0.125000000
vt 0.395833333 0.125000000
vt 0.406250000 0.125000000
vt 0.416666667 0.125000000
vt 0.427083333 0.125000000
vt 0.437500000 0.125000000
vt 0.447916667 0.125000000
vt 0.458333333 0.125000000
vt 0.468750000 0.125000000
vt 0.479166667 0.125000000
vt 0.489583333 0.125000000
vt 0.500000000 0.125000000
vt 0.510416667 0.125000000
vt 0.520833333 0.125000000
vt 0.531250000 0.125000000
vt 0.541666667 0.125000000
vt 0.552083333 0.125000000
vt 0.562500000 0.125000000
vt 0.572916667 0.125000000
vt 0.583333333 0.125000000
vt 0.593750000 0.125000000
vt 0.604166667 0.125000000
vt 0.614583333 0.125000000
vt 0.625000000 0.125000000
vt 0.635416667 0.125000000
vt 0.645833333 0.125000000
vt 0.656250000 0.125000000
vt 0.666666667 0.125000000
vt 0.677083333 0.125000000
vt 0.687500000 0.125000000
vt 0.697916667 0.125000000
vt 0.708333333 0.125000000
vt 0.718750000 0.125000000
vt 0.729166667 0.125000000
vt 0.739583333 0.125000000
vt 0.750000000 0.125000000
vt 0.760416667 0.125000000
vt 0.770833333 0.125000000
vt 0.781250000 0.125000000
vt 0.791666667 0.125000000
vt 0.802083333 0.125000000
vt 0.812500000 0.125000000
vt 0.822916667 0.125000000
vt 0.833333333 0.125000000
vt 0.843750000 0.125000000
vt 0.854166667 0.125000000
vt 0.864583333 0.125000000
vt 0.875000000 0.125000000
vt 0.885416667 0.125000000
vt 0.895833333 0.125000000
vt 0.906250000 0.125000000
vt 0.916666667 0.125000000
vt 0.927083333 0.125000000
vt 0.937500000 0.125000000
vt 0.947916667 0.125000000
vt 0.958333333 0.125000000
vt 0.968750000 0.125000000
vt 0.979166667 0.125000000
vt 0.989583333 0.125000000
vt 1.000000000 0.125000000
vt 0.000000000 0.104166667
vt 0.010416667 0.104166667
vt 0.020833333 0.104166667
vt 0.031250000 0.104166667
vt 0.041666667 0.104166667
vt 0.052083333 0.104166667
vt 0.062500000 0.104166667
vt 0.072916667 0.104166667
vt 0.083333333 0.104166667
vt 0.093750000 0.104166667
vt 0.104166667 0.104166667
vt 0.114583333 0.104166667
vt 0.125000000 0.104166667
vt 0.135416667 0.104166667
vt 0.145833333 0.104166667
vt 0.156250000 0.104166667
vt 0.166666667 0.104166667
vt 0.177083333 0.104166667
vt 0.187500000 0.104166667
vt 0.197916667 0.104166667
vt 0.208333333 0.104166667
vt 0.218750000 0.104166667
vt 0.229166667 0.104166667
vt 0.239583333 0.104166667
vt 0.250000000 0.104166667
vt 0.260416667 0.104166667
vt 0.270833333 0.104166667
vt 0.281250000 0.104166667
vt 0.291666667 0.104166667
vt 0.302083333 0.104166667
vt 0.312500000 0.104166667
vt 0.322916667 0.104166667
vt 0.333333333 0.104166667
vt 0.343750000 0.104166667
vt 0.354166667 0.104166667
vt 0.364583333 0.104166667
vt 0.375000000 0.104166667
vt 0.385416667 0.104166667
vt 0.395833333 0.104166667
vt 0.406250000 0.104166667
vt 0.416666667 0.104166667
vt 0.427083333 0.104166667
vt 0.437500000 0.104166667
vt 0.447916667 0.104166667
vt 0.458333333 0.104166667
vt 0.468750000 0.104166667
vt 0.479166667 0.104166667
vt 0.489583333 0.104166667
vt 0.500000000 0.104166667
vt 0.510416667 0.104166667
vt 0.520833333 0.104166667
vt 0.531250000 0.104166667
vt 0.541666667 0.104166667
vt 0.552083333 0.104166667
vt 0.562500000 0.104166667
vt 0.572916667 0.104166667
vt 0.583333333 0.104166667
vt 0.593750000 0.104166667
vt 0.604166667 0.104166667
vt 0.614583333 0.104166667
vt 0.625000000 0.104166667
vt 0.635416667 0.104166667
vt 0.645833333 0.104166667
vt 0.656250000 0.104166667
vt 0.666666667 0.104166667
vt 0.677083333 0.104166667
vt 0.687500000 0.104166667
vt 0.697916667 0.104166667
vt 0.708333333 0.104166667
vt 0.718750000 0.104166667
vt 0.729166667 0.104166667
vt 0.739583333 0.104166667
vt 0.750000000 0.104166667
vt 0.760416667 0.104166667
vt 0.770833333 0.104166667
vt 0.781250000 0.104166667
vt 0.791666667 0.104166667
vt 0.802083333 0.104166667
vt 0.812500000 0.104166667
vt 0.822916667 0.104166667
vt 0.833333333 0.104166667
vt 0.843750000 0.104166667
vt 0.854166667 0.104166667
vt 0.864583333 0.104166667
vt 0.875000000 0.104166667
vt 0.885416667 0.104166667
vt 0.895833333 0.104166667
vt 0.906250000 0.104166667
vt 0.916666667 0.104166667
vt 0.927083333 0.104166667
vt 0.937500000 0.104166667
vt 0.947916667 0.104166667
vt 0.958333333 0.104166667
vt 0.968750000 0.104166667
vt 0.979166667 0.104166667
vt 0.989583333 0.104166667
vt 1.000000000 0.104166667
vt 0.000000000 0.083333333
vt 0.010416667 0.083333333
vt 0.020833333 0.083333333
vt 0.031250000 0.083333333
vt 0.041666667 0.083333333
vt 0.052083333 0.083333333
vt 0.062500000 0.083333333
vt 0.072916667 0.083333333
vt 0.083333333 0.083333333
vt 0.093750000 0.083333333
vt 0.104166667 0.083333333
vt 0.114583333 0.083333333
vt 0.125000000 0.083333333
vt 0.135416667 0.083333333
vt 0.145833333 0.083333333
vt 0.156250000 0.083333333
vt 0.166666667 0.083333333
vt 0.177083333 0.083333333
vt 0.187500000 0.083333333
vt 0.197916667 0.083333333
vt 0.208333333 0.083333333
vt 0.218750000 0.083333333
vt 0.229166667 0.083333333
vt 0.239583333 0.083333333
vt 0.250000000 0.083333333
vt 0.260416667 0.083333333
vt 0.270833333 0.083333333
vt 0.281250000 0.083333333
vt 0.291666667 0.083333333
vt 0.302083333 0.083333333
vt 0.312500000 0.083333333
vt 0.322916667 0.083333333
vt 0.333333333 0.083333333
vt 0.343750000 0.083333333
vt 0.354166667 0.083333333
vt 0.364583333 0.083333333
vt 0.375000000 0.083333333
vt 0.385416667 0.083333333
vt 0.395833333 0.083333333
vt 0.406250000 0.083333333
vt 0.416666667 0.083333333
vt 0.427083333 0.083333333
vt 0.437500000 0.083333333
vt 0.447916667 0.083333333
vt 0.458333333 0.083333333
vt 0.468750000 0.083333333
vt 0.479166667 0.083333333
vt 0.489583333 0.083333333
vt 0.500000000 0.083333333
vt 0.510416667 0.083333333
vt 0.520833333 0.083333333
vt 0.531250000 0.083333333
vt 0.541666667 0.083333333
vt 0.552083333 0.083333333
vt 0.562500000 0.083333333
vt 0.572916667 0.083333333
vt 0.583333333 0.083333333
vt 0.593750000 0.083333333
vt 0.604166667 0.083333333
vt 0.614583333 0.083333333
vt 0.625000000 0.083333333
vt 0.635416667 0.083333333
vt 0.645833333 0.083333333
vt 0.656250000 0.083333333
vt 0.666666667 0.083333333
vt 0.677083333 0.083333333
vt 0.687500000 0.083333333
vt 0.697916667 0.083333333
vt 0.708333333 0.083333333
vt 0.718750000 0.083333333
vt 0.729166667 0.083333333
vt 0.739583333 0.083333333
vt 0.750000000 0.083333333
vt 0.760416667 0.083333333
vt 0.770833333 0.083333333
vt 0.781250000 0.083333333
vt 0.791666667 0.083333333
vt 0.802083333 0.083333333
vt 0.812500000 0.083333333
vt 0.822916667 0.083333333
vt 0.833333333 0.083333333
vt 0.843750000 0.083333333
vt 0.854166667 0.083333333
vt 0.864583333 0.083333333
vt 0.875000000 0.083333333
vt 0.885416667 0.083333333
vt 0.895833333 0.083333333
vt 0.906250000 0.083333333
vt 0.916666667 0.083333333
vt 0.927083333 0.083333333
vt 0.937500000 0.083333333
vt 0.947916667 0.083333333
vt 0.958333333 0.083333333
vt 0.968750000 0.083333333
vt 0.979166667 0.083333333
vt 0.989583333 0.083333333
vt 1.000000000 0.083333333
vt 0.000000000 0.062500000
vt 0.010416667 0.062500000
vt 0.020833333 0.062500000
vt 0.031250000 0.062500000
vt 0.041666667 0.062500000
vt 0.052083333 0.062500000
vt 0.062500000 0.062500000
vt 0.072916667 0.062500000
vt 0.083333333 0.062500000
vt 0.093750000 0.062500000
vt 0.104166667 0.062500000
vt 0.114583333 0.062500000
vt 0.125000000 0.062500000
vt 0.135416667 0.062500000
vt 0.145833333 0.062500000
vt 0.156250000 0.062500000
vt 0.166666667 0.062500000
vt 0.177083333 0.062500000
vt 0.187500000 0.062500000
vt 0.197916667 0.062500000
vt 0.208333333 0.062500000
vt 0.218750000 0.062500000
vt 0.229166667 0.062500000
vt 0.239583333 0.062500000
vt 0.250000000 0.062500000
vt 0.260416667 0.062500000
vt 0.270833333 0.062500000
vt 0.281250000 0.062500000
vt 0.291666667 0.062500000
vt 0.302083333 0.062500000
vt 0.312500000 0.062500000
vt 0.322916667 0.062500000
vt 0.333333333 0.062500000
vt 0.343750000 0.062500000
vt 0.354166667 0.062500000
vt 0.364583333 0.062500000
vt 0.375000000 0.062500000
vt 0.385416667 0.062500000
vt 0.395833333 0.062500000
vt 0.406250000 0.062500000
vt 0.416666667 0.062500000
vt 0.427083333 0.062500000
vt 0.437500000 0.062500000
vt 0.447916667 0.062500000
vt 0.458333333 0.062500000
vt 0.468750000 0.062500000
vt 0.479166667 0.062500000
vt 0.489583333 0.062500000
vt 0.500000000 0.062500000
vt 0.510416667 0.062500000
vt 0.520833333 0.062500000
vt 0.531250000 0.062500000
vt 0.541666667 0.062500000
vt 0.552083333 0.062500000
vt 0.562500000 0.062500000
vt 0.572916667 0.062500000
vt 0.583333333 0.062500000
vt 0.593750000 0.062500000
vt 0.604166667 0.062500000
vt 0.614583333 0.062500000
vt 0.625000000 0.062500000
vt 0.635416667 0.062500000
vt 0.645833333 0.062500000
vt 0.656250000 0.062500000
vt 0.666666667 0.062500000
vt 0.677083333 0.062500000
vt 0.687500000 0.062500000
vt 0.697916667 0.062500000
vt 0.708333333 0.062500000
vt 0.718750000 0.062500000
vt 0.729166667 0.062500000
vt 0.739583333 0.062500000
vt 0.750000000 0.062500000
vt 0.760416667 0.062500000
vt 0.770833333 0.062500000
vt 0.781250000 0.062500000
vt 0.791666667 0.062500000
vt 0.802083333 0.062500000
vt 0.812500000 0.062500000
vt 0.822916667 0.062500000
vt 0.833333333 0.062500000
vt 0.843750000 0.062500000
vt 0.854166667 0.062500000
vt 0.864583333 0.062500000
vt 0.875000000 0.062500000
vt 0.885416667 0.062500000
vt 0.895833333 0.062500000
vt 0.906250000 0.062500000
vt 0.916666667 0.062500000
vt 0.927083333 0.062500000
vt 0.937500000 0.062500000
vt 0.947916667 0.062500000
vt 0.958333333 0.062500000
vt 0.968750000 0.062500000
vt 0.979166667 0.062500000
vt 0.989583333 0.062500000
vt 1.000000000 0.062500000
vt 0.000000000 0.041666667
vt 0.010416667 0.041666667
vt 0.020833333 0.041666667
vt 0.031250000 0.041666667
vt 0.041666667 0.041666667
vt 0.052083333 0.041666667
vt 0.062500000 0.041666667
vt 0.072916667 0.041666667
vt 0.083333333 0.041666667
vt 0.093750000 0.041666667
vt 0.104166667 0.041666667
vt 0.114583333 0.041666667
vt 0.125000000 0.041666667
vt 0.135416667 0.041666667
vt 0.145833333 0.041666667
vt 0.156250000 0.041666667
vt 0.166666667 0.041666667
vt 0.177083333 0.041666667
vt 0.187500000 0.041666667
vt 0.197916667 0.041666667
vt 0.208333333 0.041666667
vt 0.218750000 0.041666667
vt 0.229166667 0.041666667
vt 0.239583333 0.041666667
vt 0.250000000 0.041666667
vt 0.260416667 0.041666667
vt 0.270833333 0.041666667
vt 0.281250000 0.041666667
vt 0.291666667 0.041666667
vt 0.302083333 0.041666667
vt 0.312500000 0.041666667
vt 0.322916667 0.041666667
vt 0.333333333 0.041666667
vt 0.343750000 0.041666667
vt 0.354166667 0.041666667
vt 0.364583333 0.041666667
vt 0.375000000 0.041666667
vt 0.385416667 0.041666667
vt 0.395833333 0.041666667
vt 0.406250000 0.041666667
vt 0.416666667 0.041666667
vt 0.427083333 0.041666667
vt 0.437500000 0.041666667
vt 0.447916667 0.041666667
vt 0.458333333 0.041666667
vt 0.468750000 0.041666667
vt 0.479166667 0.041666667
vt 0.489583333 0.041666667
vt 0.500000000 0.041666667
vt 0.510416667 0.041666667
vt 0.520833333 0.041666667
vt 0.531250000 0.041666667
vt 0.541666667 0.041666667
vt 0.552083333 0.041666667
vt 0.562500000 0.041666667
vt 0.572916667 0.041666667
vt 0.583333333 0.041666667
vt 0.593750000 0.041666667
vt 0.604166667 0.041666667
vt 0.614583333 0.041666667
vt 0.625000000 0.041666667
vt 0.635416667 0.041666667
vt 0.645833333 0.041666667
vt 0.656250000 0.041666667
vt 0.666666667 0.041666667
vt 0.677083333 0.041666667
vt 0.687500000 0.041666667
vt 0.697916667 0.041666667
vt 0.708333333 0.041666667
vt 0.718750000 0.041666667
vt 0.729166667 0.041666667
vt 0.739583333 0.041666667
vt 0.750000000 0.041666667
vt 0.760416667 0.041666667
vt 0.770833333 0.041666667
vt 0.781250000 0.041666667
vt 0.791666667 0.041666667
vt 0.802083333 0.041666667
vt 0.812500000 0.041666667
vt 0.822916667 0.041666667
vt 0.833333333 0.041666667
vt 0.843750000 0.041666667
vt 0.854166667 0.041666667
vt 0.864583333 0.041666667
vt 0.875000000 0.041666667
vt 0.885416667 0.041666667
vt 0.895833333 0.041666667
vt 0.906250000 0.041666667
vt 0.916666667 0.041666667
vt 0.927083333 0.041666667
vt 0.937500000 0.041666667
vt 0.947916667 0.041666667
vt 0.958333333 0.041666667
vt 0.968750000 0.041666667
vt 0.979166667 0.041666667
vt 0.989583333 0.041666667
vt 1.000000000 0.041666667
vt 0.000000000 0.020833333
vt 0.010416667 0.020833333
vt 0.020833333 0.020833333
vt 0.031250000 0.020833333
vt 0.041666667 0.020833333
vt 0.052083333 0.020833333
vt 0.062500000 0.020833333
vt 0.072916667 0.020833333
vt 0.083333333 0.020833333
vt 0.093750000 0.020833333
vt 0.104166667 0.020833333
vt 0.114583333 0.020833333
vt 0.125000000 0.020833333
vt 0.135416667 0.020833333
vt 0.145833333 0.020833333
vt 0.156250000 0.020833333
vt 0.166666667 0.020833333
vt 0.177083333 0.020833333
vt 0.187500000 0.020833333
vt 0.197916667 0.020833333
vt 0.208333333 0.020833333
vt 0.218750000 0.020833333
vt 0.229166667 0.020833333
vt 0.239583333 0.020833333
vt 0.250000000 0.020833333
vt 0.260416667 0.020833333
vt 0.270833333 0.020833333
vt 0.281250000 0.020833333
vt 0.291666667 0.020833333
vt 0.302083333 0.020833333
vt 0.312500000 0.020833333
vt 0.322916667 0.020833333
vt 0.333333333 0.020833333
vt 0.343750000 0.020833333
vt 0.354166667 0.020833333
vt 0.364583333 0.020833333
vt 0.375000000 0.020833333
vt 0.385416667 0.020833333
vt 0.395833333 0.020833333
vt 0.406250000 0.020833333
vt 0.416666667 0.020833333
vt 0.427083333 0.020833333
vt 0.437500000 0.020833333
vt 0.447916667 0.020833333
vt 0.458333333 0.020833333
vt 0.468750000 0.020833333
vt 0.479166667 0.020833333
vt 0.489583333 0.020833333
vt 0.500000000 0.020833333
vt 0.510416667 0.020833333
vt 0.520833333 0.020833333
vt 0.531250000 0.020833333
vt 0.541666667 0.020833333
vt 0.552083333 0.020833333
vt 0.562500000 0.020833333
vt 0.572916667 0.020833333
vt 0.583333333 0.020833333
vt 0.593750000 0.020833333
vt 0.604166667 0.020833333
vt 0.614583333 0.020833333
vt 0.625000000 0.020833333
vt 0.635416667 0.020833333
vt 0.645833333 0.020833333
vt 0.656250000 0.020833333
vt 0.666666667 0.020833333
vt 0.677083333 0.020833333
vt 0.687500000 0.020833333
vt 0.697916667 0.020833333
vt 0.708333333 0.020833333
vt 0.718750000 0.020833333
vt 0.729166667 0.020833333
vt 0.739583333 0.020833333
vt 0.750000000 0.020833333
vt 0.760416667 0.020833333
vt 0.770833333 0.020833333
vt 0.781250000 0.020833333
vt 0.791666667 0.020833333
vt 0.802083333 0.020833333
vt 0.812500000 0.020833333
vt 0.822916667 0.020833333
vt 0.833333333 0.020833333
vt 0.843750000 0.020833333
vt 0.854166667 0.020833333
vt 0.864583333 0.020833333
vt 0.875000000 0.020833333
vt 0.885416667 0.020833333
vt 0.895833333 0.020833333
vt 0.906250000 0.020833333
vt 0.916666667 0.020833333
vt 0.927083333 0.020833333
vt 0.937500000 0.020833333
vt 0.947916667 0.020833333
vt 0.958333333 0.020833333
vt 0.968750000 0.020833333
vt 0.979166667 0.020833333
vt 0.989583333 0.020833333
vt 1.000000000 0.020833333
vt 0.005208333 0.000000000
vt 0.015625000 0.000000000
vt 0.026041667 0.000000000
vt 0.036458333 0.000000000
vt 0.046875000 0.000000000
vt 0.057291667 0.000000000
vt 0.067708333 0.000000000
vt 0.078125000 0.000000000
vt 0.088541667 0.000000000
vt 0.098958333 0.000000000
vt 0.109375000 0.000000000
vt 0.119791667 0.000000000
vt 0.130208333 0.000000000
vt 0.140625000 0.000000000
vt 0.151041667 0.000000000
vt 0.161458333 0.000000000
vt 0.171875000 0.000000000
vt 0.182291667 0.000000000
vt 0.192708333 0.000000000
vt 0.203125000 0.000000000
vt 0.213541667 0.000000000
vt 0.223958333 0.000000000
vt 0.234375000 0.000000000
vt 0.244791667 0.000000000
vt 0.255208333 0.000000000
vt 0.265625000 0.000000000
vt 0.276041667 0.000000000
vt 0.286458333 0.000000000
vt 0.296875000 0.000000000
vt 0.307291667 0.000000000
vt 0.317708333 0.000000000
vt 0.328125000 0.000000000
vt 0.338541667 0.000000000
vt 0.348958333 0.000000000
vt 0.359375000 0.000000000
vt 0.369791667 0.000000000
vt 0.380208333 0.000000000
vt 0.390625000 0.000000000
vt 0.401041667 0.000000000
vt 0.411458333 0.000000000
vt 0.421875000 0.000000000
vt 0.432291667 0.000000000
vt 0.442708333 0.000000000
vt 0.453125000 0.000000000
vt 0.463541667 0.000000000
vt 0.473958333 0.000000000
vt 0.484375000 0.000000000
vt 0.494791667 0.000000000
vt 0.505208333 0.000000000
vt 0.515625000 0.000000000
vt 0.526041667 0.000000000
vt 0.536458333 0.000000000
vt 0.546875000 0.000000000
vt 0.557291667 0.000000000
vt 0.567708333 0.000000000
vt 0.578125000 0.000000000
vt 0.588541667 0.000000000
vt 0.598958333 0.000000000
vt 0.609375000 0.000000000
vt 0.619791667 0.000000000
vt 0.630208333 0.000000000
vt 0.640625000 0.000000000
vt 0.651041667 0.000000000
vt 0.661458333 0.000000000
vt 0.671875000 0.000000000
vt 0.682291667 0.000000000
vt 0.692708333 0.000000000
vt 0.703125000 0.000000000
vt 0.713541667 0.000000000
vt 0.723958333 0.000000000
vt 0.734375000 0.000000000
vt 0.744791667 0.000000000
vt 0.755208333 0.000000000
vt 0.765625000 0.000000000
vt 0.776041667 0.000000000
vt 0.786458333 0.000000000
vt 0.796875000 0.000000000
vt 0.807291667 0.000000000
vt 0.817708333 0.000000000
vt 0.828125000 0.000000000
vt 0.838541667 0.000000000
vt 0.848958333 0.000000000
vt 0.859375000 0.000000000
vt 0.869791667 0.000000000
vt 0.880208333 0.000000000
vt 0.890625000 0.000000000
vt 0.901041667 0.000000000
vt 0.911458333 0.000000000
vt 0.921875000 0.000000000
vt 0.932291667 0.000000000
vt 0.942708333 0.000000000
vt 0.953125000 0.000000000
vt 0.963541667 0.000000000
vt 0.973958333 0.000000000
vt 0.984375000 0.000000000
vt 0.994791667 0.000000000
vn 0.000000000 0.000000000 1.000000000
vn 0.000000000 0.000000000 1.000000000
vn 0.000000000 0.000000000 1.000000000
vn 0.000000000 0.000000000 1.000000000
vn 0.000000000 0.000000000 1.000000000
vn 0.000000000 0.000000000 1.000000000
vn 0.000000000 0.000000000 1.000000000
vn 0.000000000 0.000000000 1.000000000
vn 0.000000000 0.000000000 1.000000000
vn 0.000000000 0.000000000 1.000000000
vn 0.000000000 0.000000000 1.000000000
vn 0.000000000 0.000000000 1.000000000
vn 0.000000000 0.000000000 1.000000000
vn 0.000000000 0.000000000 1.000000000
vn 0.000000000 0.000000000 1.000000000
vn 0.000000000 0.000000000 1.000000000
vn 0.000000000 0.000000000 1.000000000
vn 0.000000000 0.000000000 1.000000000
vn 0.000000000 0.000000000 1.000000000
vn 0.000000000 0.000000000 1.000000000
vn 0.000000000 0.000000000 1.000000000
vn 0.000000000 0.000000000 1.000000000
vn 0.000000000 0.000000000 1.000000000
vn 0.000000000 0.000000000 1.000000000
vn 0.000000000 0.000000000 1.000000000
vn 0.000000000 0.000000000 1.000000000
vn 0.000000000 0.000000000 1.000000000
vn 0.000000000 0.000000000 1.000000000
vn 0.000000000 0.000000000 1.000000000
vn 0.000000000 0.000000000 1.000000000
vn 0.000000000 0.000000000 1.000000000
vn 0.000000000 0.000000000 1.000000000
vn 0.000000000 0.000000000 1.000000000
vn 0.000000000 0.000000000 1.000000000
vn 0.000000000 0.000000000 1.000000000
vn 0.000000000 0.000000000 1.000000000
vn 0.000000000 0.000000000 1.000000000
vn 0.000000000 0.000000000 1.000000000
vn 0.000000000 0.000000000 1.000000000
vn 0.000000000 0.000000000 1.000000000
vn 0.000000000 0.000000000 1.000000000
vn 0.000000000 0.000000000 1.000000000
vn 0.000000000 0.000000000 1.000000000
vn 0.000000000 0.000000000 1.000000000
vn 0.000000000 0.000000000 1.000000000
vn 0.000000000 0.000000000 1.000000000
vn 0.000000000 0.000000000 1.000000000
vn 0.000000000 0.000000000 1.000000000
vn 0.000000000 0.000000000 1.000000000
vn 0.000000000 0.000000000 1.000000000
vn 0.000000000 0.000000000 1.000000000
vn 0.000000000 0.000000000 1.000000000
vn 0.000000000 0.000000000 1.000000000
vn 0.000000000 0.000000000 1.000000000
vn 0.000000000 0.000000000 1.000000000
vn 0.000000000 0.000000000 1.000000000
vn 0.000000000 0.000000000 1.000000000
vn 0.000000000 0.000000000 1.000000000
vn 0.000000000 0.000000000 1.000000000
vn 0.000000000 0.000000000 1.000000000
vn 0.000000000 0.000000000 1.000000000
vn 0.000000000 0.000000000 1.000000000
vn 0.000000000 0.000000000 1.000000000
vn 0.000000000 0.000000000 1.000000000
vn 0.000000000 0.000000000 1.000000000
vn 0.000000000 0.000000000 1.000000000
vn 0.000000000 0.000000000 1.000000000
vn 0.000000000 0.000000000 1.000000000
vn 0.000000000 0.000000000 1.000000000
vn 0.000000000 0.000000000 1.000000000
vn 0.000000000 0.000000000 1.000000000
vn 0.000000000 0.000000000 1.000000000
vn 0.000000000 0.000000000 1.000000000
vn 0.000000000 0.000000000 1.000000000
vn 0.000000000 0.000000000 1.000000000
vn 0.000000000 0.000000000 1.000000000
vn 0.000000000 0.000000000 1.000000000
vn 0.000000000 0.000000000 1.000000000
vn 0.000000000 0.000000000 1.000000000
vn 0.000000000 0.000000000 1.000000000
vn 0.000000000 0.000000000 1.000000000
vn 0.000000000 0.000000000 1.000000000
vn 0.000000000 0.000000000 1.000000000
vn 0.000000000 0.000000000 1.000000000
vn 0.000000000 0.000000000 1.000000000
vn 0.000000000 0.000000000 1.000000000
vn 0.000000000 0.000000000 1.000000000
vn 0.000000000 0.000000000 1.000000000
vn 0.000000000 0.000000000 1.000000000
vn 0.000000000 0.000000000 1.000000000
vn 0.000000000 0.000000000 1.000000000
vn 0.000000000 0.000000000 1.000000000
vn 0.000000000 0.000000000 1.000000000
vn 0.000000000 0.000000000 1.000000000
vn 0.000000000 0.000000000 1.000000000
vn 0.000000000 0.000000000 1.000000000
vn 0.065403129 0.000000000 0.997858923
vn 0.065263096 0.004277569 0.997858923
vn 0.064843596 0.008536821 0.997858923
vn 0.064146426 0.012759518 0.997858923
vn 0.063174572 0.016927575 0.997858923
vn 0.061932194 0.021023147 0.997858923
vn 0.060424612 0.025028694 0.997858923
vn 0.058658284 0.028927064 0.997858923
vn 0.056640771 0.032701565 0.997858923
vn 0.054380715 0.036336032 0.997858923
vn 0.051887791 0.039814902 0.997858923
vn 0.049172676 0.043123280 0.997858923
vn 0.046246996 0.046246996 0.997858923
vn 0.043123280 0.049172676 0.997858923
vn 0.039814902 0.051887791 0.997858923
vn 0.036336032 0.054380715 0.997858923
vn 0.032701565 0.056640771 0.997858923
vn 0.028927064 0.058658284 0.997858923
vn 0.025028694 0.060424612 0.997858923
vn 0.021023147 0.061932194 0.997858923
vn 0.016927575 0.063174572 0.997858923
vn 0.012759518 0.064146426 0.997858923
vn 0.008536821 0.064843596 0.997858923
vn 0.004277569 0.065263096 0.997858923
vn 0.000000000 0.065403129 0.997858923
vn -0.004277569 0.065263096 0.997858923
vn -0.008536821 0.064843596 0.997858923
vn -0.012759518 0.064146426 0.997858923
vn -0.016927575 0.063174572 0.997858923
vn -0.021023147 0.061932194 0.997858923
vn -0.025028694 0.060424612 0.997858923
vn -0.028927064 0.058658284 0.997858923
vn -0.032701565 0.056640771 0.997858923
vn -0.036336032 0.054380715 0.997858923
vn -0.039814902 0.051887791 0.997858923
vn -0.043123280 0.049172676 0.997858923
vn -0.046246996 0.046246996 0.997858923
vn -0.049172676 0.043123280 0.997858923
vn -0.051887791 0.039814902 0.997858923
vn -0.054380715 0.036336032 0.997858923
vn -0.056640771 0.032701565 0.997858923
vn -0.058658284 0.028927064 0.997858923
vn -0.060424612 0.025028694 0.997858923
vn -0.061932194 0.021023147 0.997858923
vn -0.063174572 0.016927575 0.997858923
vn -0.064146426 0.012759518 0.997858923
vn -0.064843596 0.008536821 0.997858923
vn -0.065263096 0.004277569 0.997858923
vn -0.065403129 0.000000000 0.997858923
vn -0.065263096 -0.004277569 0.997858923
vn -0.064843596 -0.008536821 0.997858923
vn -0.064146426 -0.012759518 0.997858923
vn -0.063174572 -0.016927575 0.997858923
vn -0.061932194 -0.021023147 0.997858923
vn -0.060424612 -0.025028694 0.997858923
vn -0.058658284 -0.028927064 0.997858923
vn -0.056640771 -0.032701565 0.997858923
vn -0.054380715 -0.036336032 0.997858923
vn -0.051887791 -0.039814902 0.997858923
vn -0.049172676 -0.043123280 0.997858923
vn -0.046246996 -0.046246996 0.997858923
vn -0.043123280 -0.049172676 0.997858923
vn -0.039814902 -0.051887791 0.997858923
vn -0.036336032 -0.054380715 0.997858923
vn -0.032701565 -0.056640771 0.997858923
vn -0.028927064 -0.058658284 0.997858923
vn -0.025028694 -0.060424612 0.997858923
vn -0.021023147 -0.061932194 0.997858923
vn -0.016927575 -0.063174572 0.997858923
vn -0.012759518 -0.064146426 0.997858923
vn -0.008536821 -0.064843596 0.997858923
vn -0.004277569 -0.065263096 0.997858923
vn -0.000000000 -0.065403129 0.997858923
vn 0.004277569 -0.065263096 0.997858923
vn 0.008536821 -0.064843596 0.997858923
vn 0.012759518 -0.064146426 0.997858923
vn 0.016927575 -0.063174572 0.997858923
vn 0.021023147 -0.061932194 0.997858923
vn 0.025028694 -0.060424612 0.997858923
vn 0.028927064 -0.058658284 0.997858923
vn 0.032701565 -0.056640771 0.997858923
vn 0.036336032 -0.054380715 0.997858923
vn 0.039814902 -0.051887791 0.997858923
vn 0.043123280 -0.049172676 0.997858923
vn 0.046246996 -0.046246996 0.997858923
vn 0.049172676 -0.043123280 0.997858923
vn 0.051887791 -0.039814902 0.997858923
vn 0.054380715 -0.036336032 0.997858923
vn 0.056640771 -0.032701565 0.997858923
vn 0.058658284 -0.028927064 0.997858923
vn 0.060424612 -0.025028694 0.997858923
vn 0.061932194 -0.021023147 0.997858923
vn 0.063174572 -0.016927575 0.997858923
vn 0.064146426 -0.012759518 0.997858923
vn 0.064843596 -0.008536821 0.997858923
vn 0.065263096 -0.004277569 0.997858923
vn 0.065403129 -0.000000000 0.997858923
vn 0.130526192 0.000000000 0.991444861
vn 0.130246726 0.008536821 0.991444861
vn 0.129409523 0.017037087 0.991444861
vn 0.128018168 0.025464397 0.991444861
vn 0.126078620 0.033782664 0.991444861
vn 0.123599184 0.041956269 0.991444861
vn 0.120590477 0.049950211 0.991444861
vn 0.117065384 0.057730259 0.991444861
vn 0.113038998 0.065263096 0.991444861
vn 0.108528562 0.072516467 0.991444861
vn 0.103553391 0.079459311 0.991444861
vn 0.098134787 0.086061899 0.991444861
vn 0.092295956 0.092295956 0.991444861
vn 0.086061899 0.098134787 0.991444861
vn 0.079459311 0.103553391 0.991444861
vn 0.072516467 0.108528562 0.991444861
vn 0.065263096 0.113038998 0.991444861
vn 0.057730259 0.117065384 0.991444861
vn 0.049950211 0.120590477 0.991444861
vn 0.041956269 0.123599184 0.991444861
vn 0.033782664 0.126078620 0.991444861
vn 0.025464397 0.128018168 0.991444861
vn 0.017037087 0.129409523 0.991444861
vn 0.008536821 0.130246726 0.991444861
vn 0.000000000 0.130526192 0.991444861
vn -0.008536821 0.130246726 0.991444861
vn -0.017037087 0.129409523 0.991444861
vn -0.025464397 0.128018168 0.991444861
vn -0.033782664 0.126078620 0.991444861
vn -0.041956269 0.123599184 0.991444861
vn -0.049950211 0.120590477 0.991444861
vn -0.057730259 0.117065384 0.991444861
vn -0.065263096 0.113038998 0.991444861
vn -0.072516467 0.108528562 0.991444861
vn -0.079459311 0.103553391 0.991444861
vn -0.086061899 0.098134787 0.991444861
vn -0.092295956 0.092295956 0.991444861
vn -0.098134787 0.086061899 0.991444861
vn -0.103553391 0.079459311 0.991444861
vn -0.108528562 0.072516467 0.991444861
vn -0.113038998 0.065263096 0.991444861
vn -0.117065384 0.057730259 0.991444861
vn -0.120590477 0.049950211 0.991444861
vn -0.123599184 0.041956269 0.991444861
vn -0.126078620 0.033782664 0.991444861
vn -0.128018168 0.025464397 0.991444861
vn -0.129409523 0.017037087 0.991444861
vn -0.130246726 0.008536821 0.991444861
vn -0.130526192 0.000000000 0.991444861
vn -0.130246726 -0.008536821 0.991444861
vn -0.129409523 -0.017037087 0.991444861
vn -0.128018168 -0.025464397 0.991444861
vn -0.126078620 -0.033782664 0.991444861
vn -0.123599184 -0.041956269 0.991444861
vn -0.120590477 -0.049950211 0.991444861
vn -0.117065384 -0.057730259 0.991444861
vn -0.113038998 -0.065263096 0.991444861
vn -0.108528562 -0.072516467 0.991444861
vn -0.103553391 -0.079459311 0.991444861
vn -0.098134787 -0.086061899 0.991444861
vn -0.092295956 -0.092295956 0.991444861
vn -0.086061899 -0.098134787 0.991444861
vn -0.079459311 -0.103553391 0.991444861
vn -0.072516467 -0.108528562 0.991444861
vn -0.065263096 -0.113038998 0.991444861
vn -0.057730259 -0.117065384 0.991444861
vn -0.049950211 -0.120590477 0.991444861
vn -0.041956269 -0.123599184 0.991444861
vn -0.033782664 -0.126078620 0.991444861
vn -0.025464397 -0.128018168 0.991444861
vn -0.017037087 -0.129409523 0.991444861
vn -0.008536821 -0.130246726 0.991444861
vn -0.000000000 -0.130526192 0.991444861
vn 0.008536821 -0.130246726 0.991444861
vn 0.017037087 -0.129409523 0.991444861
vn 0.025464397 -0.128018168 0.991444861
vn 0.033782664 -0.126078620 0.991444861
vn 0.041956269 -0.123599184 0.991444861
vn 0.049950211 -0.120590477 0.991444861
vn 0.057730259 -0.117065384 0.991444861
vn 0.065263096 -0.113038998 0.991444861
vn 0.072516467 -0.108528562 0.991444861
vn 0.079459311 -0.103553391 0.991444861
vn 0.086061899 -0.098134787 0.991444861
vn 0.092295956 -0.092295956 0.991444861
vn 0.098134787 -0.086061899 0.991444861
vn 0.103553391 -0.079459311 0.991444861
vn 0.108528562 -0.072516467 0.991444861
vn 0.113038998 -0.065263096 0.991444861
vn 0.117065384 -0.057730259 0.991444861
vn 0.120590477 -0.049950211 0.991444861
vn 0.123599184 -0.041956269 0.991444861
vn 0.126078620 -0.033782664 0.991444861
vn 0.128018168 -0.025464397 0.991444861
vn 0.129409523 -0.017037087 0.991444861
vn 0.130246726 -0.008536821 0.991444861
vn 0.130526192 -0.000000000 0.991444861
vn 0.195090322 0.000000000 0.980785280
vn 0.194672619 0.012759518 0.980785280
vn 0.193421297 0.025464397 0.980785280
vn 0.191341716 0.038060234 0.980785280
vn 0.188442780 0.050493091 0.980785280
vn 0.184736904 0.062709729 0.980785280
vn 0.180239956 0.074657834 0.980785280
vn 0.174971192 0.086286243 0.980785280
vn 0.168953175 0.097545161 0.980785280
vn 0.162211674 0.108386376 0.980785280
vn 0.154775559 0.118763463 0.980785280
vn 0.146676670 0.128631987 0.980785280
vn 0.137949690 0.137949690 0.980785280
vn 0.128631987 0.146676670 0.980785280
vn 0.118763463 0.154775559 0.980785280
vn 0.108386376 0.162211674 0.980785280
vn 0.097545161 0.168953175 0.980785280
vn 0.086286243 0.174971192 0.980785280
vn 0.074657834 0.180239956 0.980785280
vn 0.062709729 0.184736904 0.980785280
vn 0.050493091 0.188442780 0.980785280
vn 0.038060234 0.191341716 0.980785280
vn 0.025464397 0.193421297 0.980785280
vn 0.012759518 0.194672619 0.980785280
vn 0.000000000 0.195090322 0.980785280
vn -0.012759518 0.194672619 0.980785280
vn -0.025464397 0.193421297 0.980785280
vn -0.038060234 0.191341716 0.980785280
vn -0.050493091 0.188442780 0.980785280
vn -0.062709729 0.184736904 0.980785280
vn -0.074657834 0.180239956 0.980785280
vn -0.086286243 0.174971192 0.980785280
vn -0.097545161 0.168953175 0.980785280
vn -0.108386376 0.162211674 0.980785280
vn -0.118763463 0.154775559 0.980785280
vn -0.128631987 0.146676670 0.980785280
vn -0.137949690 0.137949690 0.980785280
vn -0.146676670 0.128631987 0.980785280
vn -0.154775559 0.118763463 0.980785280
vn -0.162211674 0.108386376 0.980785280
vn -0.168953175 0.097545161 0.980785280
vn -0.174971192 0.086286243 0.980785280
vn -0.180239956 0.074657834 0.980785280
vn -0.184736904 0.062709729 0.980785280
vn -0.188442780 0.050493091 0.980785280
vn -0.191341716 0.038060234 0.980785280
vn -0.193421297 0.025464397 0.980785280
vn -0.194672619 0.012759518 0.980785280
vn -0.195090322 0.000000000 0.980785280
vn -0.194672619 -0.012759518 0.980785280
vn -0.193421297 -0.025464397 0.980785280
vn -0.191341716 -0.038060234 0.980785280
vn -0.188442780 -0.050493091 0.980785280
vn -0.184736904 -0.062709729 0.980785280
vn -0.180239956 -0.074657834 0.980785280
vn -0.174971192 -0.086286243 0.980785280
vn -0.168953175 -0.097545161 0.980785280
vn -0.162211674 -0.108386376 0.980785280
vn -0.154775559 -0.118763463 0.980785280
vn -0.146676670 -0.128631987 0.980785280
vn -0.137949690 -0.137949690 0.980785280
vn -0.128631987 -0.146676670 0.980785280
vn -0.118763463 -0.154775559 0.980785280
vn -0.108386376 -0.162211674 0.980785280
vn -0.097545161 -0.168953175 0.980785280
vn -0.086286243 -0.174971192 0.980785280
vn -0.074657834 -0.180239956 0.980785280
vn -0.062709729 -0.184736904 0.980785280
vn -0.050493091 -0.188442780 0.980785280
vn -0.038060234 -0.191341716 0.980785280
vn -0.025464397 -0.193421297 0.980785280
vn -0.012759518 -0.194672619 0.980785280
vn -0.000000000 -0.195090322 0.980785280
vn 0.012759518 -0.194672619 0.980785280
vn 0.025464397 -0.193421297 0.980785280
vn 0.038060234 -0.191341716 0.980785280
vn 0.050493091 -0.188442780 0.980785280
vn 0.062709729 -0.184736904 0.980785280
vn 0.074657834 -0.180239956 0.980785280
vn 0.086286243 -0.174971192 0.980785280
vn 0.097545161 -0.168953175 0.980785280
vn 0.108386376 -0.162211674 0.980785280
vn 0.118763463 -0.154775559 0.980785280
vn 0.128631987 -0.146676670 0.980785280
vn 0.137949690 -0.137949690 0.980785280
vn 0.146676670 -0.128631987 0.980785280
vn 0.154775559 -0.118763463 0.980785280
vn 0.162211674 -0.108386376 0.980785280
vn 0.168953175 -0.097545161 0.980785280
vn 0.174971192 -0.086286243 0.980785280
vn 0.180239956 -0.074657834 0.980785280
vn 0.184736904 -0.062709729 0.980785280
vn 0.188442780 -0.050493091 0.980785280
vn 0.191341716 -0.038060234 0.980785280
vn 0.193421297 -0.025464397 0.980785280
vn 0.194672619 -0.012759518 0.980785280
vn 0.195090322 -0.000000000 0.980785280
vn 0.258819045 0.000000000 0.965925826
vn 0.258264894 0.016927575 0.965925826
vn 0.256604812 0.033782664 0.965925826
vn 0.253845910 0.050493091 0.965925826
vn 0.250000000 0.066987298 0.965925826
vn 0.245083552 0.083194655 0.965925826
vn 0.239117618 0.099045761 0.965925826
vn 0.232127747 0.114472736 0.965925826
vn 0.224143868 0.129409523 0.965925826
vn 0.215200171 0.143792157 0.965925826
vn 0.205334954 0.157559052 0.965925826
vn 0.194590461 0.170651254 0.965925826
vn 0.183012702 0.183012702 0.965925826
vn 0.170651254 0.194590461 0.965925826
vn 0.157559052 0.205334954 0.965925826
vn 0.143792157 0.215200171 0.965925826
vn 0.129409523 0.224143868 0.965925826
vn 0.114472736 0.232127747 0.965925826
vn 0.099045761 0.239117618 0.965925826
vn 0.083194655 0.245083552 0.965925826
vn 0.066987298 0.250000000 0.965925826
vn 0.050493091 0.253845910 0.965925826
vn 0.033782664 0.256604812 0.965925826
vn 0.016927575 0.258264894 0.965925826
vn 0.000000000 0.258819045 0.965925826
vn -0.016927575 0.258264894 0.965925826
vn -0.033782664 0.256604812 0.965925826
vn -0.050493091 0.253845910 0.965925826
vn -0.066987298 0.250000000 0.965925826
vn -0.083194655 0.245083552 0.965925826
vn -0.099045761 0.239117618 0.965925826
vn -0.114472736 0.232127747 0.965925826
vn -0.129409523 0.224143868 0.965925826
vn -0.143792157 0.215200171 0.965925826
vn -0.157559052 0.205334954 0.965925826
vn -0.170651254 0.194590461 0.965925826
vn -0.183012702 0.183012702 0.965925826
vn -0.194590461 0.170651254 0.965925826
vn -0.205334954 0.157559052 0.965925826
vn -0.215200171 0.143792157 0.965925826
vn -0.224143868 0.129409523 0.965925826
vn -0.232127747 0.114472736 0.965925826
vn -0.239117618 0.099045761 0.965925826
vn -0.245083552 0.083194655 0.965925826
vn -0.250000000 0.066987298 0.965925826
vn -0.253845910 0.050493091 0.965925826
vn -0.256604812 0.033782664 0.965925826
vn -0.258264894 0.016927575 0.965925826
vn -0.258819045 0.000000000 0.965925826
vn -0.258264894 -0.016927575 0.965925826
vn -0.256604812 -0.033782664 0.965925826
vn -0.253845910 -0.050493091 0.965925826
vn -0.250000000 -0.066987298 0.965925826
vn -0.245083552 -0.083194655 0.965925826
vn -0.239117618 -0.099045761 0.965925826
vn -0.232127747 -0.114472736 0.965925826
vn -0.224143868 -0.129409523 0.965925826
vn -0.215200171 -0.143792157 0.965925826
vn -0.205334954 -0.157559052 0.965925826
vn -0.194590461 -0.170651254 0.965925826
vn -0.183012702 -0.183012702 0.965925826
vn -0.170651254 -0.194590461 0.965925826
vn -0.157559052 -0.205334954 0.965925826
vn -0.143792157 -0.215200171 0.965925826
vn -0.129409523 -0.224143868 0.965925826
vn -0.114472736 -0.232127747 0.965925826
vn -0.099045761 -0.239117618 0.965925826
vn -0.083194655 -0.245083552 0.965925826
vn -0.066987298 -0.250000000 0.965925826
vn -0.050493091 -0.253845910 0.965925826
vn -0.033782664 -0.256604812 0.965925826
vn -0.016927575 -0.258264894 0.965925826
vn -0.000000000 -0.258819045 0.965925826
vn 0.016927575 -0.258264894 0.965925826
vn 0.033782664 -0.256604812 0.965925826
vn 0.050493091 -0.253845910 0.965925826
vn 0.066987298 -0.250000000 0.965925826
vn 0.083194655 -0.245083552 0.965925826
vn 0.099045761 -0.239117618 0.965925826
vn 0.114472736 -0.232127747 0.965925826
vn 0.129409523 -0.224143868 0.965925826
vn 0.143792157 -0.215200171 0.965925826
vn 0.157559052 -0.205334954 0.965925826
vn 0.170651254 -0.194590461 0.965925826
vn 0.183012702 -0.183012702 0.965925826
vn 0.194590461 -0.170651254 0.965925826
vn 0.205334954 -0.157559052 0.965925826
vn 0.215200171 -0.143792157 0.965925826
vn 0.224143868 -0.129409523 0.965925826
vn 0.232127747 -0.114472736 0.965925826
vn 0.239117618 -0.099045761 0.965925826
vn 0.245083552 -0.083194655 0.965925826
vn 0.250000000 -0.066987298 0.965925826
vn 0.253845910 -0.050493091 0.965925826
vn 0.256604812 -0.033782664 0.965925826
vn 0.258264894 -0.016927575 0.965925826
vn 0.258819045 -0.000000000 0.965925826
vn 0.321439465 0.000000000 0.946930129
vn 0.320751239 0.021023147 0.946930129
vn 0.318689506 0.041956269 0.946930129
vn 0.315263096 0.062709729 0.946930129
vn 0.310486681 0.083194655 0.946930129
vn 0.304380715 0.103323330 0.946930129
vn 0.296971343 0.123009558 0.946930129
vn 0.288290294 0.142169040 0.946930129
vn 0.278374743 0.160719733 0.946930129
vn 0.267267148 0.178582199 0.946930129
vn 0.255015073 0.195679948 0.946930129
vn 0.241670986 0.211939766 0.946930129
vn 0.227292026 0.227292026 0.946930129
vn 0.211939766 0.241670986 0.946930129
vn 0.195679948 0.255015073 0.946930129
vn 0.178582199 0.267267148 0.946930129
vn 0.160719733 0.278374743 0.946930129
vn 0.142169040 0.288290294 0.946930129
vn 0.123009558 0.296971343 0.946930129
vn 0.103323330 0.304380715 0.946930129
vn 0.083194655 0.310486681 0.946930129
vn 0.062709729 0.315263096 0.946930129
vn 0.041956269 0.318689506 0.946930129
vn 0.021023147 0.320751239 0.946930129
vn 0.000000000 0.321439465 0.946930129
vn -0.021023147 0.320751239 0.946930129
vn -0.041956269 0.318689506 0.946930129
vn -0.062709729 0.315263096 0.946930129
vn -0.083194655 0.310486681 0.946930129
vn -0.103323330 0.304380715 0.946930129
vn -0.123009558 0.296971343 0.946930129
vn -0.142169040 0.288290294 0.946930129
vn -0.160719733 0.278374743 0.946930129
vn -0.178582199 0.267267148 0.946930129
vn -0.195679948 0.255015073 0.946930129
vn -0.211939766 0.241670986 0.946930129
vn -0.227292026 0.227292026 0.946930129
vn -0.241670986 0.211939766 0.946930129
vn -0.255015073 0.195679948 0.946930129
vn -0.267267148 0.178582199 0.946930129
vn -0.278374743 0.160719733 0.946930129
vn -0.288290294 0.142169040 0.946930129
vn -0.296971343 0.123009558 0.946930129
vn -0.304380715 0.103323330 0.946930129
vn -0.310486681 0.083194655 0.946930129
vn -0.315263096 0.062709729 0.946930129
vn -0.318689506 0.041956269 0.946930129
vn -0.320751239 0.021023147 0.946930129
vn -0.321439465 0.000000000 0.946930129
vn -0.320751239 -0.021023147 0.946930129
vn -0.318689506 -0.041956269 0.946930129
vn -0.315263096 -0.062709729 0.946930129
vn -0.310486681 -0.083194655 0.946930129
vn -0.304380715 -0.103323330 0.946930129
vn -0.296971343 -0.123009558 0.946930129
vn -0.288290294 -0.142169040 0.946930129
vn -0.278374743 -0.160719733 0.946930129
vn -0.267267148 -0.178582199 0.946930129
vn -0.255015073 -0.195679948 0.946930129
vn -0.241670986 -0.211939766 0.946930129
vn -0.227292026 -0.227292026 0.946930129
vn -0.211939766 -0.241670986 0.946930129
vn -0.195679948 -0.255015073 0.946930129
vn -0.178582199 -0.267267148 0.946930129
vn -0.160719733 -0.278374743 0.946930129
vn -0.142169040 -0.288290294 0.946930129
vn -0.123009558 -0.296971343 0.946930129
vn -0.103323330 -0.304380715 0.946930129
vn -0.083194655 -0.310486681 0.946930129
vn -0.062709729 -0.315263096 0.946930129
vn -0.041956269 -0.318689506 0.946930129
vn -0.021023147 -0.320751239 0.946930129
vn -0.000000000 -0.321439465 0.946930129
vn 0.021023147 -0.320751239 0.946930129
vn 0.041956269 -0.318689506 0.946930129
vn 0.062709729 -0.315263096 0.946930129
vn 0.083194655 -0.310486681 0.946930129
vn 0.103323330 -0.304380715 0.946930129
vn 0.123009558 -0.296971343 0.946930129
vn 0.142169040 -0.288290294 0.946930129
vn 0.160719733 -0.278374743 0.946930129
vn 0.178582199 -0.267267148 0.946930129
vn 0.195679948 -0.255015073 0.946930129
vn 0.211939766 -0.241670986 0.946930129
vn 0.227292026 -0.227292026 0.946930129
vn 0.241670986 -0.211939766 0.946930129
vn 0.255015073 -0.195679948 0.946930129
vn 0.267267148 -0.178582199 0.946930129
vn 0.278374743 -0.160719733 0.946930129
vn 0.288290294 -0.142169040 0.946930129
vn 0.296971343 -0.123009558 0.946930129
vn 0.304380715 -0.103323330 0.946930129
vn 0.310486681 -0.083194655 0.946930129
vn 0.315263096 -0.062709729 0.946930129
vn 0.318689506 -0.041956269 0.946930129
vn 0.320751239 -0.021023147 0.946930129
vn 0.321439465 -0.000000000 0.946930129
vn 0.382683432 0.000000000 0.923879533
vn 0.381864078 0.025028694 0.923879533
vn 0.379409523 0.049950211 0.923879533
vn 0.375330278 0.074657834 0.923879533
vn 0.369643811 0.099045761 0.923879533
vn 0.362374472 0.123009558 0.923879533
vn 0.353553391 0.146446609 0.923879533
vn 0.343218339 0.169256554 0.923879533
vn 0.331413574 0.191341716 0.923879533
vn 0.318189645 0.212607524 0.923879533
vn 0.303603179 0.232962913 0.923879533
vn 0.287716638 0.252320720 0.923879533
vn 0.270598050 0.270598050 0.923879533
vn 0.252320720 0.287716638 0.923879533
vn 0.232962913 0.303603179 0.923879533
vn 0.212607524 0.318189645 0.923879533
vn 0.191341716 0.331413574 0.923879533
vn 0.169256554 0.343218339 0.923879533
vn 0.146446609 0.353553391 0.923879533
vn 0.123009558 0.362374472 0.923879533
vn 0.099045761 0.369643811 0.923879533
vn 0.074657834 0.375330278 0.923879533
vn 0.049950211 0.379409523 0.923879533
vn 0.025028694 0.381864078 0.923879533
vn 0.000000000 0.382683432 0.923879533
vn -0.025028694 0.381864078 0.923879533
vn -0.049950211 0.379409523 0.923879533
vn -0.074657834 0.375330278 0.923879533
vn -0.099045761 0.369643811 0.923879533
vn -0.123009558 0.362374472 0.923879533
vn -0.146446609 0.353553391 0.923879533
vn -0.169256554 0.343218339 0.923879533
vn -0.191341716 0.331413574 0.923879533
vn -0.212607524 0.318189645 0.923879533
vn -0.232962913 0.303603179 0.923879533
vn -0.252320720 0.287716638 0.923879533
vn -0.270598050 0.270598050 0.923879533
vn -0.287716638 0.252320720 0.923879533
vn -0.303603179 0.232962913 0.923879533
vn -0.318189645 0.212607524 0.923879533
vn -0.331413574 0.191341716 0.923879533
vn -0.343218339 0.169256554 0.923879533
vn -0.353553391 0.146446609 0.923879533
vn -0.362374472 0.123009558 0.923879533
vn -0.369643811 0.099045761 0.923879533
vn -0.375330278 0.074657834 0.923879533
vn -0.379409523 0.049950211 0.923879533
vn -0.381864078 0.025028694 0.923879533
vn -0.382683432 0.000000000 0.923879533
vn -0.381864078 -0.025028694 0.923879533
vn -0.379409523 -0.049950211 0.923879533
vn -0.375330278 -0.074657834 0.923879533
vn -0.369643811 -0.099045761 0.923879533
vn -0.362374472 -0.123009558 0.923879533
vn -0.353553391 -0.146446609 0.923879533
vn -0.343218339 -0.169256554 0.923879533
vn -0.331413574 -0.191341716 0.923879533
vn -0.318189645 -0.212607524 0.923879533
vn -0.303603179 -0.232962913 0.923879533
vn -0.287716638 -0.252320720 0.923879533
vn -0.270598050 -0.270598050 0.923879533
vn -0.252320720 -0.287716638 0.923879533
vn -0.232962913 -0.303603179 0.923879533
vn -0.212607524 -0.318189645 0.923879533
vn -0.191341716 -0.331413574 0.923879533
vn -0.169256554 -0.343218339 0.923879533
vn -0.146446609 -0.353553391 0.923879533
vn -0.123009558 -0.362374472 0.923879533
vn -0.099045761 -0.369643811 0.923879533
vn -0.074657834 -0.375330278 0.923879533
vn -0.049950211 -0.379409523 0.923879533
vn -0.025028694 -0.381864078 0.923879533
vn -0.000000000 -0.382683432 0.923879533
vn 0.025028694 -0.381864078 0.923879533
vn 0.049950211 -0.379409523 0.923879533
vn 0.074657834 -0.375330278 0.923879533
vn 0.099045761 -0.369643811 0.923879533
vn 0.123009558 -0.362374472 0.923879533
vn 0.146446609 -0.353553391 0.923879533
vn 0.169256554 -0.343218339 0.923879533
vn 0.191341716 -0.331413574 0.923879533
vn 0.212607524 -0.318189645 0.923879533
vn 0.232962913 -0.303603179 0.923879533
vn 0.252320720 -0.287716638 0.923879533
vn 0.270598050 -0.270598050 0.923879533
vn 0.287716638 -0.252320720 0.923879533
vn 0.303603179 -0.232962913 0.923879533
vn 0.318189645 -0.212607524 0.923879533
vn 0.331413574 -0.191341716 0.923879533
vn 0.343218339 -0.169256554 0.923879533
vn 0.353553391 -0.146446609 0.923879533
vn 0.362374472 -0.123009558 0.923879533
vn 0.369643811 -0.099045761 0.923879533
vn 0.375330278 -0.074657834 0.923879533
vn 0.379409523 -0.049950211 0.923879533
vn 0.381864078 -0.025028694 0.923879533
vn 0.382683432 -0.000000000 0.923879533
vn 0.442288690 0.000000000 0.896872742
vn 0.441341716 0.028927064 0.896872742
vn 0.438504849 0.057730259 0.896872742
vn 0.433790237 0.086286243 0.896872742
vn 0.427218069 0.114472736 0.896872742
vn 0.418816487 0.142169040 0.896872742
vn 0.408621468 0.169256554 0.896872742
vn 0.396676670 0.195619285 0.896872742
vn 0.383033242 0.221144345 0.896872742
vn 0.367749606 0.245722431 0.896872742
vn 0.350891210 0.269248295 0.896872742
vn 0.332530244 0.291621197 0.896872742
vn 0.312745332 0.312745332 0.896872742
vn 0.291621197 0.332530244 0.896872742
vn 0.269248295 0.350891210 0.896872742
vn 0.245722431 0.367749606 0.896872742
vn 0.221144345 0.383033242 0.896872742
vn 0.195619285 0.396676670 0.896872742
vn 0.169256554 0.408621468 0.896872742
vn 0.142169040 0.418816487 0.896872742
vn 0.114472736 0.427218069 0.896872742
vn 0.086286243 0.433790237 0.896872742
vn 0.057730259 0.438504849 0.896872742
vn 0.028927064 0.441341716 0.896872742
vn 0.000000000 0.442288690 0.896872742
vn -0.028927064 0.441341716 0.896872742
vn -0.057730259 0.438504849 0.896872742
vn -0.086286243 0.433790237 0.896872742
vn -0.114472736 0.427218069 0.896872742
vn -0.142169040 0.418816487 0.896872742
vn -0.169256554 0.408621468 0.896872742
vn -0.195619285 0.396676670 0.896872742
vn -0.221144345 0.383033242 0.896872742
vn -0.245722431 0.367749606 0.896872742
vn -0.269248295 0.350891210 0.896872742
vn -0.291621197 0.332530244 0.896872742
vn -0.312745332 0.312745332 0.896872742
vn -0.332530244 0.291621197 0.896872742
vn -0.350891210 0.269248295 0.896872742
vn -0.367749606 0.245722431 0.896872742
vn -0.383033242 0.221144345 0.896872742
vn -0.396676670 0.195619285 0.896872742
vn -0.408621468 0.169256554 0.896872742
vn -0.418816487 0.142169040 0.896872742
vn -0.427218069 0.114472736 0.896872742
vn -0.433790237 0.086286243 0.896872742
vn -0.438504849 0.057730259 0.896872742
vn -0.441341716 0.028927064 0.896872742
vn -0.442288690 0.000000000 0.896872742
vn -0.441341716 -0.028927064 0.896872742
vn -0.438504849 -0.057730259 0.896872742
vn -0.433790237 -0.086286243 0.896872742
vn -0.427218069 -0.114472736 0.896872742
vn -0.418816487 -0.142169040 0.896872742
vn -0.408621468 -0.169256554 0.896872742
vn -0.396676670 -0.195619285 0.896872742
vn -0.383033242 -0.221144345 0.896872742
vn -0.367749606 -0.245722431 0.896872742
vn -0.350891210 -0.269248295 0.896872742
vn -0.332530244 -0.291621197 0.896872742
vn -0.312745332 -0.312745332 0.896872742
vn -0.291621197 -0.332530244 0.896872742
vn -0.269248295 -0.350891210 0.896872742
vn -0.245722431 -0.367749606 0.896872742
vn -0.221144345 -0.383033242 0.896872742
vn -0.195619285 -0.396676670 0.896872742
vn -0.169256554 -0.408621468 0.896872742
vn -0.142169040 -0.418816487 0.896872742
vn -0.114472736 -0.427218069 0.896872742
vn -0.086286243 -0.433790237 0.896872742
vn -0.057730259 -0.438504849 0.896872742
vn -0.028927064 -0.441341716 0.896872742
vn -0.000000000 -0.442288690 0.896872742
vn 0.028927064 -0.441341716 0.896872742
vn 0.057730259 -0.438504849 0.896872742
vn 0.086286243 -0.433790237 0.896872742
vn 0.114472736 -0.427218069 0.896872742
vn 0.142169040 -0.418816487 0.896872742
vn 0.169256554 -0.408621468 0.896872742
vn 0.195619285 -0.396676670 0.896872742
vn 0.221144345 -0.383033242 0.896872742
vn 0.245722431 -0.367749606 0.896872742
vn 0.269248295 -0.350891210 0.896872742
vn 0.291621197 -0.332530244 0.896872742
vn 0.312745332 -0.312745332 0.896872742
vn 0.332530244 -0.291621197 0.896872742
vn 0.350891210 -0.269248295 0.896872742
vn 0.367749606 -0.245722431 0.896872742
vn 0.383033242 -0.221144345 0.896872742
vn 0.396676670 -0.195619285 0.896872742
vn 0.408621468 -0.169256554 0.896872742
vn 0.418816487 -0.142169040 0.896872742
vn 0.427218069 -0.114472736 0.896872742
vn 0.433790237 -0.086286243 0.896872742
vn 0.438504849 -0.057730259 0.896872742
vn 0.441341716 -0.028927064 0.896872742
vn 0.442288690 -0.000000000 0.896872742
vn 0.500000000 0.000000000 0.866025404
vn 0.498929462 0.032701565 0.866025404
vn 0.495722431 0.065263096 0.866025404
vn 0.490392640 0.097545161 0.866025404
vn 0.482962913 0.129409523 0.866025404
vn 0.473465065 0.160719733 0.866025404
vn 0.461939766 0.191341716 0.866025404
vn 0.448436371 0.221144345 0.866025404
vn 0.433012702 0.250000000 0.866025404
vn 0.415734806 0.277785117 0.866025404
vn 0.396676670 0.304380715 0.866025404
vn 0.375919904 0.329672908 0.866025404
vn 0.353553391 0.353553391 0.866025404
vn 0.329672908 0.375919904 0.866025404
vn 0.304380715 0.396676670 0.866025404
vn 0.277785117 0.415734806 0.866025404
vn 0.250000000 0.433012702 0.866025404
vn 0.221144345 0.448436371 0.866025404
vn 0.191341716 0.461939766 0.866025404
vn 0.160719733 0.473465065 0.866025404
vn 0.129409523 0.482962913 0.866025404
vn 0.097545161 0.490392640 0.866025404
vn 0.065263096 0.495722431 0.866025404
vn 0.032701565 0.498929462 0.866025404
vn 0.000000000 0.500000000 0.866025404
vn -0.032701565 0.498929462 0.866025404
vn -0.065263096 0.495722431 0.866025404
vn -0.097545161 0.490392640 0.866025404
vn -0.129409523 0.482962913 0.866025404
vn -0.160719733 0.473465065 0.866025404
vn -0.191341716 0.461939766 0.866025404
vn -0.221144345 0.448436371 0.866025404
vn -0.250000000 0.433012702 0.866025404
vn -0.277785117 0.415734806 0.866025404
vn -0.304380715 0.396676670 0.866025404
vn -0.329672908 0.375919904 0.866025404
vn -0.353553391 0.353553391 0.866025404
vn -0.375919904 0.329672908 0.866025404
vn -0.396676670 0.304380715 0.866025404
vn -0.415734806 0.277785117 0.866025404
vn -0.433012702 0.250000000 0.866025404
vn -0.448436371 0.221144345 0.866025404
vn -0.461939766 0.191341716 0.866025404
vn -0.473465065 0.160719733 0.866025404
vn -0.482962913 0.129409523 0.866025404
vn -0.490392640 0.097545161 0.866025404
vn -0.495722431 0.065263096 0.866025404
vn -0.498929462 0.032701565 0.866025404
vn -0.500000000 0.000000000 0.866025404
vn -0.498929462 -0.032701565 0.866025404
vn -0.495722431 -0.065263096 0.866025404
vn -0.490392640 -0.097545161 0.866025404
vn -0.482962913 -0.129409523 0.866025404
vn -0.473465065 -0.160719733 0.866025404
vn -0.461939766 -0.191341716 0.866025404
vn -0.448436371 -0.221144345 0.866025404
vn -0.433012702 -0.250000000 0.866025404
vn -0.415734806 -0.277785117 0.866025404
vn -0.396676670 -0.304380715 0.866025404
vn -0.375919904 -0.329672908 0.866025404
vn -0.353553391 -0.353553391 0.866025404
vn -0.329672908 -0.375919904 0.866025404
vn -0.304380715 -0.396676670 0.866025404
vn -0.277785117 -0.415734806 0.866025404
vn -0.250000000 -0.433012702 0.866025404
vn -0.221144345 -0.448436371 0.866025404
vn -0.191341716 -0.461939766 0.866025404
vn -0.160719733 -0.473465065 0.866025404
vn -0.129409523 -0.482962913 0.866025404
vn -0.097545161 -0.490392640 0.866025404
vn -0.065263096 -0.495722431 0.866025404
vn -0.032701565 -0.498929462 0.866025404
vn -0.000000000 -0.500000000 0.866025404
vn 0.032701565 -0.498929462 0.866025404
vn 0.065263096 -0.495722431 0.866025404
vn 0.097545161 -0.490392640 0.866025404
vn 0.129409523 -0.482962913 0.866025404
vn 0.160719733 -0.473465065 0.866025404
vn 0.191341716 -0.461939766 0.866025404
vn 0.221144345 -0.448436371 0.866025404
vn 0.250000000 -0.433012702 0.866025404
vn 0.277785117 -0.415734806 0.866025404
vn 0.304380715 -0.396676670 0.866025404
vn 0.329672908 -0.375919904 0.866025404
vn 0.353553391 -0.353553391 0.866025404
vn 0.375919904 -0.329672908 0.866025404
vn 0.396676670 -0.304380715 0.866025404
vn 0.415734806 -0.277785117 0.866025404
vn 0.433012702 -0.250000000 0.866025404
vn 0.448436371 -0.221144345 0.866025404
vn 0.461939766 -0.191341716 0.866025404
vn 0.473465065 -0.160719733 0.866025404
vn 0.482962913 -0.129409523 0.866025404
vn 0.490392640 -0.097545161 0.866025404
vn 0.495722431 -0.065263096 0.866025404
vn 0.498929462 -0.032701565 0.866025404
vn 0.500000000 -0.000000000 0.866025404
vn 0.555570233 0.000000000 0.831469612
vn 0.554380715 0.036336032 0.831469612
vn 0.550817253 0.072516467 0.831469612
vn 0.544895107 0.108386376 0.831469612
vn 0.536639636 0.143792157 0.831469612
vn 0.526086193 0.178582199 0.831469612
vn 0.513279967 0.212607524 0.831469612
vn 0.498275798 0.245722431 0.831469612
vn 0.481137935 0.277785117 0.831469612
vn 0.461939766 0.308658284 0.831469612
vn 0.440763500 0.338209729 0.831469612
vn 0.417699817 0.366312908 0.831469612
vn 0.392847479 0.392847479 0.831469612
vn 0.366312908 0.417699817 0.831469612
vn 0.338209729 0.440763500 0.831469612
vn 0.308658284 0.461939766 0.831469612
vn 0.277785117 0.481137935 0.831469612
vn 0.245722431 0.498275798 0.831469612
vn 0.212607524 0.513279967 0.831469612
vn 0.178582199 0.526086193 0.831469612
vn 0.143792157 0.536639636 0.831469612
vn 0.108386376 0.544895107 0.831469612
vn 0.072516467 0.550817253 0.831469612
vn 0.036336032 0.554380715 0.831469612
vn 0.000000000 0.555570233 0.831469612
vn -0.036336032 0.554380715 0.831469612
vn -0.072516467 0.550817253 0.831469612
vn -0.108386376 0.544895107 0.831469612
vn -0.143792157 0.536639636 0.831469612
vn -0.178582199 0.526086193 0.831469612
vn -0.212607524 0.513279967 0.831469612
vn -0.245722431 0.498275798 0.831469612
vn -0.277785117 0.481137935 0.831469612
vn -0.308658284 0.461939766 0.831469612
vn -0.338209729 0.440763500 0.831469612
vn -0.366312908 0.417699817 0.831469612
vn -0.392847479 0.392847479 0.831469612
vn -0.417699817 0.366312908 0.831469612
vn -0.440763500 0.338209729 0.831469612
vn -0.461939766 0.308658284 0.831469612
vn -0.481137935 0.277785117 0.831469612
vn -0.498275798 0.245722431 0.831469612
vn -0.513279967 0.212607524 0.831469612
vn -0.526086193 0.178582199 0.831469612
vn -0.536639636 0.143792157 0.831469612
vn -0.544895107 0.108386376 0.831469612
vn -0.550817253 0.072516467 0.831469612
vn -0.554380715 0.036336032 0.831469612
vn -0.555570233 0.000000000 0.831469612
vn -0.554380715 -0.036336032 0.831469612
vn -0.550817253 -0.072516467 0.831469612
vn -0.544895107 -0.108386376 0.831469612
vn -0.536639636 -0.143792157 0.831469612
vn -0.526086193 -0.178582199 0.831469612
vn -0.513279967 -0.212607524 0.831469612
vn -0.498275798 -0.245722431 0.831469612
vn -0.481137935 -0.277785117 0.831469612
vn -0.461939766 -0.308658284 0.831469612
vn -0.440763500 -0.338209729 0.831469612
vn -0.417699817 -0.366312908 0.831469612
vn -0.392847479 -0.392847479 0.831469612
vn -0.366312908 -0.417699817 0.831469612
vn -0.338209729 -0.440763500 0.831469612
vn -0.308658284 -0.461939766 0.831469612
vn -0.277785117 -0.481137935 0.831469612
vn -0.245722431 -0.498275798 0.831469612
vn -0.212607524 -0.513279967 0.831469612
vn -0.178582199 -0.526086193 0.831469612
vn -0.143792157 -0.536639636 0.831469612
vn -0.108386376 -0.544895107 0.831469612
vn -0.072516467 -0.550817253 0.831469612
vn -0.036336032 -0.554380715 0.831469612
vn -0.000000000 -0.555570233 0.831469612
vn 0.036336032 -0.554380715 0.831469612
vn 0.072516467 -0.550817253 0.831469612
vn 0.108386376 -0.544895107 0.831469612
vn 0.143792157 -0.536639636 0.831469612
vn 0.178582199 -0.526086193 0.831469612
vn 0.212607524 -0.513279967 0.831469612
vn 0.245722431 -0.498275798 0.831469612
vn 0.277785117 -0.481137935 0.831469612
vn 0.308658284 -0.461939766 0.831469612
vn 0.338209729 -0.440763500 0.831469612
vn 0.366312908 -0.417699817 0.831469612
vn 0.392847479 -0.392847479 0.831469612
vn 0.417699817 -0.366312908 0.831469612
vn 0.440763500 -0.338209729 0.831469612
vn 0.461939766 -0.308658284 0.831469612
vn 0.481137935 -0.277785117 0.831469612
vn 0.498275798 -0.245722431 0.831469612
vn 0.513279967 -0.212607524 0.831469612
vn 0.526086193 -0.178582199 0.831469612
vn 0.536639636 -0.143792157 0.831469612
vn 0.544895107 -0.108386376 0.831469612
vn 0.550817253 -0.072516467 0.831469612
vn 0.554380715 -0.036336032 0.831469612
vn 0.555570233 -0.000000000 0.831469612
vn 0.608761429 0.000000000 0.793353340
vn 0.607458024 0.039814902 0.793353340
vn 0.603553391 0.079459311 0.793353340
vn 0.597064249 0.118763463 0.793353340
vn 0.588018386 0.157559052 0.793353340
vn 0.576454539 0.195679948 0.793353340
vn 0.562422224 0.232962913 0.793353340
vn 0.545981532 0.269248295 0.793353340
vn 0.527202862 0.304380715 0.793353340
vn 0.506166629 0.338209729 0.793353340
vn 0.482962913 0.370590477 0.793353340
vn 0.457691076 0.401384301 0.793353340
vn 0.430459335 0.430459335 0.793353340
vn 0.401384301 0.457691076 0.793353340
vn 0.370590477 0.482962913 0.793353340
vn 0.338209729 0.506166629 0.793353340
vn 0.304380715 0.527202862 0.793353340
vn 0.269248295 0.545981532 0.793353340
vn 0.232962913 0.562422224 0.793353340
vn 0.195679948 0.576454539 0.793353340
vn 0.157559052 0.588018386 0.793353340
vn 0.118763463 0.597064249 0.793353340
vn 0.079459311 0.603553391 0.793353340
vn 0.039814902 0.607458024 0.793353340
vn 0.000000000 0.608761429 0.793353340
vn -0.039814902 0.607458024 0.793353340
vn -0.079459311 0.603553391 0.793353340
vn -0.118763463 0.597064249 0.793353340
vn -0.157559052 0.588018386 0.793353340
vn -0.195679948 0.576454539 0.793353340
vn -0.232962913 0.562422224 0.793353340
vn -0.269248295 0.545981532 0.793353340
vn -0.304380715 0.527202862 0.793353340
vn -0.338209729 0.506166629 0.793353340
vn -0.370590477 0.482962913 0.793353340
vn -0.401384301 0.457691076 0.793353340
vn -0.430459335 0.430459335 0.793353340
vn -0.457691076 0.401384301 0.793353340
vn -0.482962913 0.370590477 0.793353340
vn -0.506166629 0.338209729 0.793353340
vn -0.527202862 0.304380715 0.793353340
vn -0.545981532 0.269248295 0.793353340
vn -0.562422224 0.232962913 0.793353340
vn -0.576454539 0.195679948 0.793353340
vn -0.588018386 0.157559052 0.793353340
vn -0.597064249 0.118763463 0.793353340
vn -0.603553391 0.079459311 0.793353340
vn -0.607458024 0.039814902 0.793353340
vn -0.608761429 0.000000000 0.793353340
vn -0.607458024 -0.039814902 0.793353340
vn -0.603553391 -0.079459311 0.793353340
vn -0.597064249 -0.118763463 0.793353340
vn -0.588018386 -0.157559052 0.793353340
vn -0.576454539 -0.195679948 0.793353340
vn -0.562422224 -0.232962913 0.793353340
vn -0.545981532 -0.269248295 0.793353340
vn -0.527202862 -0.304380715 0.793353340
vn -0.506166629 -0.338209729 0.793353340
vn -0.482962913 -0.370590477 0.793353340
vn -0.457691076 -0.401384301 0.793353340
vn -0.430459335 -0.430459335 0.793353340
vn -0.401384301 -0.457691076 0.793353340
vn -0.370590477 -0.482962913 0.793353340
vn -0.338209729 -0.506166629 0.793353340
vn -0.304380715 -0.527202862 0.793353340
vn -0.269248295 -0.545981532 0.793353340
vn -0.232962913 -0.562422224 0.793353340
vn -0.195679948 -0.576454539 0.793353340
vn -0.157559052 -0.588018386 0.793353340
vn -0.118763463 -0.597064249 0.793353340
vn -0.079459311 -0.603553391 0.793353340
vn -0.039814902 -0.607458024 0.793353340
vn -0.000000000 -0.608761429 0.793353340
vn 0.039814902 -0.607458024 0.793353340
vn 0.079459311 -0.603553391 0.793353340
vn 0.118763463 -0.597064249 0.793353340
vn 0.157559052 -0.588018386 0.793353340
vn 0.195679948 -0.576454539 0.793353340
vn 0.232962913 -0.562422224 0.793353340
vn 0.269248295 -0.545981532 0.793353340
vn 0.304380715 -0.527202862 0.793353340
vn 0.338209729 -0.506166629 0.793353340
vn 0.370590477 -0.482962913 0.793353340
vn 0.401384301 -0.457691076 0.793353340
vn 0.430459335 -0.430459335 0.793353340
vn 0.457691076 -0.401384301 0.793353340
vn 0.482962913 -0.370590477 0.793353340
vn 0.506166629 -0.338209729 0.793353340
vn 0.527202862 -0.304380715 0.793353340
vn 0.545981532 -0.269248295 0.793353340
vn 0.562422224 -0.232962913 0.793353340
vn 0.576454539 -0.195679948 0.793353340
vn 0.588018386 -0.157559052 0.793353340
vn 0.597064249 -0.118763463 0.793353340
vn 0.603553391 -0.079459311 0.793353340
vn 0.607458024 -0.039814902 0.793353340
vn 0.608761429 -0.000000000 0.793353340
vn 0.659345815 0.000000000 0.751839807
vn 0.657934105 0.043123280 0.751839807
vn 0.653705020 0.086061899 0.751839807
vn 0.646676670 0.128631987 0.751839807
vn 0.636879151 0.170651254 0.751839807
vn 0.624354418 0.211939766 0.751839807
vn 0.609156103 0.252320720 0.751839807
vn 0.591349289 0.291621197 0.751839807
vn 0.571010226 0.329672908 0.751839807
vn 0.548226009 0.366312908 0.751839807
vn 0.523094205 0.401384301 0.751839807
vn 0.495722431 0.434736904 0.751839807
vn 0.466227897 0.466227897 0.751839807
vn 0.434736904 0.495722431 0.751839807
vn 0.401384301 0.523094205 0.751839807
vn 0.366312908 0.548226009 0.751839807
vn 0.329672908 0.571010226 0.751839807
vn 0.291621197 0.591349289 0.751839807
vn 0.252320720 0.609156103 0.751839807
vn 0.211939766 0.624354418 0.751839807
vn 0.170651254 0.636879151 0.751839807
vn 0.128631987 0.646676670 0.751839807
vn 0.086061899 0.653705020 0.751839807
vn 0.043123280 0.657934105 0.751839807
vn 0.000000000 0.659345815 0.751839807
vn -0.043123280 0.657934105 0.751839807
vn -0.086061899 0.653705020 0.751839807
vn -0.128631987 0.646676670 0.751839807
vn -0.170651254 0.636879151 0.751839807
vn -0.211939766 0.624354418 0.751839807
vn -0.252320720 0.609156103 0.751839807
vn -0.291621197 0.591349289 0.751839807
vn -0.329672908 0.571010226 0.751839807
vn -0.366312908 0.548226009 0.751839807
vn -0.401384301 0.523094205 0.751839807
vn -0.434736904 0.495722431 0.751839807
vn -0.466227897 0.466227897 0.751839807
vn -0.495722431 0.434736904 0.751839807
vn -0.523094205 0.401384301 0.751839807
vn -0.548226009 0.366312908 0.751839807
vn -0.571010226 0.329672908 0.751839807
vn -0.591349289 0.291621197 0.751839807
vn -0.609156103 0.252320720 0.751839807
vn -0.624354418 0.211939766 0.751839807
vn -0.636879151 0.170651254 0.751839807
vn -0.646676670 0.128631987 0.751839807
vn -0.653705020 0.086061899 0.751839807
vn -0.657934105 0.043123280 0.751839807
vn -0.659345815 0.000000000 0.751839807
vn -0.657934105 -0.043123280 0.751839807
vn -0.653705020 -0.086061899 0.751839807
vn -0.646676670 -0.128631987 0.751839807
vn -0.636879151 -0.170651254 0.751839807
vn -0.624354418 -0.211939766 0.751839807
vn -0.609156103 -0.252320720 0.751839807
vn -0.591349289 -0.291621197 0.751839807
vn -0.571010226 -0.329672908 0.751839807
vn -0.548226009 -0.366312908 0.751839807
vn -0.523094205 -0.401384301 0.751839807
vn -0.495722431 -0.434736904 0.751839807
vn -0.466227897 -0.466227897 0.751839807
vn -0.434736904 -0.495722431 0.751839807
vn -0.401384301 -0.523094205 0.751839807
vn -0.366312908 -0.548226009 0.751839807
vn -0.329672908 -0.571010226 0.751839807
vn -0.291621197 -0.591349289 0.751839807
vn -0.252320720 -0.609156103 0.751839807
vn -0.211939766 -0.624354418 0.751839807
vn -0.170651254 -0.636879151 0.751839807
vn -0.128631987 -0.646676670 0.751839807
vn -0.086061899 -0.653705020 0.751839807
vn -0.043123280 -0.657934105 0.751839807
vn -0.000000000 -0.659345815 0.751839807
vn 0.043123280 -0.657934105 0.751839807
vn 0.086061899 -0.653705020 0.751839807
vn 0.128631987 -0.646676670 0.751839807
vn 0.170651254 -0.636879151 0.751839807
vn 0.211939766 -0.624354418 0.751839807
vn 0.252320720 -0.609156103 0.751839807
vn 0.291621197 -0.591349289 0.751839807
vn 0.329672908 -0.571010226 0.751839807
vn 0.366312908 -0.548226009 0.751839807
vn 0.401384301 -0.523094205 0.751839807
vn 0.434736904 -0.495722431 0.751839807
vn 0.466227897 -0.466227897 0.751839807
vn 0.495722431 -0.434736904 0.751839807
vn 0.523094205 -0.401384301 0.751839807
vn 0.548226009 -0.366312908 0.751839807
vn 0.571010226 -0.329672908 0.751839807
vn 0.591349289 -0.291621197 0.751839807
vn 0.609156103 -0.252320720 0.751839807
vn 0.624354418 -0.211939766 0.751839807
vn 0.636879151 -0.170651254 0.751839807
vn 0.646676670 -0.128631987 0.751839807
vn 0.653705020 -0.086061899 0.751839807
vn 0.657934105 -0.043123280 0.751839807
vn 0.659345815 -0.000000000 0.751839807
vn 0.707106781 0.000000000 0.707106781
vn 0.705592811 0.046246996 0.707106781
vn 0.701057385 0.092295956 0.707106781
vn 0.693519923 0.137949690 0.707106781
vn 0.683012702 0.183012702 0.707106781
vn 0.669580716 0.227292026 0.707106781
vn 0.653281482 0.270598050 0.707106781
vn 0.634184797 0.312745332 0.707106781
vn 0.612372436 0.353553391 0.707106781
vn 0.587937801 0.392847479 0.707106781
vn 0.560985527 0.430459335 0.707106781
vn 0.531631026 0.466227897 0.707106781
vn 0.500000000 0.500000000 0.707106781
vn 0.466227897 0.531631026 0.707106781
vn 0.430459335 0.560985527 0.707106781
vn 0.392847479 0.587937801 0.707106781
vn 0.353553391 0.612372436 0.707106781
vn 0.312745332 0.634184797 0.707106781
vn 0.270598050 0.653281482 0.707106781
vn 0.227292026 0.669580716 0.707106781
vn 0.183012702 0.683012702 0.707106781
vn 0.137949690 0.693519923 0.707106781
vn 0.092295956 0.701057385 0.707106781
vn 0.046246996 0.705592811 0.707106781
vn 0.000000000 0.707106781 0.707106781
vn -0.046246996 0.705592811 0.707106781
vn -0.092295956 0.701057385 0.707106781
vn -0.137949690 0.693519923 0.707106781
vn -0.183012702 0.683012702 0.707106781
vn -0.227292026 0.669580716 0.707106781
vn -0.270598050 0.653281482 0.707106781
vn -0.312745332 0.634184797 0.707106781
vn -0.353553391 0.612372436 0.707106781
vn -0.392847479 0.587937801 0.707106781
vn -0.430459335 0.560985527 0.707106781
vn -0.466227897 0.531631026 0.707106781
vn -0.500000000 0.500000000 0.707106781
vn -0.531631026 0.466227897 0.707106781
vn -0.560985527 0.430459335 0.707106781
vn -0.587937801 0.392847479 0.707106781
vn -0.612372436 0.353553391 0.707106781
vn -0.634184797 0.312745332 0.707106781
vn -0.653281482 0.270598050 0.707106781
vn -0.669580716 0.227292026 0.707106781
vn -0.683012702 0.183012702 0.707106781
vn -0.693519923 0.137949690 0.707106781
vn -0.701057385 0.092295956 0.707106781
vn -0.705592811 0.046246996 0.707106781
vn -0.707106781 0.000000000 0.707106781
vn -0.705592811 -0.046246996 0.707106781
vn -0.701057385 -0.092295956 0.707106781
vn -0.693519923 -0.137949690 0.707106781
vn -0.683012702 -0.183012702 0.707106781
vn -0.669580716 -0.227292026 0.707106781
vn -0.653281482 -0.270598050 0.707106781
vn -0.634184797 -0.312745332 0.707106781
vn -0.612372436 -0.353553391 0.707106781
vn -0.587937801 -0.392847479 0.707106781
vn -0.560985527 -0.430459335 0.707106781
vn -0.531631026 -0.466227897 0.707106781
vn -0.500000000 -0.500000000 0.707106781
vn -0.466227897 -0.531631026 0.707106781
vn -0.430459335 -0.560985527 0.707106781
vn -0.392847479 -0.587937801 0.707106781
vn -0.353553391 -0.612372436 0.707106781
vn -0.312745332 -0.634184797 0.707106781
vn -0.270598050 -0.653281482 0.707106781
vn -0.227292026 -0.669580716 0.707106781
vn -0.183012702 -0.683012702 0.707106781
vn -0.137949690 -0.693519923 0.707106781
vn -0.092295956 -0.701057385 0.707106781
vn -0.046246996 -0.705592811 0.707106781
vn -0.000000000 -0.707106781 0.707106781
vn 0.046246996 -0.705592811 0.707106781
vn 0.092295956 -0.701057385 0.707106781
vn 0.137949690 -0.693519923 0.707106781
vn 0.183012702 -0.683012702 0.707106781
vn 0.227292026 -0.669580716 0.707106781
vn 0.270598050 -0.653281482 0.707106781
vn 0.312745332 -0.634184797 0.707106781
vn 0.353553391 -0.612372436 0.707106781
vn 0.392847479 -0.587937801 0.707106781
vn 0.430459335 -0.560985527 0.707106781
vn 0.466227897 -0.531631026 0.707106781
vn 0.500000000 -0.500000000 0.707106781
vn 0.531631026 -0.466227897 0.707106781
vn 0.560985527 -0.430459335 0.707106781
vn 0.587937801 -0.392847479 0.707106781
vn 0.612372436 -0.353553391 0.707106781
vn 0.634184797 -0.312745332 0.707106781
vn 0.653281482 -0.270598050 0.707106781
vn 0.669580716 -0.227292026 0.707106781
vn 0.683012702 -0.183012702 0.707106781
vn 0.693519923 -0.137949690 0.707106781
vn 0.701057385 -0.092295956 0.707106781
vn 0.705592811 -0.046246996 0.707106781
vn 0.707106781 -0.000000000 0.707106781
vn 0.751839807 0.000000000 0.659345815
vn 0.750230061 0.049172676 0.659345815
vn 0.745407714 0.098134787 0.659345815
vn 0.737393416 0.146676670 0.659345815
vn 0.726221487 0.194590461 0.659345815
vn 0.711939766 0.241670986 0.659345815
vn 0.694609410 0.287716638 0.659345815
vn 0.674304629 0.332530244 0.659345815
vn 0.651112373 0.375919904 0.659345815
vn 0.625131953 0.417699817 0.659345815
vn 0.596474623 0.457691076 0.659345815
vn 0.565263096 0.495722431 0.659345815
vn 0.531631026 0.531631026 0.659345815
vn 0.495722431 0.565263096 0.659345815
vn 0.457691076 0.596474623 0.659345815
vn 0.417699817 0.625131953 0.659345815
vn 0.375919904 0.651112373 0.659345815
vn 0.332530244 0.674304629 0.659345815
vn 0.287716638 0.694609410 0.659345815
vn 0.241670986 0.711939766 0.659345815
vn 0.194590461 0.726221487 0.659345815
vn 0.146676670 0.737393416 0.659345815
vn 0.098134787 0.745407714 0.659345815
vn 0.049172676 0.750230061 0.659345815
vn 0.000000000 0.751839807 0.659345815
vn -0.049172676 0.750230061 0.659345815
vn -0.098134787 0.745407714 0.659345815
vn -0.146676670 0.737393416 0.659345815
vn -0.194590461 0.726221487 0.659345815
vn -0.241670986 0.711939766 0.659345815
vn -0.287716638 0.694609410 0.659345815
vn -0.332530244 0.674304629 0.659345815
vn -0.375919904 0.651112373 0.659345815
vn -0.417699817 0.625131953 0.659345815
vn -0.457691076 0.596474623 0.659345815
vn -0.495722431 0.565263096 0.659345815
vn -0.531631026 0.531631026 0.659345815
vn -0.565263096 0.495722431 0.659345815
vn -0.596474623 0.457691076 0.659345815
vn -0.625131953 0.417699817 0.659345815
vn -0.651112373 0.375919904 0.659345815
vn -0.674304629 0.332530244 0.659345815
vn -0.694609410 0.287716638 0.659345815
vn -0.711939766 0.241670986 0.659345815
vn -0.726221487 0.194590461 0.659345815
vn -0.737393416 0.146676670 0.659345815
vn -0.745407714 0.098134787 0.659345815
vn -0.750230061 0.049172676 0.659345815
vn -0.751839807 0.000000000 0.659345815
vn -0.750230061 -0.049172676 0.659345815
vn -0.745407714 -0.098134787 0.659345815
vn -0.737393416 -0.146676670 0.659345815
vn -0.726221487 -0.194590461 0.659345815
vn -0.711939766 -0.241670986 0.659345815
vn -0.694609410 -0.287716638 0.659345815
vn -0.674304629 -0.332530244 0.659345815
vn -0.651112373 -0.375919904 0.659345815
vn -0.625131953 -0.417699817 0.659345815
vn -0.596474623 -0.457691076 0.659345815
vn -0.565263096 -0.495722431 0.659345815
vn -0.531631026 -0.531631026 0.659345815
vn -0.495722431 -0.565263096 0.659345815
vn -0.457691076 -0.596474623 0.659345815
vn -0.417699817 -0.625131953 0.659345815
vn -0.375919904 -0.651112373 0.659345815
vn -0.332530244 -0.674304629 0.659345815
vn -0.287716638 -0.694609410 0.659345815
vn -0.241670986 -0.711939766 0.659345815
vn -0.194590461 -0.726221487 0.659345815
vn -0.146676670 -0.737393416 0.659345815
vn -0.098134787 -0.745407714 0.659345815
vn -0.049172676 -0.750230061 0.659345815
vn -0.000000000 -0.751839807 0.659345815
vn 0.049172676 -0.750230061 0.659345815
vn 0.098134787 -0.745407714 0.659345815
vn 0.146676670 -0.737393416 0.659345815
vn 0.194590461 -0.726221487 0.659345815
vn 0.241670986 -0.711939766 0.659345815
vn 0.287716638 -0.694609410 0.659345815
vn 0.332530244 -0.674304629 0.659345815
vn 0.375919904 -0.651112373 0.659345815
vn 0.417699817 -0.625131953 0.659345815
vn 0.457691076 -0.596474623 0.659345815
vn 0.495722431 -0.565263096 0.659345815
vn 0.531631026 -0.531631026 0.659345815
vn 0.565263096 -0.495722431 0.659345815
vn 0.596474623 -0.457691076 0.659345815
vn 0.625131953 -0.417699817 0.659345815
vn 0.651112373 -0.375919904 0.659345815
vn 0.674304629 -0.332530244 0.659345815
vn 0.694609410 -0.287716638 0.659345815
vn 0.711939766 -0.241670986 0.659345815
vn 0.726221487 -0.194590461 0.659345815
vn 0.737393416 -0.146676670 0.659345815
vn 0.745407714 -0.098134787 0.659345815
vn 0.750230061 -0.049172676 0.659345815
vn 0.751839807 -0.000000000 0.659345815
vn 0.793353340 0.000000000 0.608761429
vn 0.791654710 0.051887791 0.608761429
vn 0.786566092 0.103553391 0.608761429
vn 0.778109278 0.154775559 0.608761429
vn 0.766320481 0.205334954 0.608761429
vn 0.751250181 0.255015073 0.608761429
vn 0.732962913 0.303603179 0.608761429
vn 0.711536985 0.350891210 0.608761429
vn 0.687064147 0.396676670 0.608761429
vn 0.659649194 0.440763500 0.608761429
vn 0.629409523 0.482962913 0.608761429
vn 0.596474623 0.523094205 0.608761429
vn 0.560985527 0.560985527 0.608761429
vn 0.523094205 0.596474623 0.608761429
vn 0.482962913 0.629409523 0.608761429
vn 0.440763500 0.659649194 0.608761429
vn 0.396676670 0.687064147 0.608761429
vn 0.350891210 0.711536985 0.608761429
vn 0.303603179 0.732962913 0.608761429
vn 0.255015073 0.751250181 0.608761429
vn 0.205334954 0.766320481 0.608761429
vn 0.154775559 0.778109278 0.608761429
vn 0.103553391 0.786566092 0.608761429
vn 0.051887791 0.791654710 0.608761429
vn 0.000000000 0.793353340 0.608761429
vn -0.051887791 0.791654710 0.608761429
vn -0.103553391 0.786566092 0.608761429
vn -0.154775559 0.778109278 0.608761429
vn -0.205334954 0.766320481 0.608761429
vn -0.255015073 0.751250181 0.608761429
vn -0.303603179 0.732962913 0.608761429
vn -0.350891210 0.711536985 0.608761429
vn -0.396676670 0.687064147 0.608761429
vn -0.440763500 0.659649194 0.608761429
vn -0.482962913 0.629409523 0.608761429
vn -0.523094205 0.596474623 0.608761429
vn -0.560985527 0.560985527 0.608761429
vn -0.596474623 0.523094205 0.608761429
vn -0.629409523 0.482962913 0.608761429
vn -0.659649194 0.440763500 0.608761429
vn -0.687064147 0.396676670 0.608761429
vn -0.711536985 0.350891210 0.608761429
vn -0.732962913 0.303603179 0.608761429
vn -0.751250181 0.255015073 0.608761429
vn -0.766320481 0.205334954 0.608761429
vn -0.778109278 0.154775559 0.608761429
vn -0.786566092 0.103553391 0.608761429
vn -0.791654710 0.051887791 0.608761429
vn -0.793353340 0.000000000 0.608761429
vn -0.791654710 -0.051887791 0.608761429
vn -0.786566092 -0.103553391 0.608761429
vn -0.778109278 -0.154775559 0.608761429
vn -0.766320481 -0.205334954 0.608761429
vn -0.751250181 -0.255015073 0.608761429
vn -0.732962913 -0.303603179 0.608761429
vn -0.711536985 -0.350891210 0.608761429
vn -0.687064147 -0.396676670 0.608761429
vn -0.659649194 -0.440763500 0.608761429
vn -0.629409523 -0.482962913 0.608761429
vn -0.596474623 -0.523094205 0.608761429
vn -0.560985527 -0.560985527 0.608761429
vn -0.523094205 -0.596474623 0.608761429
vn -0.482962913 -0.629409523 0.608761429
vn -0.440763500 -0.659649194 0.608761429
vn -0.396676670 -0.687064147 0.608761429
vn -0.350891210 -0.711536985 0.608761429
vn -0.303603179 -0.732962913 0.608761429
vn -0.255015073 -0.751250181 0.608761429
vn -0.205334954 -0.766320481 0.608761429
vn -0.154775559 -0.778109278 0.608761429
vn -0.103553391 -0.786566092 0.608761429
vn -0.051887791 -0.791654710 0.608761429
vn -0.000000000 -0.793353340 0.608761429
vn 0.051887791 -0.791654710 0.608761429
vn 0.103553391 -0.786566092 0.608761429
vn 0.154775559 -0.778109278 0.608761429
vn 0.205334954 -0.766320481 0.608761429
vn 0.255015073 -0.751250181 0.608761429
vn 0.303603179 -0.732962913 0.608761429
vn 0.350891210 -0.711536985 0.608761429
vn 0.396676670 -0.687064147 0.608761429
vn 0.440763500 -0.659649194 0.608761429
vn 0.482962913 -0.629409523 0.608761429
vn 0.523094205 -0.596474623 0.608761429
vn 0.560985527 -0.560985527 0.608761429
vn 0.596474623 -0.523094205 0.608761429
vn 0.629409523 -0.482962913 0.608761429
vn 0.659649194 -0.440763500 0.608761429
vn 0.687064147 -0.396676670 0.608761429
vn 0.711536985 -0.350891210 0.608761429
vn 0.732962913 -0.303603179 0.608761429
vn 0.751250181 -0.255015073 0.608761429
vn 0.766320481 -0.205334954 0.608761429
vn 0.778109278 -0.154775559 0.608761429
vn 0.786566092 -0.103553391 0.608761429
vn 0.791654710 -0.051887791 0.608761429
vn 0.793353340 -0.000000000 0.608761429
vn 0.831469612 0.000000000 0.555570233
vn 0.829689372 0.054380715 0.555570233
vn 0.824356275 0.108528562 0.555570233
vn 0.815493157 0.162211674 0.555570233
vn 0.803137972 0.215200171 0.555570233
vn 0.787343628 0.267267148 0.555570233
vn 0.768177757 0.318189645 0.555570233
vn 0.745722431 0.367749606 0.555570233
vn 0.720073807 0.415734806 0.555570233
vn 0.691341716 0.461939766 0.555570233
vn 0.659649194 0.506166629 0.555570233
vn 0.625131953 0.548226009 0.555570233
vn 0.587937801 0.587937801 0.555570233
vn 0.548226009 0.625131953 0.555570233
vn 0.506166629 0.659649194 0.555570233
vn 0.461939766 0.691341716 0.555570233
vn 0.415734806 0.720073807 0.555570233
vn 0.367749606 0.745722431 0.555570233
vn 0.318189645 0.768177757 0.555570233
vn 0.267267148 0.787343628 0.555570233
vn 0.215200171 0.803137972 0.555570233
vn 0.162211674 0.815493157 0.555570233
vn 0.108528562 0.824356275 0.555570233
vn 0.054380715 0.829689372 0.555570233
vn 0.000000000 0.831469612 0.555570233
vn -0.054380715 0.829689372 0.555570233
vn -0.108528562 0.824356275 0.555570233
vn -0.162211674 0.815493157 0.555570233
vn -0.215200171 0.803137972 0.555570233
vn -0.267267148 0.787343628 0.555570233
vn -0.318189645 0.768177757 0.555570233
vn -0.367749606 0.745722431 0.555570233
vn -0.415734806 0.720073807 0.555570233
vn -0.461939766 0.691341716 0.555570233
vn -0.506166629 0.659649194 0.555570233
vn -0.548226009 0.625131953 0.555570233
vn -0.587937801 0.587937801 0.555570233
vn -0.625131953 0.548226009 0.555570233
vn -0.659649194 0.506166629 0.555570233
vn -0.691341716 0.461939766 0.555570233
vn -0.720073807 0.415734806 0.555570233
vn -0.745722431 0.367749606 0.555570233
vn -0.768177757 0.318189645 0.555570233
vn -0.787343628 0.267267148 0.555570233
vn -0.803137972 0.215200171 0.555570233
vn -0.815493157 0.162211674 0.555570233
vn -0.824356275 0.108528562 0.555570233
vn -0.829689372 0.054380715 0.555570233
vn -0.831469612 0.000000000 0.555570233
vn -0.829689372 -0.054380715 0.555570233
vn -0.824356275 -0.108528562 0.555570233
vn -0.815493157 -0.162211674 0.555570233
vn -0.803137972 -0.215200171 0.555570233
vn -0.787343628 -0.267267148 0.555570233
vn -0.768177757 -0.318189645 0.555570233
vn -0.745722431 -0.367749606 0.555570233
vn -0.720073807 -0.415734806 0.555570233
vn -0.691341716 -0.461939766 0.555570233
vn -0.659649194 -0.506166629 0.555570233
vn -0.625131953 -0.548226009 0.555570233
vn -0.587937801 -0.587937801 0.555570233
vn -0.548226009 -0.625131953 0.555570233
vn -0.506166629 -0.659649194 0.555570233
vn -0.461939766 -0.691341716 0.555570233
vn -0.415734806 -0.720073807 0.555570233
vn -0.367749606 -0.745722431 0.555570233
vn -0.318189645 -0.768177757 0.555570233
vn -0.267267148 -0.787343628 0.555570233
vn -0.215200171 -0.803137972 0.555570233
vn -0.162211674 -0.815493157 0.555570233
vn -0.108528562 -0.824356275 0.555570233
vn -0.054380715 -0.829689372 0.555570233
vn -0.000000000 -0.831469612 0.555570233
vn 0.054380715 -0.829689372 0.555570233
vn 0.108528562 -0.824356275 0.555570233
vn 0.162211674 -0.815493157 0.555570233
vn 0.215200171 -0.803137972 0.555570233
vn 0.267267148 -0.787343628 0.555570233
vn 0.318189645 -0.768177757 0.555570233
vn 0.367749606 -0.745722431 0.555570233
vn 0.415734806 -0.720073807 0.555570233
vn 0.461939766 -0.691341716 0.555570233
vn 0.506166629 -0.659649194 0.555570233
vn 0.548226009 -0.625131953 0.555570233
vn 0.587937801 -0.587937801 0.555570233
vn 0.625131953 -0.548226009 0.555570233
vn 0.659649194 -0.506166629 0.555570233
vn 0.691341716 -0.461939766 0.555570233
vn 0.720073807 -0.415734806 0.555570233
vn 0.745722431 -0.367749606 0.555570233
vn 0.768177757 -0.318189645 0.555570233
vn 0.787343628 -0.267267148 0.555570233
vn 0.803137972 -0.215200171 0.555570233
vn 0.815493157 -0.162211674 0.555570233
vn 0.824356275 -0.108528562 0.555570233
vn 0.829689372 -0.054380715 0.555570233
vn 0.831469612 -0.000000000 0.555570233
vn 0.866025404 0.000000000 0.500000000
vn 0.864171177 0.056640771 0.500000000
vn 0.858616436 0.113038998 0.500000000
vn 0.849384968 0.168953175 0.500000000
vn 0.836516304 0.224143868 0.500000000
vn 0.820065548 0.278374743 0.500000000
vn 0.800103145 0.331413574 0.500000000
vn 0.776714578 0.383033242 0.500000000
vn 0.750000000 0.433012702 0.500000000
vn 0.720073807 0.481137935 0.500000000
vn 0.687064147 0.527202862 0.500000000
vn 0.651112373 0.571010226 0.500000000
vn 0.612372436 0.612372436 0.500000000
vn 0.571010226 0.651112373 0.500000000
vn 0.527202862 0.687064147 0.500000000
vn 0.481137935 0.720073807 0.500000000
vn 0.433012702 0.750000000 0.500000000
vn 0.383033242 0.776714578 0.500000000
vn 0.331413574 0.800103145 0.500000000
vn 0.278374743 0.820065548 0.500000000
vn 0.224143868 0.836516304 0.500000000
vn 0.168953175 0.849384968 0.500000000
vn 0.113038998 0.858616436 0.500000000
vn 0.056640771 0.864171177 0.500000000
vn 0.000000000 0.866025404 0.500000000
vn -0.056640771 0.864171177 0.500000000
vn -0.113038998 0.858616436 0.500000000
vn -0.168953175 0.849384968 0.500000000
vn -0.224143868 0.836516304 0.500000000
vn -0.278374743 0.820065548 0.500000000
vn -0.331413574 0.800103145 0.500000000
vn -0.383033242 0.776714578 0.500000000
vn -0.433012702 0.750000000 0.500000000
vn -0.481137935 0.720073807 0.500000000
vn -0.527202862 0.687064147 0.500000000
vn -0.571010226 0.651112373 0.500000000
vn -0.612372436 0.612372436 0.500000000
vn -0.651112373 0.571010226 0.500000000
vn -0.687064147 0.527202862 0.500000000
vn -0.720073807 0.481137935 0.500000000
vn -0.750000000 0.433012702 0.500000000
vn -0.776714578 0.383033242 0.500000000
vn -0.800103145 0.331413574 0.500000000
vn -0.820065548 0.278374743 0.500000000
vn -0.836516304 0.224143868 0.500000000
vn -0.849384968 0.168953175 0.500000000
vn -0.858616436 0.113038998 0.500000000
vn -0.864171177 0.056640771 0.500000000
vn -0.866025404 0.000000000 0.500000000
vn -0.864171177 -0.056640771 0.500000000
vn -0.858616436 -0.113038998 0.500000000
vn -0.849384968 -0.168953175 0.500000000
vn -0.836516304 -0.224143868 0.500000000
vn -0.820065548 -0.278374743 0.500000000
vn -0.800103145 -0.331413574 0.500000000
vn -0.776714578 -0.383033242 0.500000000
vn -0.750000000 -0.433012702 0.500000000
vn -0.720073807 -0.481137935 0.500000000
vn -0.687064147 -0.527202862 0.500000000
vn -0.651112373 -0.571010226 0.500000000
vn -0.612372436 -0.612372436 0.500000000
vn -0.571010226 -0.651112373 0.500000000
vn -0.527202862 -0.687064147 0.500000000
vn -0.481137935 -0.720073807 0.500000000
vn -0.433012702 -0.750000000 0.500000000
vn -0.383033242 -0.776714578 0.500000000
vn -0.331413574 -0.800103145 0.500000000
vn -0.278374743 -0.820065548 0.500000000
vn -0.224143868 -0.836516304 0.500000000
vn -0.168953175 -0.849384968 0.500000000
vn -0.113038998 -0.858616436 0.500000000
vn -0.056640771 -0.864171177 0.500000000
vn -0.000000000 -0.866025404 0.500000000
vn 0.056640771 -0.864171177 0.500000000
vn 0.113038998 -0.858616436 0.500000000
vn 0.168953175 -0.849384968 0.500000000
vn 0.224143868 -0.836516304 0.500000000
vn 0.278374743 -0.820065548 0.500000000
vn 0.331413574 -0.800103145 0.500000000
vn 0.383033242 -0.776714578 0.500000000
vn 0.433012702 -0.750000000 0.500000000
vn 0.481137935 -0.720073807 0.500000000
vn 0.527202862 -0.687064147 0.500000000
vn 0.571010226 -0.651112373 0.500000000
vn 0.612372436 -0.612372436 0.500000000
vn 0.651112373 -0.571010226 0.500000000
vn 0.687064147 -0.527202862 0.500000000
vn 0.720073807 -0.481137935 0.500000000
vn 0.750000000 -0.433012702 0.500000000
vn 0.776714578 -0.383033242 0.500000000
vn 0.800103145 -0.331413574 0.500000000
vn 0.820065548 -0.278374743 0.500000000
vn 0.836516304 -0.224143868 0.500000000
vn 0.849384968 -0.168953175 0.500000000
vn 0.858616436 -0.113038998 0.500000000
vn 0.864171177 -0.056640771 0.500000000
vn 0.866025404 -0.000000000 0.500000000
vn 0.896872742 0.000000000 0.442288690
vn 0.894952468 0.058658284 0.442288690
vn 0.889199871 0.117065384 0.442288690
vn 0.879639583 0.174971192 0.442288690
vn 0.866312544 0.232127747 0.442288690
vn 0.849275821 0.288290294 0.442288690
vn 0.828602369 0.343218339 0.442288690
vn 0.804380715 0.396676670 0.442288690
vn 0.776714578 0.448436371 0.442288690
vn 0.745722431 0.498275798 0.442288690
vn 0.711536985 0.545981532 0.442288690
vn 0.674304629 0.591349289 0.442288690
vn 0.634184797 0.634184797 0.442288690
vn 0.591349289 0.674304629 0.442288690
vn 0.545981532 0.711536985 0.442288690
vn 0.498275798 0.745722431 0.442288690
vn 0.448436371 0.776714578 0.442288690
vn 0.396676670 0.804380715 0.442288690
vn 0.343218339 0.828602369 0.442288690
vn 0.288290294 0.849275821 0.442288690
vn 0.232127747 0.866312544 0.442288690
vn 0.174971192 0.879639583 0.442288690
vn 0.117065384 0.889199871 0.442288690
vn 0.058658284 0.894952468 0.442288690
vn 0.000000000 0.896872742 0.442288690
vn -0.058658284 0.894952468 0.442288690
vn -0.117065384 0.889199871 0.442288690
vn -0.174971192 0.879639583 0.442288690
vn -0.232127747 0.866312544 0.442288690
vn -0.288290294 0.849275821 0.442288690
vn -0.343218339 0.828602369 0.442288690
vn -0.396676670 0.804380715 0.442288690
vn -0.448436371 0.776714578 0.442288690
vn -0.498275798 0.745722431 0.442288690
vn -0.545981532 0.711536985 0.442288690
vn -0.591349289 0.674304629 0.442288690
vn -0.634184797 0.634184797 0.442288690
vn -0.674304629 0.591349289 0.442288690
vn -0.711536985 0.545981532 0.442288690
vn -0.745722431 0.498275798 0.442288690
vn -0.776714578 0.448436371 0.442288690
vn -0.804380715 0.396676670 0.442288690
vn -0.828602369 0.343218339 0.442288690
vn -0.849275821 0.288290294 0.442288690
vn -0.866312544 0.232127747 0.442288690
vn -0.879639583 0.174971192 0.442288690
vn -0.889199871 0.117065384 0.442288690
vn -0.894952468 0.058658284 0.442288690
vn -0.896872742 0.000000000 0.442288690
vn -0.894952468 -0.058658284 0.442288690
vn -0.889199871 -0.117065384 0.442288690
vn -0.879639583 -0.174971192 0.442288690
vn -0.866312544 -0.232127747 0.442288690
vn -0.849275821 -0.288290294 0.442288690
vn -0.828602369 -0.343218339 0.442288690
vn -0.804380715 -0.396676670 0.442288690
vn -0.776714578 -0.448436371 0.442288690
vn -0.745722431 -0.498275798 0.442288690
vn -0.711536985 -0.545981532 0.442288690
vn -0.674304629 -0.591349289 0.442288690
vn -0.634184797 -0.634184797 0.442288690
vn -0.591349289 -0.674304629 0.442288690
vn -0.545981532 -0.711536985 0.442288690
vn -0.498275798 -0.745722431 0.442288690
vn -0.448436371 -0.776714578 0.442288690
vn -0.396676670 -0.804380715 0.442288690
vn -0.343218339 -0.828602369 0.442288690
vn -0.288290294 -0.849275821 0.442288690
vn -0.232127747 -0.866312544 0.442288690
vn -0.174971192 -0.879639583 0.442288690
vn -0.117065384 -0.889199871 0.442288690
vn -0.058658284 -0.894952468 0.442288690
vn -0.000000000 -0.896872742 0.442288690
vn 0.058658284 -0.894952468 0.442288690
vn 0.117065384 -0.889199871 0.442288690
vn 0.174971192 -0.879639583 0.442288690
vn 0.232127747 -0.866312544 0.442288690
vn 0.288290294 -0.849275821 0.442288690
vn 0.343218339 -0.828602369 0.442288690
vn 0.396676670 -0.804380715 0.442288690
vn 0.448436371 -0.776714578 0.442288690
vn 0.498275798 -0.745722431 0.442288690
vn 0.545981532 -0.711536985 0.442288690
vn 0.591349289 -0.674304629 0.442288690
vn 0.634184797 -0.634184797 0.442288690
vn 0.674304629 -0.591349289 0.442288690
vn 0.711536985 -0.545981532 0.442288690
vn 0.745722431 -0.498275798 0.442288690
vn 0.776714578 -0.448436371 0.442288690
vn 0.804380715 -0.396676670 0.442288690
vn 0.828602369 -0.343218339 0.442288690
vn 0.849275821 -0.288290294 0.442288690
vn 0.866312544 -0.232127747 0.442288690
vn 0.879639583 -0.174971192 0.442288690
vn 0.889199871 -0.117065384 0.442288690
vn 0.894952468 -0.058658284 0.442288690
vn 0.896872742 -0.000000000 0.442288690
vn 0.923879533 0.000000000 0.382683432
vn 0.921901436 0.060424612 0.382683432
vn 0.915975615 0.120590477 0.382683432
vn 0.906127446 0.180239956 0.382683432
vn 0.892399101 0.239117618 0.382683432
vn 0.874849365 0.296971343 0.382683432
vn 0.853553391 0.353553391 0.382683432
vn 0.828602369 0.408621468 0.382683432
vn 0.800103145 0.461939766 0.382683432
vn 0.768177757 0.513279967 0.382683432
vn 0.732962913 0.562422224 0.382683432
vn 0.694609410 0.609156103 0.382683432
vn 0.653281482 0.653281482 0.382683432
vn 0.609156103 0.694609410 0.382683432
vn 0.562422224 0.732962913 0.382683432
vn 0.513279967 0.768177757 0.382683432
vn 0.461939766 0.800103145 0.382683432
vn 0.408621468 0.828602369 0.382683432
vn 0.353553391 0.853553391 0.382683432
vn 0.296971343 0.874849365 0.382683432
vn 0.239117618 0.892399101 0.382683432
vn 0.180239956 0.906127446 0.382683432
vn 0.120590477 0.915975615 0.382683432
vn 0.060424612 0.921901436 0.382683432
vn 0.000000000 0.923879533 0.382683432
vn -0.060424612 0.921901436 0.382683432
vn -0.120590477 0.915975615 0.382683432
vn -0.180239956 0.906127446 0.382683432
vn -0.239117618 0.892399101 0.382683432
vn -0.296971343 0.874849365 0.382683432
vn -0.353553391 0.853553391 0.382683432
vn -0.408621468 0.828602369 0.382683432
vn -0.461939766 0.800103145 0.382683432
vn -0.513279967 0.768177757 0.382683432
vn -0.562422224 0.732962913 0.382683432
vn -0.609156103 0.694609410 0.382683432
vn -0.653281482 0.653281482 0.382683432
vn -0.694609410 0.609156103 0.382683432
vn -0.732962913 0.562422224 0.382683432
vn -0.768177757 0.513279967 0.382683432
vn -0.800103145 0.461939766 0.382683432
vn -0.828602369 0.408621468 0.382683432
vn -0.853553391 0.353553391 0.382683432
vn -0.874849365 0.296971343 0.382683432
vn -0.892399101 0.239117618 0.382683432
vn -0.906127446 0.180239956 0.382683432
vn -0.915975615 0.120590477 0.382683432
vn -0.921901436 0.060424612 0.382683432
vn -0.923879533 0.000000000 0.382683432
vn -0.921901436 -0.060424612 0.382683432
vn -0.915975615 -0.120590477 0.382683432
vn -0.906127446 -0.180239956 0.382683432
vn -0.892399101 -0.239117618 0.382683432
vn -0.874849365 -0.296971343 0.382683432
vn -0.853553391 -0.353553391 0.382683432
vn -0.828602369 -0.408621468 0.382683432
vn -0.800103145 -0.461939766 0.382683432
vn -0.768177757 -0.513279967 0.382683432
vn -0.732962913 -0.562422224 0.382683432
vn -0.694609410 -0.609156103 0.382683432
vn -0.653281482 -0.653281482 0.382683432
vn -0.609156103 -0.694609410 0.382683432
vn -0.562422224 -0.732962913 0.382683432
vn -0.513279967 -0.768177757 0.382683432
vn -0.461939766 -0.800103145 0.382683432
vn -0.408621468 -0.828602369 0.382683432
vn -0.353553391 -0.853553391 0.382683432
vn -0.296971343 -0.874849365 0.382683432
vn -0.239117618 -0.892399101 0.382683432
vn -0.180239956 -0.906127446 0.382683432
vn -0.120590477 -0.915975615 0.382683432
vn -0.060424612 -0.921901436 0.382683432
vn -0.000000000 -0.923879533 0.382683432
vn 0.060424612 -0.921901436 0.382683432
vn 0.120590477 -0.915975615 0.382683432
vn 0.180239956 -0.906127446 0.382683432
vn 0.239117618 -0.892399101 0.382683432
vn 0.296971343 -0.874849365 0.382683432
vn 0.353553391 -0.853553391 0.382683432
vn 0.408621468 -0.828602369 0.382683432
vn 0.461939766 -0.800103145 0.382683432
vn 0.513279967 -0.768177757 0.382683432
vn 0.562422224 -0.732962913 0.382683432
vn 0.609156103 -0.694609410 0.382683432
vn 0.653281482 -0.653281482 0.382683432
vn 0.694609410 -0.609156103 0.382683432
vn 0.732962913 -0.562422224 0.382683432
vn 0.768177757 -0.513279967 0.382683432
vn 0.800103145 -0.461939766 0.382683432
vn 0.828602369 -0.408621468 0.382683432
vn 0.853553391 -0.353553391 0.382683432
vn 0.874849365 -0.296971343 0.382683432
vn 0.892399101 -0.239117618 0.382683432
vn 0.906127446 -0.180239956 0.382683432
vn 0.915975615 -0.120590477 0.382683432
vn 0.921901436 -0.060424612 0.382683432
vn 0.923879533 -0.000000000 0.382683432
vn 0.946930129 0.000000000 0.321439465
vn 0.944902679 0.061932194 0.321439465
vn 0.938829011 0.123599184 0.321439465
vn 0.928735133 0.184736904 0.321439465
vn 0.914664268 0.245083552 0.321439465
vn 0.896676670 0.304380715 0.321439465
vn 0.874849365 0.362374472 0.321439465
vn 0.849275821 0.418816487 0.321439465
vn 0.820065548 0.473465065 0.321439465
vn 0.787343628 0.526086193 0.321439465
vn 0.751250181 0.576454539 0.321439465
vn 0.711939766 0.624354418 0.321439465
vn 0.669580716 0.669580716 0.321439465
vn 0.624354418 0.711939766 0.321439465
vn 0.576454539 0.751250181 0.321439465
vn 0.526086193 0.787343628 0.321439465
vn 0.473465065 0.820065548 0.321439465
vn 0.418816487 0.849275821 0.321439465
vn 0.362374472 0.874849365 0.321439465
vn 0.304380715 0.896676670 0.321439465
vn 0.245083552 0.914664268 0.321439465
vn 0.184736904 0.928735133 0.321439465
vn 0.123599184 0.938829011 0.321439465
vn 0.061932194 0.944902679 0.321439465
vn 0.000000000 0.946930129 0.321439465
vn -0.061932194 0.944902679 0.321439465
vn -0.123599184 0.938829011 0.321439465
vn -0.184736904 0.928735133 0.321439465
vn -0.245083552 0.914664268 0.321439465
vn -0.304380715 0.896676670 0.321439465
vn -0.362374472 0.874849365 0.321439465
vn -0.418816487 0.849275821 0.321439465
vn -0.473465065 0.820065548 0.321439465
vn -0.526086193 0.787343628 0.321439465
vn -0.576454539 0.751250181 0.321439465
vn -0.624354418 0.711939766 0.321439465
vn -0.669580716 0.669580716 0.321439465
vn -0.711939766 0.624354418 0.321439465
vn -0.751250181 0.576454539 0.321439465
vn -0.787343628 0.526086193 0.321439465
vn -0.820065548 0.473465065 0.321439465
vn -0.849275821 0.418816487 0.321439465
vn -0.874849365 0.362374472 0.321439465
vn -0.896676670 0.304380715 0.321439465
vn -0.914664268 0.245083552 0.321439465
vn -0.928735133 0.184736904 0.321439465
vn -0.938829011 0.123599184 0.321439465
vn -0.944902679 0.061932194 0.321439465
vn -0.946930129 0.000000000 0.321439465
vn -0.944902679 -0.061932194 0.321439465
vn -0.938829011 -0.123599184 0.321439465
vn -0.928735133 -0.184736904 0.321439465
vn -0.914664268 -0.245083552 0.321439465
vn -0.896676670 -0.304380715 0.321439465
vn -0.874849365 -0.362374472 0.321439465
vn -0.849275821 -0.418816487 0.321439465
vn -0.820065548 -0.473465065 0.321439465
vn -0.787343628 -0.526086193 0.321439465
vn -0.751250181 -0.576454539 0.321439465
vn -0.711939766 -0.624354418 0.321439465
vn -0.669580716 -0.669580716 0.321439465
vn -0.624354418 -0.711939766 0.321439465
vn -0.576454539 -0.751250181 0.321439465
vn -0.526086193 -0.787343628 0.321439465
vn -0.473465065 -0.820065548 0.321439465
vn -0.418816487 -0.849275821 0.321439465
vn -0.362374472 -0.874849365 0.321439465
vn -0.304380715 -0.896676670 0.321439465
vn -0.245083552 -0.914664268 0.321439465
vn -0.184736904 -0.928735133 0.321439465
vn -0.123599184 -0.938829011 0.321439465
vn -0.061932194 -0.944902679 0.321439465
vn -0.000000000 -0.946930129 0.321439465
vn 0.061932194 -0.944902679 0.321439465
vn 0.123599184 -0.938829011 0.321439465
vn 0.184736904 -0.928735133 0.321439465
vn 0.245083552 -0.914664268 0.321439465
vn 0.304380715 -0.896676670 0.321439465
vn 0.362374472 -0.874849365 0.321439465
vn 0.418816487 -0.849275821 0.321439465
vn 0.473465065 -0.820065548 0.321439465
vn 0.526086193 -0.787343628 0.321439465
vn 0.576454539 -0.751250181 0.321439465
vn 0.624354418 -0.711939766 0.321439465
vn 0.669580716 -0.669580716 0.321439465
vn 0.711939766 -0.624354418 0.321439465
vn 0.751250181 -0.576454539 0.321439465
vn 0.787343628 -0.526086193 0.321439465
vn 0.820065548 -0.473465065 0.321439465
vn 0.849275821 -0.418816487 0.321439465
vn 0.874849365 -0.362374472 0.321439465
vn 0.896676670 -0.304380715 0.321439465
vn 0.914664268 -0.245083552 0.321439465
vn 0.928735133 -0.184736904 0.321439465
vn 0.938829011 -0.123599184 0.321439465
vn 0.944902679 -0.061932194 0.321439465
vn 0.946930129 -0.000000000 0.321439465
vn 0.965925826 0.000000000 0.258819045
vn 0.963857705 0.063174572 0.258819045
vn 0.957662197 0.126078620 0.258819045
vn 0.947365832 0.188442780 0.258819045
vn 0.933012702 0.250000000 0.258819045
vn 0.914664268 0.310486681 0.258819045
vn 0.892399101 0.369643811 0.258819045
vn 0.866312544 0.427218069 0.258819045
vn 0.836516304 0.482962913 0.258819045
vn 0.803137972 0.536639636 0.258819045
vn 0.766320481 0.588018386 0.258819045
vn 0.726221487 0.636879151 0.258819045
vn 0.683012702 0.683012702 0.258819045
vn 0.636879151 0.726221487 0.258819045
vn 0.588018386 0.766320481 0.258819045
vn 0.536639636 0.803137972 0.258819045
vn 0.482962913 0.836516304 0.258819045
vn 0.427218069 0.866312544 0.258819045
vn 0.369643811 0.892399101 0.258819045
vn 0.310486681 0.914664268 0.258819045
vn 0.250000000 0.933012702 0.258819045
vn 0.188442780 0.947365832 0.258819045
vn 0.126078620 0.957662197 0.258819045
vn 0.063174572 0.963857705 0.258819045
vn 0.000000000 0.965925826 0.258819045
vn -0.063174572 0.963857705 0.258819045
vn -0.126078620 0.957662197 0.258819045
vn -0.188442780 0.947365832 0.258819045
vn -0.250000000 0.933012702 0.258819045
vn -0.310486681 0.914664268 0.258819045
vn -0.369643811 0.892399101 0.258819045
vn -0.427218069 0.866312544 0.258819045
vn -0.482962913 0.836516304 0.258819045
vn -0.536639636 0.803137972 0.258819045
vn -0.588018386 0.766320481 0.258819045
vn -0.636879151 0.726221487 0.258819045
vn -0.683012702 0.683012702 0.258819045
vn -0.726221487 0.636879151 0.258819045
vn -0.766320481 0.588018386 0.258819045
vn -0.803137972 0.536639636 0.258819045
vn -0.836516304 0.482962913 0.258819045
vn -0.866312544 0.427218069 0.258819045
vn -0.892399101 0.369643811 0.258819045
vn -0.914664268 0.310486681 0.258819045
vn -0.933012702 0.250000000 0.258819045
vn -0.947365832 0.188442780 0.258819045
vn -0.957662197 0.126078620 0.258819045
vn -0.963857705 0.063174572 0.258819045
vn -0.965925826 0.000000000 0.258819045
vn -0.963857705 -0.063174572 0.258819045
vn -0.957662197 -0.126078620 0.258819045
vn -0.947365832 -0.188442780 0.258819045
vn -0.933012702 -0.250000000 0.258819045
vn -0.914664268 -0.310486681 0.258819045
vn -0.892399101 -0.369643811 0.258819045
vn -0.866312544 -0.427218069 0.258819045
vn -0.836516304 -0.482962913 0.258819045
vn -0.803137972 -0.536639636 0.258819045
vn -0.766320481 -0.588018386 0.258819045
vn -0.726221487 -0.636879151 0.258819045
vn -0.683012702 -0.683012702 0.258819045
vn -0.636879151 -0.726221487 0.258819045
vn -0.588018386 -0.766320481 0.258819045
vn -0.536639636 -0.803137972 0.258819045
vn -0.482962913 -0.836516304 0.258819045
vn -0.427218069 -0.866312544 0.258819045
vn -0.369643811 -0.892399101 0.258819045
vn -0.310486681 -0.914664268 0.258819045
vn -0.250000000 -0.933012702 0.258819045
vn -0.188442780 -0.947365832 0.258819045
vn -0.126078620 -0.957662197 0.258819045
vn -0.063174572 -0.963857705 0.258819045
vn -0.000000000 -0.965925826 0.258819045
vn 0.063174572 -0.963857705 0.258819045
vn 0.126078620 -0.957662197 0.258819045
vn 0.188442780 -0.947365832 0.258819045
vn 0.250000000 -0.933012702 0.258819045
vn 0.310486681 -0.914664268 0.258819045
vn 0.369643811 -0.892399101 0.258819045
vn 0.427218069 -0.866312544 0.258819045
vn 0.482962913 -0.836516304 0.258819045
vn 0.536639636 -0.803137972 0.258819045
vn 0.588018386 -0.766320481 0.258819045
vn 0.636879151 -0.726221487 0.258819045
vn 0.683012702 -0.683012702 0.258819045
vn 0.726221487 -0.636879151 0.258819045
vn 0.766320481 -0.588018386 0.258819045
vn 0.803137972 -0.536639636 0.258819045
vn 0.836516304 -0.482962913 0.258819045
vn 0.866312544 -0.427218069 0.258819045
vn 0.892399101 -0.369643811 0.258819045
vn 0.914664268 -0.310486681 0.258819045
vn 0.933012702 -0.250000000 0.258819045
vn 0.947365832 -0.188442780 0.258819045
vn 0.957662197 -0.126078620 0.258819045
vn 0.963857705 -0.063174572 0.258819045
vn 0.965925826 -0.000000000 0.258819045
vn 0.980785280 0.000000000 0.195090322
vn 0.978685344 0.064146426 0.195090322
vn 0.972394526 0.128018168 0.195090322
vn 0.961939766 0.191341716 0.195090322
vn 0.947365832 0.253845910 0.195090322
vn 0.928735133 0.315263096 0.195090322
vn 0.906127446 0.375330278 0.195090322
vn 0.879639583 0.433790237 0.195090322
vn 0.849384968 0.490392640 0.195090322
vn 0.815493157 0.544895107 0.195090322
vn 0.778109278 0.597064249 0.195090322
vn 0.737393416 0.646676670 0.195090322
vn 0.693519923 0.693519923 0.195090322
vn 0.646676670 0.737393416 0.195090322
vn 0.597064249 0.778109278 0.195090322
vn 0.544895107 0.815493157 0.195090322
vn 0.490392640 0.849384968 0.195090322
vn 0.433790237 0.879639583 0.195090322
vn 0.375330278 0.906127446 0.195090322
vn 0.315263096 0.928735133 0.195090322
vn 0.253845910 0.947365832 0.195090322
vn 0.191341716 0.961939766 0.195090322
vn 0.128018168 0.972394526 0.195090322
vn 0.064146426 0.978685344 0.195090322
vn 0.000000000 0.980785280 0.195090322
vn -0.064146426 0.978685344 0.195090322
vn -0.128018168 0.972394526 0.195090322
vn -0.191341716 0.961939766 0.195090322
vn -0.253845910 0.947365832 0.195090322
vn -0.315263096 0.928735133 0.195090322
vn -0.375330278 0.906127446 0.195090322
vn -0.433790237 0.879639583 0.195090322
vn -0.490392640 0.849384968 0.195090322
vn -0.544895107 0.815493157 0.195090322
vn -0.597064249 0.778109278 0.195090322
vn -0.646676670 0.737393416 0.195090322
vn -0.693519923 0.693519923 0.195090322
vn -0.737393416 0.646676670 0.195090322
vn -0.778109278 0.597064249 0.195090322
vn -0.815493157 0.544895107 0.195090322
vn -0.849384968 0.490392640 0.195090322
vn -0.879639583 0.433790237 0.195090322
vn -0.906127446 0.375330278 0.195090322
vn -0.928735133 0.315263096 0.195090322
vn -0.947365832 0.253845910 0.195090322
vn -0.961939766 0.191341716 0.195090322
vn -0.972394526 0.128018168 0.195090322
vn -0.978685344 0.064146426 0.195090322
vn -0.980785280 0.000000000 0.195090322
vn -0.978685344 -0.064146426 0.195090322
vn -0.972394526 -0.128018168 0.195090322
vn -0.961939766 -0.191341716 0.195090322
vn -0.947365832 -0.253845910 0.195090322
vn -0.928735133 -0.315263096 0.195090322
vn -0.906127446 -0.375330278 0.195090322
vn -0.879639583 -0.433790237 0.195090322
vn -0.849384968 -0.490392640 0.195090322
vn -0.815493157 -0.544895107 0.195090322
vn -0.778109278 -0.597064249 0.195090322
vn -0.737393416 -0.646676670 0.195090322
vn -0.693519923 -0.693519923 0.195090322
vn -0.646676670 -0.737393416 0.195090322
vn -0.597064249 -0.778109278 0.195090322
vn -0.544895107 -0.815493157 0.195090322
vn -0.490392640 -0.849384968 0.195090322
vn -0.433790237 -0.879639583 0.195090322
vn -0.375330278 -0.906127446 0.195090322
vn -0.315263096 -0.928735133 0.195090322
vn -0.253845910 -0.947365832 0.195090322
vn -0.191341716 -0.961939766 0.195090322
vn -0.128018168 -0.972394526 0.195090322
vn -0.064146426 -0.978685344 0.195090322
vn -0.000000000 -0.980785280 0.195090322
vn 0.064146426 -0.978685344 0.195090322
vn 0.128018168 -0.972394526 0.195090322
vn 0.191341716 -0.961939766 0.195090322
vn 0.253845910 -0.947365832 0.195090322
vn 0.315263096 -0.928735133 0.195090322
vn 0.375330278 -0.906127446 0.195090322
vn 0.433790237 -0.879639583 0.195090322
vn 0.490392640 -0.849384968 0.195090322
vn 0.544895107 -0.815493157 0.195090322
vn 0.597064249 -0.778109278 0.195090322
vn 0.646676670 -0.737393416 0.195090322
vn 0.693519923 -0.693519923 0.195090322
vn 0.737393416 -0.646676670 0.195090322
vn 0.778109278 -0.597064249 0.195090322
vn 0.815493157 -0.544895107 0.195090322
vn 0.849384968 -0.490392640 0.195090322
vn 0.879639583 -0.433790237 0.195090322
vn 0.906127446 -0.375330278 0.195090322
vn 0.928735133 -0.315263096 0.195090322
vn 0.947365832 -0.253845910 0.195090322
vn 0.961939766 -0.191341716 0.195090322
vn 0.972394526 -0.128018168 0.195090322
vn 0.978685344 -0.064146426 0.195090322
vn 0.980785280 -0.000000000 0.195090322
vn 0.991444861 0.000000000 0.130526192
vn 0.989322102 0.064843596 0.130526192
vn 0.982962913 0.129409523 0.130526192
vn 0.972394526 0.193421297 0.130526192
vn 0.957662197 0.256604812 0.130526192
vn 0.938829011 0.318689506 0.130526192
vn 0.915975615 0.379409523 0.130526192
vn 0.889199871 0.438504849 0.130526192
vn 0.858616436 0.495722431 0.130526192
vn 0.824356275 0.550817253 0.130526192
vn 0.786566092 0.603553391 0.130526192
vn 0.745407714 0.653705020 0.130526192
vn 0.701057385 0.701057385 0.130526192
vn 0.653705020 0.745407714 0.130526192
vn 0.603553391 0.786566092 0.130526192
vn 0.550817253 0.824356275 0.130526192
vn 0.495722431 0.858616436 0.130526192
vn 0.438504849 0.889199871 0.130526192
vn 0.379409523 0.915975615 0.130526192
vn 0.318689506 0.938829011 0.130526192
vn 0.256604812 0.957662197 0.130526192
vn 0.193421297 0.972394526 0.130526192
vn 0.129409523 0.982962913 0.130526192
vn 0.064843596 0.989322102 0.130526192
vn 0.000000000 0.991444861 0.130526192
vn -0.064843596 0.989322102 0.130526192
vn -0.129409523 0.982962913 0.130526192
vn -0.193421297 0.972394526 0.130526192
vn -0.256604812 0.957662197 0.130526192
vn -0.318689506 0.938829011 0.130526192
vn -0.379409523 0.915975615 0.130526192
vn -0.438504849 0.889199871 0.130526192
vn -0.495722431 0.858616436 0.130526192
vn -0.550817253 0.824356275 0.130526192
vn -0.603553391 0.786566092 0.130526192
vn -0.653705020 0.745407714 0.130526192
vn -0.701057385 0.701057385 0.130526192
vn -0.745407714 0.653705020 0.130526192
vn -0.786566092 0.603553391 0.130526192
vn -0.824356275 0.550817253 0.130526192
vn -0.858616436 0.495722431 0.130526192
vn -0.889199871 0.438504849 0.130526192
vn -0.915975615 0.379409523 0.130526192
vn -0.938829011 0.318689506 0.130526192
vn -0.957662197 0.256604812 0.130526192
vn -0.972394526 0.193421297 0.130526192
vn -0.982962913 0.129409523 0.130526192
vn -0.989322102 0.064843596 0.130526192
vn -0.991444861 0.000000000 0.130526192
vn -0.989322102 -0.064843596 0.130526192
vn -0.982962913 -0.129409523 0.130526192
vn -0.972394526 -0.193421297 0.130526192
vn -0.957662197 -0.256604812 0.130526192
vn -0.938829011 -0.318689506 0.130526192
vn -0.915975615 -0.379409523 0.130526192
vn -0.889199871 -0.438504849 0.130526192
vn -0.858616436 -0.495722431 0.130526192
vn -0.824356275 -0.550817253 0.130526192
vn -0.786566092 -0.603553391 0.130526192
vn -0.745407714 -0.653705020 0.130526192
vn -0.701057385 -0.701057385 0.130526192
vn -0.653705020 -0.745407714 0.130526192
vn -0.603553391 -0.786566092 0.130526192
vn -0.550817253 -0.824356275 0.130526192
vn -0.495722431 -0.858616436 0.130526192
vn -0.438504849 -0.889199871 0.130526192
vn -0.379409523 -0.915975615 0.130526192
vn -0.318689506 -0.938829011 0.130526192
vn -0.256604812 -0.957662197 0.130526192
vn -0.193421297 -0.972394526 0.130526192
vn -0.129409523 -0.982962913 0.130526192
vn -0.064843596 -0.989322102 0.130526192
vn -0.000000000 -0.991444861 0.130526192
vn 0.064843596 -0.989322102 0.130526192
vn 0.129409523 -0.982962913 0.130526192
vn 0.193421297 -0.972394526 0.130526192
vn 0.256604812 -0.957662197 0.130526192
vn 0.318689506 -0.938829011 0.130526192
vn 0.379409523 -0.915975615 0.130526192
vn 0.438504849 -0.889199871 0.130526192
vn 0.495722431 -0.858616436 0.130526192
vn 0.550817253 -0.824356275 0.130526192
vn 0.603553391 -0.786566092 0.130526192
vn 0.653705020 -0.745407714 0.130526192
vn 0.701057385 -0.701057385 0.130526192
vn 0.745407714 -0.653705020 0.130526192
vn 0.786566092 -0.603553391 0.130526192
vn 0.824356275 -0.550817253 0.130526192
vn 0.858616436 -0.495722431 0.130526192
vn 0.889199871 -0.438504849 0.130526192
vn 0.915975615 -0.379409523 0.130526192
vn 0.938829011 -0.318689506 0.130526192
vn 0.957662197 -0.256604812 0.130526192
vn 0.972394526 -0.193421297 0.130526192
vn 0.982962913 -0.129409523 0.130526192
vn 0.989322102 -0.064843596 0.130526192
vn 0.991444861 -0.000000000 0.130526192
vn 0.997858923 0.000000000 0.065403129
vn 0.995722431 0.065263096 0.065403129
vn 0.989322102 0.130246726 0.065403129
vn 0.978685344 0.194672619 0.065403129
vn 0.963857705 0.258264894 0.065403129
vn 0.944902679 0.320751239 0.065403129
vn 0.921901436 0.381864078 0.065403129
vn 0.894952468 0.441341716 0.065403129
vn 0.864171177 0.498929462 0.065403129
vn 0.829689372 0.554380715 0.065403129
vn 0.791654710 0.607458024 0.065403129
vn 0.750230061 0.657934105 0.065403129
vn 0.705592811 0.705592811 0.065403129
vn 0.657934105 0.750230061 0.065403129
vn 0.607458024 0.791654710 0.065403129
vn 0.554380715 0.829689372 0.065403129
vn 0.498929462 0.864171177 0.065403129
vn 0.441341716 0.894952468 0.065403129
vn 0.381864078 0.921901436 0.065403129
vn 0.320751239 0.944902679 0.065403129
vn 0.258264894 0.963857705 0.065403129
vn 0.194672619 0.978685344 0.065403129
vn 0.130246726 0.989322102 0.065403129
vn 0.065263096 0.995722431 0.065403129
vn 0.000000000 0.997858923 0.065403129
vn -0.065263096 0.995722431 0.065403129
vn -0.130246726 0.989322102 0.065403129
vn -0.194672619 0.978685344 0.065403129
vn -0.258264894 0.963857705 0.065403129
vn -0.320751239 0.944902679 0.065403129
vn -0.381864078 0.921901436 0.065403129
vn -0.441341716 0.894952468 0.065403129
vn -0.498929462 0.864171177 0.065403129
vn -0.554380715 0.829689372 0.065403129
vn -0.607458024 0.791654710 0.065403129
vn -0.657934105 0.750230061 0.065403129
vn -0.705592811 0.705592811 0.065403129
vn -0.750230061 0.657934105 0.065403129
vn -0.791654710 0.607458024 0.065403129
vn -0.829689372 0.554380715 0.065403129
vn -0.864171177 0.498929462 0.065403129
vn -0.894952468 0.441341716 0.065403129
vn -0.921901436 0.381864078 0.065403129
vn -0.944902679 0.320751239 0.065403129
vn -0.963857705 0.258264894 0.065403129
vn -0.978685344 0.194672619 0.065403129
vn -0.989322102 0.130246726 0.065403129
vn -0.995722431 0.065263096 0.065403129
vn -0.997858923 0.000000000 0.065403129
vn -0.995722431 -0.065263096 0.065403129
vn -0.989322102 -0.130246726 0.065403129
vn -0.978685344 -0.194672619 0.065403129
vn -0.963857705 -0.258264894 0.065403129
vn -0.944902679 -0.320751239 0.065403129
vn -0.921901436 -0.381864078 0.065403129
vn -0.894952468 -0.441341716 0.065403129
vn -0.864171177 -0.498929462 0.065403129
vn -0.829689372 -0.554380715 0.065403129
vn -0.791654710 -0.607458024 0.065403129
vn -0.750230061 -0.657934105 0.065403129
vn -0.705592811 -0.705592811 0.065403129
vn -0.657934105 -0.750230061 0.065403129
vn -0.607458024 -0.791654710 0.065403129
vn -0.554380715 -0.829689372 0.065403129
vn -0.498929462 -0.864171177 0.065403129
vn -0.441341716 -0.894952468 0.065403129
vn -0.381864078 -0.921901436 0.065403129
vn -0.320751239 -0.944902679 0.065403129
vn -0.258264894 -0.963857705 0.065403129
vn -0.194672619 -0.978685344 0.065403129
vn -0.130246726 -0.989322102 0.065403129
vn -0.065263096 -0.995722431 0.065403129
vn -0.000000000 -0.997858923 0.065403129
vn 0.065263096 -0.995722431 0.065403129
vn 0.130246726 -0.989322102 0.065403129
vn 0.194672619 -0.978685344 0.065403129
vn 0.258264894 -0.963857705 0.065403129
vn 0.320751239 -0.944902679 0.065403129
vn 0.381864078 -0.921901436 0.065403129
vn 0.441341716 -0.894952468 0.065403129
vn 0.498929462 -0.864171177 0.065403129
vn 0.554380715 -0.829689372 0.065403129
vn 0.607458024 -0.791654710 0.065403129
vn 0.657934105 -0.750230061 0.065403129
vn 0.705592811 -0.705592811 0.065403129
vn 0.750230061 -0.657934105 0.065403129
vn 0.791654710 -0.607458024 0.065403129
vn 0.829689372 -0.554380715 0.065403129
vn 0.864171177 -0.498929462 0.065403129
vn 0.894952468 -0.441341716 0.065403129
vn 0.921901436 -0.381864078 0.065403129
vn 0.944902679 -0.320751239 0.065403129
vn 0.963857705 -0.258264894 0.065403129
vn 0.978685344 -0.194672619 0.065403129
vn 0.989322102 -0.130246726 0.065403129
vn 0.995722431 -0.065263096 0.065403129
vn 0.997858923 -0.000000000 0.065403129
vn 1.000000000 0.000000000 0.000000000
vn 0.997858923 0.065403129 0.000000000
vn 0.991444861 0.130526192 0.000000000
vn 0.980785280 0.195090322 0.000000000
vn 0.965925826 0.258819045 0.000000000
vn 0.946930129 0.321439465 0.000000000
vn 0.923879533 0.382683432 0.000000000
vn 0.896872742 0.442288690 0.000000000
vn 0.866025404 0.500000000 0.000000000
vn 0.831469612 0.555570233 0.000000000
vn 0.793353340 0.608761429 0.000000000
vn 0.751839807 0.659345815 0.000000000
vn 0.707106781 0.707106781 0.000000000
vn 0.659345815 0.751839807 0.000000000
vn 0.608761429 0.793353340 0.000000000
vn 0.555570233 0.831469612 0.000000000
vn 0.500000000 0.866025404 0.000000000
vn 0.442288690 0.896872742 0.000000000
vn 0.382683432 0.923879533 0.000000000
vn 0.321439465 0.946930129 0.000000000
vn 0.258819045 0.965925826 0.000000000
vn 0.195090322 0.980785280 0.000000000
vn 0.130526192 0.991444861 0.000000000
vn 0.065403129 0.997858923 0.000000000
vn 0.000000000 1.000000000 0.000000000
vn -0.065403129 0.997858923 0.000000000
vn -0.130526192 0.991444861 0.000000000
vn -0.195090322 0.980785280 0.000000000
vn -0.258819045 0.965925826 0.000000000
vn -0.321439465 0.946930129 0.000000000
vn -0.382683432 0.923879533 0.000000000
vn -0.442288690 0.896872742 0.000000000
vn -0.500000000 0.866025404 0.000000000
vn -0.555570233 0.831469612 0.000000000
vn -0.608761429 0.793353340 0.000000000
vn -0.659345815 0.751839807 0.000000000
vn -0.707106781 0.707106781 0.000000000
vn -0.751839807 0.659345815 0.000000000
vn -0.793353340 0.608761429 0.000000000
vn -0.831469612 0.555570233 0.000000000
vn -0.866025404 0.500000000 0.000000000
vn -0.896872742 0.442288690 0.000000000
vn -0.923879533 0.382683432 0.000000000
vn -0.946930129 0.321439465 0.000000000
vn -0.965925826 0.258819045 0.000000000
vn -0.980785280 0.195090322 0.000000000
vn -0.991444861 0.130526192 0.000000000
vn -0.997858923 0.065403129 0.000000000
vn -1.000000000 0.000000000 0.000000000
vn -0.997858923 -0.065403129 0.000000000
vn -0.991444861 -0.130526192 0.000000000
vn -0.980785280 -0.195090322 0.000000000
vn -0.965925826 -0.258819045 0.000000000
vn -0.946930129 -0.321439465 0.000000000
vn -0.923879533 -0.382683432 0.000000000
vn -0.896872742 -0.442288690 0.000000000
vn -0.866025404 -0.500000000 0.000000000
vn -0.831469612 -0.555570233 0.000000000
vn -0.793353340 -0.608761429 0.000000000
vn -0.751839807 -0.659345815 0.000000000
vn -0.707106781 -0.707106781 0.000000000
vn -0.659345815 -0.751839807 0.000000000
vn -0.608761429 -0.793353340 0.000000000
vn -0.555570233 -0.831469612 0.000000000
vn -0.500000000 -0.866025404 0.000000000
vn -0.442288690 -0.896872742 0.000000000
vn -0.382683432 -0.923879533 0.000000000
vn -0.321439465 -0.946930129 0.000000000
vn -0.258819045 -0.965925826 0.000000000
vn -0.195090322 -0.980785280 0.000000000
vn -0.130526192 -0.991444861 0.000000000
vn -0.065403129 -0.997858923 0.000000000
vn -0.000000000 -1.000000000 0.000000000
vn 0.065403129 -0.997858923 0.000000000
vn 0.130526192 -0.991444861 0.000000000
vn 0.195090322 -0.980785280 0.000000000
vn 0.258819045 -0.965925826 0.000000000
vn 0.321439465 -0.946930129 0.000000000
vn 0.382683432 -0.923879533 0.000000000
vn 0.442288690 -0.896872742 0.000000000
vn 0.500000000 -0.866025404 0.000000000
vn 0.555570233 -0.831469612 0.000000000
vn 0.608761429 -0.793353340 0.000000000
vn 0.659345815 -0.751839807 0.000000000
vn 0.707106781 -0.707106781 0.000000000
vn 0.751839807 -0.659345815 0.000000000
vn 0.793353340 -0.608761429 0.000000000
vn 0.831469612 -0.555570233 0.000000000
vn 0.866025404 -0.500000000 0.000000000
vn 0.896872742 -0.442288690 0.000000000
vn 0.923879533 -0.382683432 0.000000000
vn 0.946930129 -0.321439465 0.000000000
vn 0.965925826 -0.258819045 0.000000000
vn 0.980785280 -0.195090322 0.000000000
vn 0.991444861 -0.130526192 0.000000000
vn 0.997858923 -0.065403129 0.000000000
vn 1.000000000 -0.000000000 0.000000000
vn 0.997858923 0.000000000 -0.065403129
vn 0.995722431 0.065263096 -0.065403129
vn 0.989322102 0.130246726 -0.065403129
vn 0.978685344 0.194672619 -0.065403129
vn 0.963857705 0.258264894 -0.065403129
vn 0.944902679 0.320751239 -0.065403129
vn 0.921901436 0.381864078 -0.065403129
vn 0.894952468 0.441341716 -0.065403129
vn 0.864171177 0.498929462 -0.065403129
vn 0.829689372 0.554380715 -0.065403129
vn 0.791654710 0.607458024 -0.065403129
vn 0.750230061 0.657934105 -0.065403129
vn 0.705592811 0.705592811 -0.065403129
vn 0.657934105 0.750230061 -0.065403129
vn 0.607458024 0.791654710 -0.065403129
vn 0.554380715 0.829689372 -0.065403129
vn 0.498929462 0.864171177 -0.065403129
vn 0.441341716 0.894952468 -0.065403129
vn 0.381864078 0.921901436 -0.065403129
vn 0.320751239 0.944902679 -0.065403129
vn 0.258264894 0.963857705 -0.065403129
vn 0.194672619 0.978685344 -0.065403129
vn 0.130246726 0.989322102 -0.065403129
vn 0.065263096 0.995722431 -0.065403129
vn 0.000000000 0.997858923 -0.065403129
vn -0.065263096 0.995722431 -0.065403129
vn -0.130246726 0.989322102 -0.065403129
vn -0.194672619 0.978685344 -0.065403129
vn -0.258264894 0.963857705 -0.065403129
vn -0.320751239 0.944902679 -0.065403129
vn -0.381864078 0.921901436 -0.065403129
vn -0.441341716 0.894952468 -0.065403129
vn -0.498929462 0.864171177 -0.065403129
vn -0.554380715 0.829689372 -0.065403129
vn -0.607458024 0.791654710 -0.065403129
vn -0.657934105 0.750230061 -0.065403129
vn -0.705592811 0.705592811 -0.065403129
vn -0.750230061 0.657934105 -0.065403129
vn -0.791654710 0.607458024 -0.065403129
vn -0.829689372 0.554380715 -0.065403129
vn -0.864171177 0.498929462 -0.065403129
vn -0.894952468 0.441341716 -0.065403129
vn -0.921901436 0.381864078 -0.065403129
vn -0.944902679 0.320751239 -0.065403129
vn -0.963857705 0.258264894 -0.065403129
vn -0.978685344 0.194672619 -0.065403129
vn -0.989322102 0.130246726 -0.065403129
vn -0.995722431 0.065263096 -0.065403129
vn -0.997858923 0.000000000 -0.065403129
vn -0.995722431 -0.065263096 -0.065403129
vn -0.989322102 -0.130246726 -0.065403129
vn -0.978685344 -0.194672619 -0.065403129
vn -0.963857705 -0.258264894 -0.065403129
vn -0.944902679 -0.320751239 -0.065403129
vn -0.921901436 -0.381864078 -0.065403129
vn -0.894952468 -0.441341716 -0.065403129
vn -0.864171177 -0.498929462 -0.065403129
vn -0.829689372 -0.554380715 -0.065403129
vn -0.791654710 -0.607458024 -0.065403129
vn -0.750230061 -0.657934105 -0.065403129
vn -0.705592811 -0.705592811 -0.065403129
vn -0.657934105 -0.750230061 -0.065403129
vn -0.607458024 -0.791654710 -0.065403129
vn -0.554380715 -0.829689372 -0.065403129
vn -0.498929462 -0.864171177 -0.065403129
vn -0.441341716 -0.894952468 -0.065403129
vn -0.381864078 -0.921901436 -0.065403129
vn -0.320751239 -0.944902679 -0.065403129
vn -0.258264894 -0.963857705 -0.065403129
vn -0.194672619 -0.978685344 -0.065403129
vn -0.130246726 -0.989322102 -0.065403129
vn -0.065263096 -0.995722431 -0.065403129
vn -0.000000000 -0.997858923 -0.065403129
vn 0.065263096 -0.995722431 -0.065403129
vn 0.130246726 -0.989322102 -0.065403129
vn 0.194672619 -0.978685344 -0.065403129
vn 0.258264894 -0.963857705 -0.065403129
vn 0.320751239 -0.944902679 -0.065403129
vn 0.381864078 -0.921901436 -0.065403129
vn 0.441341716 -0.894952468 -0.065403129
vn 0.498929462 -0.864171177 -0.065403129
vn 0.554380715 -0.829689372 -0.065403129
vn 0.607458024 -0.791654710 -0.065403129
vn 0.657934105 -0.750230061 -0.065403129
vn 0.705592811 -0.705592811 -0.065403129
vn 0.750230061 -0.657934105 -0.065403129
vn 0.791654710 -0.607458024 -0.065403129
vn 0.829689372 -0.554380715 -0.065403129
vn 0.864171177 -0.498929462 -0.065403129
vn 0.894952468 -0.441341716 -0.065403129
vn 0.921901436 -0.381864078 -0.065403129
vn 0.944902679 -0.320751239 -0.065403129
vn 0.963857705 -0.258264894 -0.065403129
vn 0.978685344 -0.194672619 -0.065403129
vn 0.989322102 -0.130246726 -0.065403129
vn 0.995722431 -0.065263096 -0.065403129
vn 0.997858923 -0.000000000 -0.065403129
vn 0.991444861 0.000000000 -0.130526192
vn 0.989322102 0.064843596 -0.130526192
vn 0.982962913 0.129409523 -0.130526192
vn 0.972394526 0.193421297 -0.130526192
vn 0.957662197 0.256604812 -0.130526192
vn 0.938829011 0.318689506 -0.130526192
vn 0.915975615 0.379409523 -0.130526192
vn 0.889199871 0.438504849 -0.130526192
vn 0.858616436 0.495722431 -0.130526192
vn 0.824356275 0.550817253 -0.130526192
vn 0.786566092 0.603553391 -0.130526192
vn 0.745407714 0.653705020 -0.130526192
vn 0.701057385 0.701057385 -0.130526192
vn 0.653705020 0.745407714 -0.130526192
vn 0.603553391 0.786566092 -0.130526192
vn 0.550817253 0.824356275 -0.130526192
vn 0.495722431 0.858616436 -0.130526192
vn 0.438504849 0.889199871 -0.130526192
vn 0.379409523 0.915975615 -0.130526192
vn 0.318689506 0.938829011 -0.130526192
vn 0.256604812 0.957662197 -0.130526192
vn 0.193421297 0.972394526 -0.130526192
vn 0.129409523 0.982962913 -0.130526192
vn 0.064843596 0.989322102 -0.130526192
vn 0.000000000 0.991444861 -0.130526192
vn -0.064843596 0.989322102 -0.130526192
vn -0.129409523 0.982962913 -0.130526192
vn -0.193421297 0.972394526 -0.130526192
vn -0.256604812 0.957662197 -0.130526192
vn -0.318689506 0.938829011 -0.130526192
vn -0.379409523 0.915975615 -0.130526192
vn -0.438504849 0.889199871 -0.130526192
vn -0.495722431 0.858616436 -0.130526192
vn -0.550817253 0.824356275 -0.130526192
vn -0.603553391 0.786566092 -0.130526192
vn -0.653705020 0.745407714 -0.130526192
vn -0.701057385 0.701057385 -0.130526192
vn -0.745407714 0.653705020 -0.130526192
vn -0.786566092 0.603553391 -0.130526192
vn -0.824356275 0.550817253 -0.130526192
vn -0.858616436 0.495722431 -0.130526192
vn -0.889199871 0.438504849 -0.130526192
vn -0.915975615 0.379409523 -0.130526192
vn -0.938829011 0.318689506 -0.130526192
vn -0.957662197 0.256604812 -0.130526192
vn -0.972394526 0.193421297 -0.130526192
vn -0.982962913 0.129409523 -0.130526192
vn -0.989322102 0.064843596 -0.130526192
vn -0.991444861 0.000000000 -0.130526192
vn -0.989322102 -0.064843596 -0.130526192
vn -0.982962913 -0.129409523 -0.130526192
vn -0.972394526 -0.193421297 -0.130526192
vn -0.957662197 -0.256604812 -0.130526192
vn -0.938829011 -0.318689506 -0.130526192
vn -0.915975615 -0.379409523 -0.130526192
vn -0.889199871 -0.438504849 -0.130526192
vn -0.858616436 -0.495722431 -0.130526192
vn -0.824356275 -0.550817253 -0.130526192
vn -0.786566092 -0.603553391 -0.130526192
vn -0.745407714 -0.653705020 -0.130526192
vn -0.701057385 -0.701057385 -0.130526192
vn -0.653705020 -0.745407714 -0.130526192
vn -0.603553391 -0.786566092 -0.130526192
vn -0.550817253 -0.824356275 -0.130526192
vn -0.495722431 -0.858616436 -0.130526192
vn -0.438504849 -0.889199871 -0.130526192
vn -0.379409523 -0.915975615 -0.130526192
vn -0.318689506 -0.938829011 -0.130526192
vn -0.256604812 -0.957662197 -0.130526192
vn -0.193421297 -0.972394526 -0.130526192
vn -0.129409523 -0.982962913 -0.130526192
vn -0.064843596 -0.989322102 -0.130526192
vn -0.000000000 -0.991444861 -0.130526192
vn 0.064843596 -0.989322102 -0.130526192
vn 0.129409523 -0.982962913 -0.130526192
vn 0.193421297 -0.972394526 -0.130526192
vn 0.256604812 -0.957662197 -0.130526192
vn 0.318689506 -0.938829011 -0.130526192
vn 0.379409523 -0.915975615 -0.130526192
vn 0.438504849 -0.889199871 -0.130526192
vn 0.495722431 -0.858616436 -0.130526192
vn 0.550817253 -0.824356275 -0.130526192
vn 0.603553391 -0.786566092 -0.130526192
vn 0.653705020 -0.745407714 -0.130526192
vn 0.701057385 -0.701057385 -0.130526192
vn 0.745407714 -0.653705020 -0.130526192
vn 0.786566092 -0.603553391 -0.130526192
vn 0.824356275 -0.550817253 -0.130526192
vn 0.858616436 -0.495722431 -0.130526192
vn 0.889199871 -0.438504849 -0.130526192
vn 0.915975615 -0.379409523 -0.130526192
vn 0.938829011 -0.318689506 -0.130526192
vn 0.957662197 -0.256604812 -0.130526192
vn 0.972394526 -0.193421297 -0.130526192
vn 0.982962913 -0.129409523 -0.130526192
vn 0.989322102 -0.064843596 -0.130526192
vn 0.991444861 -0.000000000 -0.130526192
vn 0.980785280 0.000000000 -0.195090322
vn 0.978685344 0.064146426 -0.195090322
vn 0.972394526 0.128018168 -0.195090322
vn 0.961939766 0.191341716 -0.195090322
vn 0.947365832 0.253845910 -0.195090322
vn 0.928735133 0.315263096 -0.195090322
vn 0.906127446 0.375330278 -0.195090322
vn 0.879639583 0.433790237 -0.195090322
vn 0.849384968 0.490392640 -0.195090322
vn 0.815493157 0.544895107 -0.195090322
vn 0.778109278 0.597064249 -0.195090322
vn 0.737393416 0.646676670 -0.195090322
vn 0.693519923 0.693519923 -0.195090322
vn 0.646676670 0.737393416 -0.195090322
vn 0.597064249 0.778109278 -0.195090322
vn 0.544895107 0.815493157 -0.195090322
vn 0.490392640 0.849384968 -0.195090322
vn 0.433790237 0.879639583 -0.195090322
vn 0.375330278 0.906127446 -0.195090322
vn 0.315263096 0.928735133 -0.195090322
vn 0.253845910 0.947365832 -0.195090322
vn 0.191341716 0.961939766 -0.195090322
vn 0.128018168 0.972394526 -0.195090322
vn 0.064146426 0.978685344 -0.195090322
vn 0.000000000 0.980785280 -0.195090322
vn -0.064146426 0.978685344 -0.195090322
vn -0.128018168 0.972394526 -0.195090322
vn -0.191341716 0.961939766 -0.195090322
vn -0.253845910 0.947365832 -0.195090322
vn -0.315263096 0.928735133 -0.195090322
vn -0.375330278 0.906127446 -0.195090322
vn -0.433790237 0.879639583 -0.195090322
vn -0.490392640 0.849384968 -0.195090322
vn -0.544895107 0.815493157 -0.195090322
vn -0.597064249 0.778109278 -0.195090322
vn -0.646676670 0.737393416 -0.195090322
vn -0.693519923 0.693519923 -0.195090322
vn -0.737393416 0.646676670 -0.195090322
vn -0.778109278 0.597064249 -0.195090322
vn -0.815493157 0.544895107 -0.195090322
vn -0.849384968 0.490392640 -0.195090322
vn -0.879639583 0.433790237 -0.195090322
vn -0.906127446 0.375330278 -0.195090322
vn -0.928735133 0.315263096 -0.195090322
vn -0.947365832 0.253845910 -0.195090322
vn -0.961939766 0.191341716 -0.195090322
vn -0.972394526 0.128018168 -0.195090322
vn -0.978685344 0.064146426 -0.195090322
vn -0.980785280 0.000000000 -0.195090322
vn -0.978685344 -0.064146426 -0.195090322
vn -0.972394526 -0.128018168 -0.195090322
vn -0.961939766 -0.191341716 -0.195090322
vn -0.947365832 -0.253845910 -0.195090322
vn -0.928735133 -0.315263096 -0.195090322
vn -0.906127446 -0.375330278 -0.195090322
vn -0.879639583 -0.433790237 -0.195090322
vn -0.849384968 -0.490392640 -0.195090322
vn -0.815493157 -0.544895107 -0.195090322
vn -0.778109278 -0.597064249 -0.195090322
vn -0.737393416 -0.646676670 -0.195090322
vn -0.693519923 -0.693519923 -0.195090322
vn -0.646676670 -0.737393416 -0.195090322
vn -0.597064249 -0.778109278 -0.195090322
vn -0.544895107 -0.815493157 -0.195090322
vn -0.490392640 -0.849384968 -0.195090322
vn -0.433790237 -0.879639583 -0.195090322
vn -0.375330278 -0.906127446 -0.195090322
vn -0.315263096 -0.928735133 -0.195090322
vn -0.253845910 -0.947365832 -0.195090322
vn -0.191341716 -0.961939766 -0.195090322
vn -0.128018168 -0.972394526 -0.195090322
vn -0.064146426 -0.978685344 -0.195090322
vn -0.000000000 -0.980785280 -0.195090322
vn 0.064146426 -0.978685344 -0.195090322
vn 0.128018168 -0.972394526 -0.195090322
vn 0.191341716 -0.961939766 -0.195090322
vn 0.253845910 -0.947365832 -0.195090322
vn 0.315263096 -0.928735133 -0.195090322
vn 0.375330278 -0.906127446 -0.195090322
vn 0.433790237 -0.879639583 -0.195090322
vn 0.490392640 -0.849384968 -0.195090322
vn 0.544895107 -0.815493157 -0.195090322
vn 0.597064249 -0.778109278 -0.195090322
vn 0.646676670 -0.737393416 -0.195090322
vn 0.693519923 -0.693519923 -0.195090322
vn 0.737393416 -0.646676670 -0.195090322
vn 0.778109278 -0.597064249 -0.195090322
vn 0.815493157 -0.544895107 -0.195090322
vn 0.849384968 -0.490392640 -0.195090322
vn 0.879639583 -0.433790237 -0.195090322
vn 0.906127446 -0.375330278 -0.195090322
vn 0.928735133 -0.315263096 -0.195090322
vn 0.947365832 -0.253845910 -0.195090322
vn 0.961939766 -0.191341716 -0.195090322
vn 0.972394526 -0.128018168 -0.195090322
vn 0.978685344 -0.064146426 -0.195090322
vn 0.980785280 -0.000000000 -0.195090322
vn 0.965925826 0.000000000 -0.258819045
vn 0.963857705 0.063174572 -0.258819045
vn 0.957662197 0.126078620 -0.258819045
vn 0.947365832 0.188442780 -0.258819045
vn 0.933012702 0.250000000 -0.258819045
vn 0.914664268 0.310486681 -0.258819045
vn 0.892399101 0.369643811 -0.258819045
vn 0.866312544 0.427218069 -0.258819045
vn 0.836516304 0.482962913 -0.258819045
vn 0.803137972 0.536639636 -0.258819045
vn 0.766320481 0.588018386 -0.258819045
vn 0.726221487 0.636879151 -0.258819045
vn 0.683012702 0.683012702 -0.258819045
vn 0.636879151 0.726221487 -0.258819045
vn 0.588018386 0.766320481 -0.258819045
vn 0.536639636 0.803137972 -0.258819045
vn 0.482962913 0.836516304 -0.258819045
vn 0.427218069 0.866312544 -0.258819045
vn 0.369643811 0.892399101 -0.258819045
vn 0.310486681 0.914664268 -0.258819045
vn 0.250000000 0.933012702 -0.258819045
vn 0.188442780 0.947365832 -0.258819045
vn 0.126078620 0.957662197 -0.258819045
vn 0.063174572 0.963857705 -0.258819045
vn 0.000000000 0.965925826 -0.258819045
vn -0.063174572 0.963857705 -0.258819045
vn -0.126078620 0.957662197 -0.258819045
vn -0.188442780 0.947365832 -0.258819045
vn -0.250000000 0.933012702 -0.258819045
vn -0.310486681 0.914664268 -0.258819045
vn -0.369643811 0.892399101 -0.258819045
vn -0.427218069 0.866312544 -0.258819045
vn -0.482962913 0.836516304 -0.258819045
vn -0.536639636 0.803137972 -0.258819045
vn -0.588018386 0.766320481 -0.258819045
vn -0.636879151 0.726221487 -0.258819045
vn -0.683012702 0.683012702 -0.258819045
vn -0.726221487 0.636879151 -0.258819045
vn -0.766320481 0.588018386 -0.258819045
vn -0.803137972 0.536639636 -0.258819045
vn -0.836516304 0.482962913 -0.258819045
vn -0.866312544 0.427218069 -0.258819045
vn -0.892399101 0.369643811 -0.258819045
vn -0.914664268 0.310486681 -0.258819045
vn -0.933012702 0.250000000 -0.258819045
vn -0.947365832 0.188442780 -0.258819045
vn -0.957662197 0.126078620 -0.258819045
vn -0.963857705 0.063174572 -0.258819045
vn -0.965925826 0.000000000 -0.258819045
vn -0.963857705 -0.063174572 -0.258819045
vn -0.957662197 -0.126078620 -0.258819045
vn -0.947365832 -0.188442780 -0.258819045
vn -0.933012702 -0.250000000 -0.258819045
vn -0.914664268 -0.310486681 -0.258819045
vn -0.892399101 -0.369643811 -0.258819045
vn -0.866312544 -0.427218069 -0.258819045
vn -0.836516304 -0.482962913 -0.258819045
vn -0.803137972 -0.536639636 -0.258819045
vn -0.766320481 -0.588018386 -0.258819045
vn -0.726221487 -0.636879151 -0.258819045
vn -0.683012702 -0.683012702 -0.258819045
vn -0.636879151 -0.726221487 -0.258819045
vn -0.588018386 -0.766320481 -0.258819045
vn -0.536639636 -0.803137972 -0.258819045
vn -0.482962913 -0.836516304 -0.258819045
vn -0.427218069 -0.866312544 -0.258819045
vn -0.369643811 -0.892399101 -0.258819045
vn -0.310486681 -0.914664268 -0.258819045
vn -0.250000000 -0.933012702 -0.258819045
vn -0.188442780 -0.947365832 -0.258819045
vn -0.126078620 -0.957662197 -0.258819045
vn -0.063174572 -0.963857705 -0.258819045
vn -0.000000000 -0.965925826 -0.258819045
vn 0.063174572 -0.963857705 -0.258819045
vn 0.126078620 -0.957662197 -0.258819045
vn 0.188442780 -0.947365832 -0.258819045
vn 0.250000000 -0.933012702 -0.258819045
vn 0.310486681 -0.914664268 -0.258819045
vn 0.369643811 -0.892399101 -0.258819045
vn 0.427218069 -0.866312544 -0.258819045
vn 0.482962913 -0.836516304 -0.258819045
vn 0.536639636 -0.803137972 -0.258819045
vn 0.588018386 -0.766320481 -0.258819045
vn 0.636879151 -0.726221487 -0.258819045
vn 0.683012702 -0.683012702 -0.258819045
vn 0.726221487 -0.636879151 -0.258819045
vn 0.766320481 -0.588018386 -0.258819045
vn 0.803137972 -0.536639636 -0.258819045
vn 0.836516304 -0.482962913 -0.258819045
vn 0.866312544 -0.427218069 -0.258819045
vn 0.892399101 -0.369643811 -0.258819045
vn 0.914664268 -0.310486681 -0.258819045
vn 0.933012702 -0.250000000 -0.258819045
vn 0.947365832 -0.188442780 -0.258819045
vn 0.957662197 -0.126078620 -0.258819045
vn 0.963857705 -0.063174572 -0.258819045
vn 0.965925826 -0.000000000 -0.258819045
vn 0.946930129 0.000000000 -0.321439465
vn 0.944902679 0.061932194 -0.321439465
vn 0.938829011 0.123599184 -0.321439465
vn 0.928735133 0.184736904 -0.321439465
vn 0.914664268 0.245083552 -0.321439465
vn 0.896676670 0.304380715 -0.321439465
vn 0.874849365 0.362374472 -0.321439465
vn 0.849275821 0.418816487 -0.321439465
vn 0.820065548 0.473465065 -0.321439465
vn 0.787343628 0.526086193 -0.321439465
vn 0.751250181 0.576454539 -0.321439465
vn 0.711939766 0.624354418 -0.321439465
vn 0.669580716 0.669580716 -0.321439465
vn 0.624354418 0.711939766 -0.321439465
vn 0.576454539 0.751250181 -0.321439465
vn 0.526086193 0.787343628 -0.321439465
vn 0.473465065 0.820065548 -0.321439465
vn 0.418816487 0.849275821 -0.321439465
vn 0.362374472 0.874849365 -0.321439465
vn 0.304380715 0.896676670 -0.321439465
vn 0.245083552 0.914664268 -0.321439465
vn 0.184736904 0.928735133 -0.321439465
vn 0.123599184 0.938829011 -0.321439465
vn 0.061932194 0.944902679 -0.321439465
vn 0.000000000 0.946930129 -0.321439465
vn -0.061932194 0.944902679 -0.321439465
vn -0.123599184 0.938829011 -0.321439465
vn -0.184736904 0.928735133 -0.321439465
vn -0.245083552 0.914664268 -0.321439465
vn -0.304380715 0.896676670 -0.321439465
vn -0.362374472 0.874849365 -0.321439465
vn -0.418816487 0.849275821 -0.321439465
vn -0.473465065 0.820065548 -0.321439465
vn -0.526086193 0.787343628 -0.321439465
vn -0.576454539 0.751250181 -0.321439465
vn -0.624354418 0.711939766 -0.321439465
vn -0.669580716 0.669580716 -0.321439465
vn -0.711939766 0.624354418 -0.321439465
vn -0.751250181 0.576454539 -0.321439465
vn -0.787343628 0.526086193 -0.321439465
vn -0.820065548 0.473465065 -0.321439465
vn -0.849275821 0.418816487 -0.321439465
vn -0.874849365 0.362374472 -0.321439465
vn -0.896676670 0.304380715 -0.321439465
vn -0.914664268 0.245083552 -0.321439465
vn -0.928735133 0.184736904 -0.321439465
vn -0.938829011 0.123599184 -0.321439465
vn -0.944902679 0.061932194 -0.321439465
vn -0.946930129 0.000000000 -0.321439465
vn -0.944902679 -0.061932194 -0.321439465
vn -0.938829011 -0.123599184 -0.321439465
vn -0.928735133 -0.184736904 -0.321439465
vn -0.914664268 -0.245083552 -0.321439465
vn -0.896676670 -0.304380715 -0.321439465
vn -0.874849365 -0.362374472 -0.321439465
vn -0.849275821 -0.418816487 -0.321439465
vn -0.820065548 -0.473465065 -0.321439465
vn -0.787343628 -0.526086193 -0.321439465
vn -0.751250181 -0.576454539 -0.321439465
vn -0.711939766 -0.624354418 -0.321439465
vn -0.669580716 -0.669580716 -0.321439465
vn -0.624354418 -0.711939766 -0.321439465
vn -0.576454539 -0.751250181 -0.321439465
vn -0.526086193 -0.787343628 -0.321439465
vn -0.473465065 -0.820065548 -0.321439465
vn -0.418816487 -0.849275821 -0.321439465
vn -0.362374472 -0.874849365 -0.321439465
vn -0.304380715 -0.896676670 -0.321439465
vn -0.245083552 -0.914664268 -0.321439465
vn -0.184736904 -0.928735133 -0.321439465
vn -0.123599184 -0.938829011 -0.321439465
vn -0.061932194 -0.944902679 -0.321439465
vn -0.000000000 -0.946930129 -0.321439465
vn 0.061932194 -0.944902679 -0.321439465
vn 0.123599184 -0.938829011 -0.321439465
vn 0.184736904 -0.928735133 -0.321439465
vn 0.245083552 -0.914664268 -0.321439465
vn 0.304380715 -0.896676670 -0.321439465
vn 0.362374472 -0.874849365 -0.321439465
vn 0.418816487 -0.849275821 -0.321439465
vn 0.473465065 -0.820065548 -0.321439465
vn 0.526086193 -0.787343628 -0.321439465
vn 0.576454539 -0.751250181 -0.321439465
vn 0.624354418 -0.711939766 -0.321439465
vn 0.669580716 -0.669580716 -0.321439465
vn 0.711939766 -0.624354418 -0.321439465
vn 0.751250181 -0.576454539 -0.321439465
vn 0.787343628 -0.526086193 -0.321439465
vn 0.820065548 -0.473465065 -0.321439465
vn 0.849275821 -0.418816487 -0.321439465
vn 0.874849365 -0.362374472 -0.321439465
vn 0.896676670 -0.304380715 -0.321439465
vn 0.914664268 -0.245083552 -0.321439465
vn 0.928735133 -0.184736904 -0.321439465
vn 0.938829011 -0.123599184 -0.321439465
vn 0.944902679 -0.061932194 -0.321439465
vn 0.946930129 -0.000000000 -0.321439465
vn 0.923879533 0.000000000 -0.382683432
vn 0.921901436 0.060424612 -0.382683432
vn 0.915975615 0.120590477 -0.382683432
vn 0.906127446 0.180239956 -0.382683432
vn 0.892399101 0.239117618 -0.382683432
vn 0.874849365 0.296971343 -0.382683432
vn 0.853553391 0.353553391 -0.382683432
vn 0.828602369 0.408621468 -0.382683432
vn 0.800103145 0.461939766 -0.382683432
vn 0.768177757 0.513279967 -0.382683432
vn 0.732962913 0.562422224 -0.382683432
vn 0.694609410 0.609156103 -0.382683432
vn 0.653281482 0.653281482 -0.382683432
vn 0.609156103 0.694609410 -0.382683432
vn 0.562422224 0.732962913 -0.382683432
vn 0.513279967 0.768177757 -0.382683432
vn 0.461939766 0.800103145 -0.382683432
vn 0.408621468 0.828602369 -0.382683432
vn 0.353553391 0.853553391 -0.382683432
vn 0.296971343 0.874849365 -0.382683432
vn 0.239117618 0.892399101 -0.382683432
vn 0.180239956 0.906127446 -0.382683432
vn 0.120590477 0.915975615 -0.382683432
vn 0.060424612 0.921901436 -0.382683432
vn 0.000000000 0.923879533 -0.382683432
vn -0.060424612 0.921901436 -0.382683432
vn -0.120590477 0.915975615 -0.382683432
vn -0.180239956 0.906127446 -0.382683432
vn -0.239117618 0.892399101 -0.382683432
vn -0.296971343 0.874849365 -0.382683432
vn -0.353553391 0.853553391 -0.382683432
vn -0.408621468 0.828602369 -0.382683432
vn -0.461939766 0.800103145 -0.382683432
vn -0.513279967 0.768177757 -0.382683432
vn -0.562422224 0.732962913 -0.382683432
vn -0.609156103 0.694609410 -0.382683432
vn -0.653281482 0.653281482 -0.382683432
vn -0.694609410 0.609156103 -0.382683432
vn -0.732962913 0.562422224 -0.382683432
vn -0.768177757 0.513279967 -0.382683432
vn -0.800103145 0.461939766 -0.382683432
vn -0.828602369 0.408621468 -0.382683432
vn -0.853553391 0.353553391 -0.382683432
vn -0.874849365 0.296971343 -0.382683432
vn -0.892399101 0.239117618 -0.382683432
vn -0.906127446 0.180239956 -0.382683432
vn -0.915975615 0.120590477 -0.382683432
vn -0.921901436 0.060424612 -0.382683432
vn -0.923879533 0.000000000 -0.382683432
vn -0.921901436 -0.060424612 -0.382683432
vn -0.915975615 -0.120590477 -0.382683432
vn -0.906127446 -0.180239956 -0.382683432
vn -0.892399101 -0.239117618 -0.382683432
vn -0.874849365 -0.296971343 -0.382683432
vn -0.853553391 -0.353553391 -0.382683432
vn -0.828602369 -0.408621468 -0.382683432
vn -0.800103145 -0.461939766 -0.382683432
vn -0.768177757 -0.513279967 -0.382683432
vn -0.732962913 -0.562422224 -0.382683432
vn -0.694609410 -0.609156103 -0.382683432
vn -0.653281482 -0.653281482 -0.382683432
vn -0.609156103 -0.694609410 -0.382683432
vn -0.562422224 -0.732962913 -0.382683432
vn -0.513279967 -0.768177757 -0.382683432
vn -0.461939766 -0.800103145 -0.382683432
vn -0.408621468 -0.828602369 -0.382683432
vn -0.353553391 -0.853553391 -0.382683432
vn -0.296971343 -0.874849365 -0.382683432
vn -0.239117618 -0.892399101 -0.382683432
vn -0.180239956 -0.906127446 -0.382683432
vn -0.120590477 -0.915975615 -0.382683432
vn -0.060424612 -0.921901436 -0.382683432
vn -0.000000000 -0.923879533 -0.382683432
vn 0.060424612 -0.921901436 -0.382683432
vn 0.120590477 -0.915975615 -0.382683432
vn 0.180239956 -0.906127446 -0.382683432
vn 0.239117618 -0.892399101 -0.382683432
vn 0.296971343 -0.874849365 -0.382683432
vn 0.353553391 -0.853553391 -0.382683432
vn 0.408621468 -0.828602369 -0.382683432
vn 0.461939766 -0.800103145 -0.382683432
vn 0.513279967 -0.768177757 -0.382683432
vn 0.562422224 -0.732962913 -0.382683432
vn 0.609156103 -0.694609410 -0.382683432
vn 0.653281482 -0.653281482 -0.382683432
vn 0.694609410 -0.609156103 -0.382683432
vn 0.732962913 -0.562422224 -0.382683432
vn 0.768177757 -0.513279967 -0.382683432
vn 0.800103145 -0.461939766 -0.382683432
vn 0.828602369 -0.408621468 -0.382683432
vn 0.853553391 -0.353553391 -0.382683432
vn 0.874849365 -0.296971343 -0.382683432
vn 0.892399101 -0.239117618 -0.382683432
vn 0.906127446 -0.180239956 -0.382683432
vn 0.915975615 -0.120590477 -0.382683432
vn 0.921901436 -0.060424612 -0.382683432
vn 0.923879533 -0.000000000 -0.382683432
vn 0.896872742 0.000000000 -0.442288690
vn 0.894952468 0.058658284 -0.442288690
vn 0.889199871 0.117065384 -0.442288690
vn 0.879639583 0.174971192 -0.442288690
vn 0.866312544 0.232127747 -0.442288690
vn 0.849275821 0.288290294 -0.442288690
vn 0.828602369 0.343218339 -0.442288690
vn 0.804380715 0.396676670 -0.442288690
vn 0.776714578 0.448436371 -0.442288690
vn 0.745722431 0.498275798 -0.442288690
vn 0.711536985 0.545981532 -0.442288690
vn 0.674304629 0.591349289 -0.442288690
vn 0.634184797 0.634184797 -0.442288690
vn 0.591349289 0.674304629 -0.442288690
vn 0.545981532 0.711536985 -0.442288690
vn 0.498275798 0.745722431 -0.442288690
vn 0.448436371 0.776714578 -0.442288690
vn 0.396676670 0.804380715 -0.442288690
vn 0.343218339 0.828602369 -0.442288690
vn 0.288290294 0.849275821 -0.442288690
vn 0.232127747 0.866312544 -0.442288690
vn 0.174971192 0.879639583 -0.442288690
vn 0.117065384 0.889199871 -0.442288690
vn 0.058658284 0.894952468 -0.442288690
vn 0.000000000 0.896872742 -0.442288690
vn -0.058658284 0.894952468 -0.442288690
vn -0.117065384 0.889199871 -0.442288690
vn -0.174971192 0.879639583 -0.442288690
vn -0.232127747 0.866312544 -0.442288690
vn -0.288290294 0.849275821 -0.442288690
vn -0.343218339 0.828602369 -0.442288690
vn -0.396676670 0.804380715 -0.442288690
vn -0.448436371 0.776714578 -0.442288690
vn -0.498275798 0.745722431 -0.442288690
vn -0.545981532 0.711536985 -0.442288690
vn -0.591349289 0.674304629 -0.442288690
vn -0.634184797 0.634184797 -0.442288690
vn -0.674304629 0.591349289 -0.442288690
vn -0.711536985 0.545981532 -0.442288690
vn -0.745722431 0.498275798 -0.442288690
vn -0.776714578 0.448436371 -0.442288690
vn -0.804380715 0.396676670 -0.442288690
vn -0.828602369 0.343218339 -0.442288690
vn -0.849275821 0.288290294 -0.442288690
vn -0.866312544 0.232127747 -0.442288690
vn -0.879639583 0.174971192 -0.442288690
vn -0.889199871 0.117065384 -0.442288690
vn -0.894952468 0.058658284 -0.442288690
vn -0.896872742 0.000000000 -0.442288690
vn -0.894952468 -0.058658284 -0.442288690
vn -0.889199871 -0.117065384 -0.442288690
vn -0.879639583 -0.174971192 -0.442288690
vn -0.866312544 -0.232127747 -0.442288690
vn -0.849275821 -0.288290294 -0.442288690
vn -0.828602369 -0.343218339 -0.442288690
vn -0.804380715 -0.396676670 -0.442288690
vn -0.776714578 -0.448436371 -0.442288690
vn -0.745722431 -0.498275798 -0.442288690
vn -0.711536985 -0.545981532 -0.442288690
vn -0.674304629 -0.591349289 -0.442288690
vn -0.634184797 -0.634184797 -0.442288690
vn -0.591349289 -0.674304629 -0.442288690
vn -0.545981532 -0.711536985 -0.442288690
vn -0.498275798 -0.745722431 -0.442288690
vn -0.448436371 -0.776714578 -0.442288690
vn -0.396676670 -0.804380715 -0.442288690
vn -0.343218339 -0.828602369 -0.442288690
vn -0.288290294 -0.849275821 -0.442288690
vn -0.232127747 -0.866312544 -0.442288690
vn -0.174971192 -0.879639583 -0.442288690
vn -0.117065384 -0.889199871 -0.442288690
vn -0.058658284 -0.894952468 -0.442288690
vn -0.000000000 -0.896872742 -0.442288690
vn 0.058658284 -0.894952468 -0.442288690
vn 0.117065384 -0.889199871 -0.442288690
vn 0.174971192 -0.879639583 -0.442288690
vn 0.232127747 -0.866312544 -0.442288690
vn 0.288290294 -0.849275821 -0.442288690
vn 0.343218339 -0.828602369 -0.442288690
vn 0.396676670 -0.804380715 -0.442288690
vn 0.448436371 -0.776714578 -0.442288690
vn 0.498275798 -0.745722431 -0.442288690
vn 0.545981532 -0.711536985 -0.442288690
vn 0.591349289 -0.674304629 -0.442288690
vn 0.634184797 -0.634184797 -0.442288690
vn 0.674304629 -0.591349289 -0.442288690
vn 0.711536985 -0.545981532 -0.442288690
vn 0.745722431 -0.498275798 -0.442288690
vn 0.776714578 -0.448436371 -0.442288690
vn 0.804380715 -0.396676670 -0.442288690
vn 0.828602369 -0.343218339 -0.442288690
vn 0.849275821 -0.288290294 -0.442288690
vn 0.866312544 -0.232127747 -0.442288690
vn 0.879639583 -0.174971192 -0.442288690
vn 0.889199871 -0.117065384 -0.442288690
vn 0.894952468 -0.058658284 -0.442288690
vn 0.896872742 -0.000000000 -0.442288690
vn 0.866025404 0.000000000 -0.500000000
vn 0.864171177 0.056640771 -0.500000000
vn 0.858616436 0.113038998 -0.500000000
vn 0.849384968 0.168953175 -0.500000000
vn 0.836516304 0.224143868 -0.500000000
vn 0.820065548 0.278374743 -0.500000000
vn 0.800103145 0.331413574 -0.500000000
vn 0.776714578 0.383033242 -0.500000000
vn 0.750000000 0.433012702 -0.500000000
vn 0.720073807 0.481137935 -0.500000000
vn 0.687064147 0.527202862 -0.500000000
vn 0.651112373 0.571010226 -0.500000000
vn 0.612372436 0.612372436 -0.500000000
vn 0.571010226 0.651112373 -0.500000000
vn 0.527202862 0.687064147 -0.500000000
vn 0.481137935 0.720073807 -0.500000000
vn 0.433012702 0.750000000 -0.500000000
vn 0.383033242 0.776714578 -0.500000000
vn 0.331413574 0.800103145 -0.500000000
vn 0.278374743 0.820065548 -0.500000000
vn 0.224143868 0.836516304 -0.500000000
vn 0.168953175 0.849384968 -0.500000000
vn 0.113038998 0.858616436 -0.500000000
vn 0.056640771 0.864171177 -0.500000000
vn 0.000000000 0.866025404 -0.500000000
vn -0.056640771 0.864171177 -0.500000000
vn -0.113038998 0.858616436 -0.500000000
vn -0.168953175 0.849384968 -0.500000000
vn -0.224143868 0.836516304 -0.500000000
vn -0.278374743 0.820065548 -0.500000000
vn -0.331413574 0.800103145 -0.500000000
vn -0.383033242 0.776714578 -0.500000000
vn -0.433012702 0.750000000 -0.500000000
vn -0.481137935 0.720073807 -0.500000000
vn -0.527202862 0.687064147 -0.500000000
vn -0.571010226 0.651112373 -0.500000000
vn -0.612372436 0.612372436 -0.500000000
vn -0.651112373 0.571010226 -0.500000000
vn -0.687064147 0.527202862 -0.500000000
vn -0.720073807 0.481137935 -0.500000000
vn -0.750000000 0.433012702 -0.500000000
vn -0.776714578 0.383033242 -0.500000000
vn -0.800103145 0.331413574 -0.500000000
vn -0.820065548 0.278374743 -0.500000000
vn -0.836516304 0.224143868 -0.500000000
vn -0.849384968 0.168953175 -0.500000000
vn -0.858616436 0.113038998 -0.500000000
vn -0.864171177 0.056640771 -0.500000000
vn -0.866025404 0.000000000 -0.500000000
vn -0.864171177 -0.056640771 -0.500000000
vn -0.858616436 -0.113038998 -0.500000000
vn -0.849384968 -0.168953175 -0.500000000
vn -0.836516304 -0.224143868 -0.500000000
vn -0.820065548 -0.278374743 -0.500000000
vn -0.800103145 -0.331413574 -0.500000000
vn -0.776714578 -0.383033242 -0.500000000
vn -0.750000000 -0.433012702 -0.500000000
vn -0.720073807 -0.481137935 -0.500000000
vn -0.687064147 -0.527202862 -0.500000000
vn -0.651112373 -0.571010226 -0.500000000
vn -0.612372436 -0.612372436 -0.500000000
vn -0.571010226 -0.651112373 -0.500000000
vn -0.527202862 -0.687064147 -0.500000000
vn -0.481137935 -0.720073807 -0.500000000
vn -0.433012702 -0.750000000 -0.500000000
vn -0.383033242 -0.776714578 -0.500000000
vn -0.331413574 -0.800103145 -0.500000000
vn -0.278374743 -0.820065548 -0.500000000
vn -0.224143868 -0.836516304 -0.500000000
vn -0.168953175 -0.849384968 -0.500000000
vn -0.113038998 -0.858616436 -0.500000000
vn -0.056640771 -0.864171177 -0.500000000
vn -0.000000000 -0.866025404 -0.500000000
vn 0.056640771 -0.864171177 -0.500000000
vn 0.113038998 -0.858616436 -0.500000000
vn 0.168953175 -0.849384968 -0.500000000
vn 0.224143868 -0.836516304 -0.500000000
vn 0.278374743 -0.820065548 -0.500000000
vn 0.331413574 -0.800103145 -0.500000000
vn 0.383033242 -0.776714578 -0.500000000
vn 0.433012702 -0.750000000 -0.500000000
vn 0.481137935 -0.720073807 -0.500000000
vn 0.527202862 -0.687064147 -0.500000000
vn 0.571010226 -0.651112373 -0.500000000
vn 0.612372436 -0.612372436 -0.500000000
vn 0.651112373 -0.571010226 -0.500000000
vn 0.687064147 -0.527202862 -0.500000000
vn 0.720073807 -0.481137935 -0.500000000
vn 0.750000000 -0.433012702 -0.500000000
vn 0.776714578 -0.383033242 -0.500000000
vn 0.800103145 -0.331413574 -0.500000000
vn 0.820065548 -0.278374743 -0.500000000
vn 0.836516304 -0.224143868 -0.500000000
vn 0.849384968 -0.168953175 -0.500000000
vn 0.858616436 -0.113038998 -0.500000000
vn 0.864171177 -0.056640771 -0.500000000
vn 0.866025404 -0.000000000 -0.500000000
vn 0.831469612 0.000000000 -0.555570233
vn 0.829689372 0.054380715 -0.555570233
vn 0.824356275 0.108528562 -0.555570233
vn 0.815493157 0.162211674 -0.555570233
vn 0.803137972 0.215200171 -0.555570233
vn 0.787343628 0.267267148 -0.555570233
vn 0.768177757 0.318189645 -0.555570233
vn 0.745722431 0.367749606 -0.555570233
vn 0.720073807 0.415734806 -0.555570233
vn 0.691341716 0.461939766 -0.555570233
vn 0.659649194 0.506166629 -0.555570233
vn 0.625131953 0.548226009 -0.555570233
vn 0.587937801 0.587937801 -0.555570233
vn 0.548226009 0.625131953 -0.555570233
vn 0.506166629 0.659649194 -0.555570233
vn 0.461939766 0.691341716 -0.555570233
vn 0.415734806 0.720073807 -0.555570233
vn 0.367749606 0.745722431 -0.555570233
vn 0.318189645 0.768177757 -0.555570233
vn 0.267267148 0.787343628 -0.555570233
vn 0.215200171 0.803137972 -0.555570233
vn 0.162211674 0.815493157 -0.555570233
vn 0.108528562 0.824356275 -0.555570233
vn 0.054380715 0.829689372 -0.555570233
vn 0.000000000 0.831469612 -0.555570233
vn -0.054380715 0.829689372 -0.555570233
vn -0.108528562 0.824356275 -0.555570233
vn -0.162211674 0.815493157 -0.555570233
vn -0.215200171 0.803137972 -0.555570233
vn -0.267267148 0.787343628 -0.555570233
vn -0.318189645 0.768177757 -0.555570233
vn -0.367749606 0.745722431 -0.555570233
vn -0.415734806 0.720073807 -0.555570233
vn -0.461939766 0.691341716 -0.555570233
vn -0.506166629 0.659649194 -0.555570233
vn -0.548226009 0.625131953 -0.555570233
vn -0.587937801 0.587937801 -0.555570233
vn -0.625131953 0.548226009 -0.555570233
vn -0.659649194 0.506166629 -0.555570233
vn -0.691341716 0.461939766 -0.555570233
vn -0.720073807 0.415734806 -0.555570233
vn -0.745722431 0.367749606 -0.555570233
vn -0.768177757 0.318189645 -0.555570233
vn -0.787343628 0.267267148 -0.555570233
vn -0.803137972 0.215200171 -0.555570233
vn -0.815493157 0.162211674 -0.555570233
vn -0.824356275 0.108528562 -0.555570233
vn -0.829689372 0.054380715 -0.555570233
vn -0.831469612 0.000000000 -0.555570233
vn -0.829689372 -0.054380715 -0.555570233
vn -0.824356275 -0.108528562 -0.555570233
vn -0.815493157 -0.162211674 -0.555570233
vn -0.803137972 -0.215200171 -0.555570233
vn -0.787343628 -0.267267148 -0.555570233
vn -0.768177757 -0.318189645 -0.555570233
vn -0.745722431 -0.367749606 -0.555570233
vn -0.720073807 -0.415734806 -0.555570233
vn -0.691341716 -0.461939766 -0.555570233
vn -0.659649194 -0.506166629 -0.555570233
vn -0.625131953 -0.548226009 -0.555570233
vn -0.587937801 -0.587937801 -0.555570233
vn -0.548226009 -0.625131953 -0.555570233
vn -0.506166629 -0.659649194 -0.555570233
vn -0.461939766 -0.691341716 -0.555570233
vn -0.415734806 -0.720073807 -0.555570233
vn -0.367749606 -0.745722431 -0.555570233
vn -0.318189645 -0.768177757 -0.555570233
vn -0.267267148 -0.787343628 -0.555570233
vn -0.215200171 -0.803137972 -0.555570233
vn -0.162211674 -0.815493157 -0.555570233
vn -0.108528562 -0.824356275 -0.555570233
vn -0.054380715 -0.829689372 -0.555570233
vn -0.000000000 -0.831469612 -0.555570233
vn 0.054380715 -0.829689372 -0.555570233
vn 0.108528562 -0.824356275 -0.555570233
vn 0.162211674 -0.815493157 -0.555570233
vn 0.215200171 -0.803137972 -0.555570233
vn 0.267267148 -0.787343628 -0.555570233
vn 0.318189645 -0.768177757 -0.555570233
vn 0.367749606 -0.745722431 -0.555570233
vn 0.415734806 -0.720073807 -0.555570233
vn 0.461939766 -0.691341716 -0.555570233
vn 0.506166629 -0.659649194 -0.555570233
vn 0.548226009 -0.625131953 -0.555570233
vn 0.587937801 -0.587937801 -0.555570233
vn 0.625131953 -0.548226009 -0.555570233
vn 0.659649194 -0.506166629 -0.555570233
vn 0.691341716 -0.461939766 -0.555570233
vn 0.720073807 -0.415734806 -0.555570233
vn 0.745722431 -0.367749606 -0.555570233
vn 0.768177757 -0.318189645 -0.555570233
vn 0.787343628 -0.267267148 -0.555570233
vn 0.803137972 -0.215200171 -0.555570233
vn 0.815493157 -0.162211674 -0.555570233
vn 0.824356275 -0.108528562 -0.555570233
vn 0.829689372 -0.054380715 -0.555570233
vn 0.831469612 -0.000000000 -0.555570233
vn 0.793353340 0.000000000 -0.608761429
vn 0.791654710 0.051887791 -0.608761429
vn 0.786566092 0.103553391 -0.608761429
vn 0.778109278 0.154775559 -0.608761429
vn 0.766320481 0.205334954 -0.608761429
vn 0.751250181 0.255015073 -0.608761429
vn 0.732962913 0.303603179 -0.608761429
vn 0.711536985 0.350891210 -0.608761429
vn 0.687064147 0.396676670 -0.608761429
vn 0.659649194 0.440763500 -0.608761429
vn 0.629409523 0.482962913 -0.608761429
vn 0.596474623 0.523094205 -0.608761429
vn 0.560985527 0.560985527 -0.608761429
vn 0.523094205 0.596474623 -0.608761429
vn 0.482962913 0.629409523 -0.608761429
vn 0.440763500 0.659649194 -0.608761429
vn 0.396676670 0.687064147 -0.608761429
vn 0.350891210 0.711536985 -0.608761429
vn 0.303603179 0.732962913 -0.608761429
vn 0.255015073 0.751250181 -0.608761429
vn 0.205334954 0.766320481 -0.608761429
vn 0.154775559 0.778109278 -0.608761429
vn 0.103553391 0.786566092 -0.608761429
vn 0.051887791 0.791654710 -0.608761429
vn 0.000000000 0.793353340 -0.608761429
vn -0.051887791 0.791654710 -0.608761429
vn -0.103553391 0.786566092 -0.608761429
vn -0.154775559 0.778109278 -0.608761429
vn -0.205334954 0.766320481 -0.608761429
vn -0.255015073 0.751250181 -0.608761429
vn -0.303603179 0.732962913 -0.608761429
vn -0.350891210 0.711536985 -0.608761429
vn -0.396676670 0.687064147 -0.608761429
vn -0.440763500 0.659649194 -0.608761429
vn -0.482962913 0.629409523 -0.608761429
vn -0.523094205 0.596474623 -0.608761429
vn -0.560985527 0.560985527 -0.608761429
vn -0.596474623 0.523094205 -0.608761429
vn -0.629409523 0.482962913 -0.608761429
vn -0.659649194 0.440763500 -0.608761429
vn -0.687064147 0.396676670 -0.608761429
vn -0.711536985 0.350891210 -0.608761429
vn -0.732962913 0.303603179 -0.608761429
vn -0.751250181 0.255015073 -0.608761429
vn -0.766320481 0.205334954 -0.608761429
vn -0.778109278 0.154775559 -0.608761429
vn -0.786566092 0.103553391 -0.608761429
vn -0.791654710 0.051887791 -0.608761429
vn -0.793353340 0.000000000 -0.608761429
vn -0.791654710 -0.051887791 -0.608761429
vn -0.786566092 -0.103553391 -0.608761429
vn -0.778109278 -0.154775559 -0.608761429
vn -0.766320481 -0.205334954 -0.608761429
vn -0.751250181 -0.255015073 -0.608761429
vn -0.732962913 -0.303603179 -0.608761429
vn -0.711536985 -0.350891210 -0.608761429
vn -0.687064147 -0.396676670 -0.608761429
vn -0.659649194 -0.440763500 -0.608761429
vn -0.629409523 -0.482962913 -0.608761429
vn -0.596474623 -0.523094205 -0.608761429
vn -0.560985527 -0.560985527 -0.608761429
vn -0.523094205 -0.596474623 -0.608761429
vn -0.482962913 -0.629409523 -0.608761429
vn -0.440763500 -0.659649194 -0.608761429
vn -0.396676670 -0.687064147 -0.608761429
vn -0.350891210 -0.711536985 -0.608761429
vn -0.303603179 -0.732962913 -0.608761429
vn -0.255015073 -0.751250181 -0.608761429
vn -0.205334954 -0.766320481 -0.608761429
vn -0.154775559 -0.778109278 -0.608761429
vn -0.103553391 -0.786566092 -0.608761429
vn -0.051887791 -0.791654710 -0.608761429
vn -0.000000000 -0.793353340 -0.608761429
vn 0.051887791 -0.791654710 -0.608761429
vn 0.103553391 -0.786566092 -0.608761429
vn 0.154775559 -0.778109278 -0.608761429
vn 0.205334954 -0.766320481 -0.608761429
vn 0.255015073 -0.751250181 -0.608761429
vn 0.303603179 -0.732962913 -0.608761429
vn 0.350891210 -0.711536985 -0.608761429
vn 0.396676670 -0.687064147 -0.608761429
vn 0.440763500 -0.659649194 -0.608761429
vn 0.482962913 -0.629409523 -0.608761429
vn 0.523094205 -0.596474623 -0.608761429
vn 0.560985527 -0.560985527 -0.608761429
vn 0.596474623 -0.523094205 -0.608761429
vn 0.629409523 -0.482962913 -0.608761429
vn 0.659649194 -0.440763500 -0.608761429
vn 0.687064147 -0.396676670 -0.608761429
vn 0.711536985 -0.350891210 -0.608761429
vn 0.732962913 -0.303603179 -0.608761429
vn 0.751250181 -0.255015073 -0.608761429
vn 0.766320481 -0.205334954 -0.608761429
vn 0.778109278 -0.154775559 -0.608761429
vn 0.786566092 -0.103553391 -0.608761429
vn 0.791654710 -0.051887791 -0.608761429
vn 0.793353340 -0.000000000 -0.608761429
vn 0.751839807 0.000000000 -0.659345815
vn 0.750230061 0.049172676 -0.659345815
vn 0.745407714 0.098134787 -0.659345815
vn 0.737393416 0.146676670 -0.659345815
vn 0.726221487 0.194590461 -0.659345815
vn 0.711939766 0.241670986 -0.659345815
vn 0.694609410 0.287716638 -0.659345815
vn 0.674304629 0.332530244 -0.659345815
vn 0.651112373 0.375919904 -0.659345815
vn 0.625131953 0.417699817 -0.659345815
vn 0.596474623 0.457691076 -0.659345815
vn 0.565263096 0.495722431 -0.659345815
vn 0.531631026 0.531631026 -0.659345815
vn 0.495722431 0.565263096 -0.659345815
vn 0.457691076 0.596474623 -0.659345815
vn 0.417699817 0.625131953 -0.659345815
vn 0.375919904 0.651112373 -0.659345815
vn 0.332530244 0.674304629 -0.659345815
vn 0.287716638 0.694609410 -0.659345815
vn 0.241670986 0.711939766 -0.659345815
vn 0.194590461 0.726221487 -0.659345815
vn 0.146676670 0.737393416 -0.659345815
vn 0.098134787 0.745407714 -0.659345815
vn 0.049172676 0.750230061 -0.659345815
vn 0.000000000 0.751839807 -0.659345815
vn -0.049172676 0.750230061 -0.659345815
vn -0.098134787 0.745407714 -0.659345815
vn -0.146676670 0.737393416 -0.659345815
vn -0.194590461 0.726221487 -0.659345815
vn -0.241670986 0.711939766 -0.659345815
vn -0.287716638 0.694609410 -0.659345815
vn -0.332530244 0.674304629 -0.659345815
vn -0.375919904 0.651112373 -0.659345815
vn -0.417699817 0.625131953 -0.659345815
vn -0.457691076 0.596474623 -0.659345815
vn -0.495722431 0.565263096 -0.659345815
vn -0.531631026 0.531631026 -0.659345815
vn -0.565263096 0.495722431 -0.659345815
vn -0.596474623 0.457691076 -0.659345815
vn -0.625131953 0.417699817 -0.659345815
vn -0.651112373 0.375919904 -0.659345815
vn -0.674304629 0.332530244 -0.659345815
vn -0.694609410 0.287716638 -0.659345815
vn -0.711939766 0.241670986 -0.659345815
vn -0.726221487 0.194590461 -0.659345815
vn -0.737393416 0.146676670 -0.659345815
vn -0.745407714 0.098134787 -0.659345815
vn -0.750230061 0.049172676 -0.659345815
vn -0.751839807 0.000000000 -0.659345815
vn -0.750230061 -0.049172676 -0.659345815
vn -0.745407714 -0.098134787 -0.659345815
vn -0.737393416 -0.146676670 -0.659345815
vn -0.726221487 -0.194590461 -0.659345815
vn -0.711939766 -0.241670986 -0.659345815
vn -0.694609410 -0.287716638 -0.659345815
vn -0.674304629 -0.332530244 -0.659345815
vn -0.651112373 -0.375919904 -0.659345815
vn -0.625131953 -0.417699817 -0.659345815
vn -0.596474623 -0.457691076 -0.659345815
vn -0.565263096 -0.495722431 -0.659345815
vn -0.531631026 -0.531631026 -0.659345815
vn -0.495722431 -0.565263096 -0.659345815
vn -0.457691076 -0.596474623 -0.659345815
vn -0.417699817 -0.625131953 -0.659345815
vn -0.375919904 -0.651112373 -0.659345815
vn -0.332530244 -0.674304629 -0.659345815
vn -0.287716638 -0.694609410 -0.659345815
vn -0.241670986 -0.711939766 -0.659345815
vn -0.194590461 -0.726221487 -0.659345815
vn -0.146676670 -0.737393416 -0.659345815
vn -0.098134787 -0.745407714 -0.659345815
vn -0.049172676 -0.750230061 -0.659345815
vn -0.000000000 -0.751839807 -0.659345815
vn 0.049172676 -0.750230061 -0.659345815
vn 0.098134787 -0.745407714 -0.659345815
vn 0.146676670 -0.737393416 -0.659345815
vn 0.194590461 -0.726221487 -0.659345815
vn 0.241670986 -0.711939766 -0.659345815
vn 0.287716638 -0.694609410 -0.659345815
vn 0.332530244 -0.674304629 -0.659345815
vn 0.375919904 -0.651112373 -0.659345815
vn 0.417699817 -0.625131953 -0.659345815
vn 0.457691076 -0.596474623 -0.659345815
vn 0.495722431 -0.565263096 -0.659345815
vn 0.531631026 -0.531631026 -0.659345815
vn 0.565263096 -0.495722431 -0.659345815
vn 0.596474623 -0.457691076 -0.659345815
vn 0.625131953 -0.417699817 -0.659345815
vn 0.651112373 -0.375919904 -0.659345815
vn 0.674304629 -0.332530244 -0.659345815
vn 0.694609410 -0.287716638 -0.659345815
vn 0.711939766 -0.241670986 -0.659345815
vn 0.726221487 -0.194590461 -0.659345815
vn 0.737393416 -0.146676670 -0.659345815
vn 0.745407714 -0.098134787 -0.659345815
vn 0.750230061 -0.049172676 -0.659345815
vn 0.751839807 -0.000000000 -0.659345815
vn 0.707106781 0.000000000 -0.707106781
vn 0.705592811 0.046246996 -0.707106781
vn 0.701057385 0.092295956 -0.707106781
vn 0.693519923 0.137949690 -0.707106781
vn 0.683012702 0.183012702 -0.707106781
vn 0.669580716 0.227292026 -0.707106781
vn 0.653281482 0.270598050 -0.707106781
vn 0.634184797 0.312745332 -0.707106781
vn 0.612372436 0.353553391 -0.707106781
vn 0.587937801 0.392847479 -0.707106781
vn 0.560985527 0.430459335 -0.707106781
vn 0.531631026 0.466227897 -0.707106781
vn 0.500000000 0.500000000 -0.707106781
vn 0.466227897 0.531631026 -0.707106781
vn 0.430459335 0.560985527 -0.707106781
vn 0.392847479 0.587937801 -0.707106781
vn 0.353553391 0.612372436 -0.707106781
vn 0.312745332 0.634184797 -0.707106781
vn 0.270598050 0.653281482 -0.707106781
vn 0.227292026 0.669580716 -0.707106781
vn 0.183012702 0.683012702 -0.707106781
vn 0.137949690 0.693519923 -0.707106781
vn 0.092295956 0.701057385 -0.707106781
vn 0.046246996 0.705592811 -0.707106781
vn 0.000000000 0.707106781 -0.707106781
vn -0.046246996 0.705592811 -0.707106781
vn -0.092295956 0.701057385 -0.707106781
vn -0.137949690 0.693519923 -0.707106781
vn -0.183012702 0.683012702 -0.707106781
vn -0.227292026 0.669580716 -0.707106781
vn -0.270598050 0.653281482 -0.707106781
vn -0.312745332 0.634184797 -0.707106781
vn -0.353553391 0.612372436 -0.707106781
vn -0.392847479 0.587937801 -0.707106781
vn -0.430459335 0.560985527 -0.707106781
vn -0.466227897 0.531631026 -0.707106781
vn -0.500000000 0.500000000 -0.707106781
vn -0.531631026 0.466227897 -0.707106781
vn -0.560985527 0.430459335 -0.707106781
vn -0.587937801 0.392847479 -0.707106781
vn -0.612372436 0.353553391 -0.707106781
vn -0.634184797 0.312745332 -0.707106781
vn -0.653281482 0.270598050 -0.707106781
vn -0.669580716 0.227292026 -0.707106781
vn -0.683012702 0.183012702 -0.707106781
vn -0.693519923 0.137949690 -0.707106781
vn -0.701057385 0.092295956 -0.707106781
vn -0.705592811 0.046246996 -0.707106781
vn -0.707106781 0.000000000 -0.707106781
vn -0.705592811 -0.046246996 -0.707106781
vn -0.701057385 -0.092295956 -0.707106781
vn -0.693519923 -0.137949690 -0.707106781
vn -0.683012702 -0.183012702 -0.707106781
vn -0.669580716 -0.227292026 -0.707106781
vn -0.653281482 -0.270598050 -0.707106781
vn -0.634184797 -0.312745332 -0.707106781
vn -0.612372436 -0.353553391 -0.707106781
vn -0.587937801 -0.392847479 -0.707106781
vn -0.560985527 -0.430459335 -0.707106781
vn -0.531631026 -0.466227897 -0.707106781
vn -0.500000000 -0.500000000 -0.707106781
vn -0.466227897 -0.531631026 -0.707106781
vn -0.430459335 -0.560985527 -0.707106781
vn -0.392847479 -0.587937801 -0.707106781
vn -0.353553391 -0.612372436 -0.707106781
vn -0.312745332 -0.634184797 -0.707106781
vn -0.270598050 -0.653281482 -0.707106781
vn -0.227292026 -0.669580716 -0.707106781
vn -0.183012702 -0.683012702 -0.707106781
vn -0.137949690 -0.693519923 -0.707106781
vn -0.092295956 -0.701057385 -0.707106781
vn -0.046246996 -0.705592811 -0.707106781
vn -0.000000000 -0.707106781 -0.707106781
vn 0.046246996 -0.705592811 -0.707106781
vn 0.092295956 -0.701057385 -0.707106781
vn 0.137949690 -0.693519923 -0.707106781
vn 0.183012702 -0.683012702 -0.707106781
vn 0.227292026 -0.669580716 -0.707106781
vn 0.270598050 -0.653281482 -0.707106781
vn 0.312745332 -0.634184797 -0.707106781
vn 0.353553391 -0.612372436 -0.707106781
vn 0.392847479 -0.587937801 -0.707106781
vn 0.430459335 -0.560985527 -0.707106781
vn 0.466227897 -0.531631026 -0.707106781
vn 0.500000000 -0.500000000 -0.707106781
vn 0.531631026 -0.466227897 -0.707106781
vn 0.560985527 -0.430459335 -0.707106781
vn 0.587937801 -0.392847479 -0.707106781
vn 0.612372436 -0.353553391 -0.707106781
vn 0.634184797 -0.312745332 -0.707106781
vn 0.653281482 -0.270598050 -0.707106781
vn 0.669580716 -0.227292026 -0.707106781
vn 0.683012702 -0.183012702 -0.707106781
vn 0.693519923 -0.137949690 -0.707106781
vn 0.701057385 -0.092295956 -0.707106781
vn 0.705592811 -0.046246996 -0.707106781
vn 0.707106781 -0.000000000 -0.707106781
vn 0.659345815 0.000000000 -0.751839807
vn 0.657934105 0.043123280 -0.751839807
vn 0.653705020 0.086061899 -0.751839807
vn 0.646676670 0.128631987 -0.751839807
vn 0.636879151 0.170651254 -0.751839807
vn 0.624354418 0.211939766 -0.751839807
vn 0.609156103 0.252320720 -0.751839807
vn 0.591349289 0.291621197 -0.751839807
vn 0.571010226 0.329672908 -0.751839807
vn 0.548226009 0.366312908 -0.751839807
vn 0.523094205 0.401384301 -0.751839807
vn 0.495722431 0.434736904 -0.751839807
vn 0.466227897 0.466227897 -0.751839807
vn 0.434736904 0.495722431 -0.751839807
vn 0.401384301 0.523094205 -0.751839807
vn 0.366312908 0.548226009 -0.751839807
vn 0.329672908 0.571010226 -0.751839807
vn 0.291621197 0.591349289 -0.751839807
vn 0.252320720 0.609156103 -0.751839807
vn 0.211939766 0.624354418 -0.751839807
vn 0.170651254 0.636879151 -0.751839807
vn 0.128631987 0.646676670 -0.751839807
vn 0.086061899 0.653705020 -0.751839807
vn 0.043123280 0.657934105 -0.751839807
vn 0.000000000 0.659345815 -0.751839807
vn -0.043123280 0.657934105 -0.751839807
vn -0.086061899 0.653705020 -0.751839807
vn -0.128631987 0.646676670 -0.751839807
vn -0.170651254 0.636879151 -0.751839807
vn -0.211939766 0.624354418 -0.751839807
vn -0.252320720 0.609156103 -0.751839807
vn -0.291621197 0.591349289 -0.751839807
vn -0.329672908 0.571010226 -0.751839807
vn -0.366312908 0.548226009 -0.751839807
vn -0.401384301 0.523094205 -0.751839807
vn -0.434736904 0.495722431 -0.751839807
vn -0.466227897 0.466227897 -0.751839807
vn -0.495722431 0.434736904 -0.751839807
vn -0.523094205 0.401384301 -0.751839807
vn -0.548226009 0.366312908 -0.751839807
vn -0.571010226 0.329672908 -0.751839807
vn -0.591349289 0.291621197 -0.751839807
vn -0.609156103 0.252320720 -0.751839807
vn -0.624354418 0.211939766 -0.751839807
vn -0.636879151 0.170651254 -0.751839807
vn -0.646676670 0.128631987 -0.751839807
vn -0.653705020 0.086061899 -0.751839807
vn -0.657934105 0.043123280 -0.751839807
vn -0.659345815 0.000000000 -0.751839807
vn -0.657934105 -0.043123280 -0.751839807
vn -0.653705020 -0.086061899 -0.751839807
vn -0.646676670 -0.128631987 -0.751839807
vn -0.636879151 -0.170651254 -0.751839807
vn -0.624354418 -0.211939766 -0.751839807
vn -0.609156103 -0.252320720 -0.751839807
vn -0.591349289 -0.291621197 -0.751839807
vn -0.571010226 -0.329672908 -0.751839807
vn -0.548226009 -0.366312908 -0.751839807
vn -0.523094205 -0.401384301 -0.751839807
vn -0.495722431 -0.434736904 -0.751839807
vn -0.466227897 -0.466227897 -0.751839807
vn -0.434736904 -0.495722431 -0.751839807
vn -0.401384301 -0.523094205 -0.751839807
vn -0.366312908 -0.548226009 -0.751839807
vn -0.329672908 -0.571010226 -0.751839807
vn -0.291621197 -0.591349289 -0.751839807
vn -0.252320720 -0.609156103 -0.751839807
vn -0.211939766 -0.624354418 -0.751839807
vn -0.170651254 -0.636879151 -0.751839807
vn -0.128631987 -0.646676670 -0.751839807
vn -0.086061899 -0.653705020 -0.751839807
vn -0.043123280 -0.657934105 -0.751839807
vn -0.000000000 -0.659345815 -0.751839807
vn 0.043123280 -0.657934105 -0.751839807
vn 0.086061899 -0.653705020 -0.751839807
vn 0.128631987 -0.646676670 -0.751839807
vn 0.170651254 -0.636879151 -0.751839807
vn 0.211939766 -0.624354418 -0.751839807
vn 0.252320720 -0.609156103 -0.751839807
vn 0.291621197 -0.591349289 -0.751839807
vn 0.329672908 -0.571010226 -0.751839807
vn 0.366312908 -0.548226009 -0.751839807
vn 0.401384301 -0.523094205 -0.751839807
vn 0.434736904 -0.495722431 -0.751839807
vn 0.466227897 -0.466227897 -0.751839807
vn 0.495722431 -0.434736904 -0.751839807
vn 0.523094205 -0.401384301 -0.751839807
vn 0.548226009 -0.366312908 -0.751839807
vn 0.571010226 -0.329672908 -0.751839807
vn 0.591349289 -0.291621197 -0.751839807
vn 0.609156103 -0.252320720 -0.751839807
vn 0.624354418 -0.211939766 -0.751839807
vn 0.636879151 -0.170651254 -0.751839807
vn 0.646676670 -0.128631987 -0.751839807
vn 0.653705020 -0.086061899 -0.751839807
vn 0.657934105 -0.043123280 -0.751839807
vn 0.659345815 -0.000000000 -0.751839807
vn 0.608761429 0.000000000 -0.793353340
vn 0.607458024 0.039814902 -0.793353340
vn 0.603553391 0.079459311 -0.793353340
vn 0.597064249 0.118763463 -0.793353340
vn 0.588018386 0.157559052 -0.793353340
vn 0.576454539 0.195679948 -0.793353340
vn 0.562422224 0.232962913 -0.793353340
vn 0.545981532 0.269248295 -0.793353340
vn 0.527202862 0.304380715 -0.793353340
vn 0.506166629 0.338209729 -0.793353340
vn 0.482962913 0.370590477 -0.793353340
vn 0.457691076 0.401384301 -0.793353340
vn 0.430459335 0.430459335 -0.793353340
vn 0.401384301 0.457691076 -0.793353340
vn 0.370590477 0.482962913 -0.793353340
vn 0.338209729 0.506166629 -0.793353340
vn 0.304380715 0.527202862 -0.793353340
vn 0.269248295 0.545981532 -0.793353340
vn 0.232962913 0.562422224 -0.793353340
vn 0.195679948 0.576454539 -0.793353340
vn 0.157559052 0.588018386 -0.793353340
vn 0.118763463 0.597064249 -0.793353340
vn 0.079459311 0.603553391 -0.793353340
vn 0.039814902 0.607458024 -0.793353340
vn 0.000000000 0.608761429 -0.793353340
vn -0.039814902 0.607458024 -0.793353340
vn -0.079459311 0.603553391 -0.793353340
vn -0.118763463 0.597064249 -0.793353340
vn -0.157559052 0.588018386 -0.793353340
vn -0.195679948 0.576454539 -0.793353340
vn -0.232962913 0.562422224 -0.793353340
vn -0.269248295 0.545981532 -0.793353340
vn -0.304380715 0.527202862 -0.793353340
vn -0.338209729 0.506166629 -0.793353340
vn -0.370590477 0.482962913 -0.793353340
vn -0.401384301 0.457691076 -0.793353340
vn -0.430459335 0.430459335 -0.793353340
vn -0.457691076 0.401384301 -0.793353340
vn -0.482962913 0.370590477 -0.793353340
vn -0.506166629 0.338209729 -0.793353340
vn -0.527202862 0.304380715 -0.793353340
vn -0.545981532 0.269248295 -0.793353340
vn -0.562422224 0.232962913 -0.793353340
vn -0.576454539 0.195679948 -0.793353340
vn -0.588018386 0.157559052 -0.793353340
vn -0.597064249 0.118763463 -0.793353340
vn -0.603553391 0.079459311 -0.793353340
vn -0.607458024 0.039814902 -0.793353340
vn -0.608761429 0.000000000 -0.793353340
vn -0.607458024 -0.039814902 -0.793353340
vn -0.603553391 -0.079459311 -0.793353340
vn -0.597064249 -0.118763463 -0.793353340
vn -0.588018386 -0.157559052 -0.793353340
vn -0.576454539 -0.195679948 -0.793353340
vn -0.562422224 -0.232962913 -0.793353340
vn -0.545981532 -0.269248295 -0.793353340
vn -0.527202862 -0.304380715 -0.793353340
vn -0.506166629 -0.338209729 -0.793353340
vn -0.482962913 -0.370590477 -0.793353340
vn -0.457691076 -0.401384301 -0.793353340
vn -0.430459335 -0.430459335 -0.793353340
vn -0.401384301 -0.457691076 -0.793353340
vn -0.370590477 -0.482962913 -0.793353340
vn -0.338209729 -0.506166629 -0.793353340
vn -0.304380715 -0.527202862 -0.793353340
vn -0.269248295 -0.545981532 -0.793353340
vn -0.232962913 -0.562422224 -0.793353340
vn -0.195679948 -0.576454539 -0.793353340
vn -0.157559052 -0.588018386 -0.793353340
vn -0.118763463 -0.597064249 -0.793353340
vn -0.079459311 -0.603553391 -0.793353340
vn -0.039814902 -0.607458024 -0.793353340
vn -0.000000000 -0.608761429 -0.793353340
vn 0.039814902 -0.607458024 -0.793353340
vn 0.079459311 -0.603553391 -0.793353340
vn 0.118763463 -0.597064249 -0.793353340
vn 0.157559052 -0.588018386 -0.793353340
vn 0.195679948 -0.576454539 -0.793353340
vn 0.232962913 -0.562422224 -0.793353340
vn 0.269248295 -0.545981532 -0.793353340
vn 0.304380715 -0.527202862 -0.793353340
vn 0.338209729 -0.506166629 -0.793353340
vn 0.370590477 -0.482962913 -0.793353340
vn 0.401384301 -0.457691076 -0.793353340
vn 0.430459335 -0.430459335 -0.793353340
vn 0.457691076 -0.401384301 -0.793353340
vn 0.482962913 -0.370590477 -0.793353340
vn 0.506166629 -0.338209729 -0.793353340
vn 0.527202862 -0.304380715 -0.793353340
vn 0.545981532 -0.269248295 -0.793353340
vn 0.562422224 -0.232962913 -0.793353340
vn 0.576454539 -0.195679948 -0.793353340
vn 0.588018386 -0.157559052 -0.793353340
vn 0.597064249 -0.118763463 -0.793353340
vn 0.603553391 -0.079459311 -0.793353340
vn 0.607458024 -0.039814902 -0.793353340
vn 0.608761429 -0.000000000 -0.793353340
vn 0.555570233 0.000000000 -0.831469612
vn 0.554380715 0.036336032 -0.831469612
vn 0.550817253 0.072516467 -0.831469612
vn 0.544895107 0.108386376 -0.831469612
vn 0.536639636 0.143792157 -0.831469612
vn 0.526086193 0.178582199 -0.831469612
vn 0.513279967 0.212607524 -0.831469612
vn 0.498275798 0.245722431 -0.831469612
vn 0.481137935 0.277785117 -0.831469612
vn 0.461939766 0.308658284 -0.831469612
vn 0.440763500 0.338209729 -0.831469612
vn 0.417699817 0.366312908 -0.831469612
vn 0.392847479 0.392847479 -0.831469612
vn 0.366312908 0.417699817 -0.831469612
vn 0.338209729 0.440763500 -0.831469612
vn 0.308658284 0.461939766 -0.831469612
vn 0.277785117 0.481137935 -0.831469612
vn 0.245722431 0.498275798 -0.831469612
vn 0.212607524 0.513279967 -0.831469612
vn 0.178582199 0.526086193 -0.831469612
vn 0.143792157 0.536639636 -0.831469612
vn 0.108386376 0.544895107 -0.831469612
vn 0.072516467 0.550817253 -0.831469612
vn 0.036336032 0.554380715 -0.831469612
vn 0.000000000 0.555570233 -0.831469612
vn -0.036336032 0.554380715 -0.831469612
vn -0.072516467 0.550817253 -0.831469612
vn -0.108386376 0.544895107 -0.831469612
vn -0.143792157 0.536639636 -0.831469612
vn -0.178582199 0.526086193 -0.831469612
vn -0.212607524 0.513279967 -0.831469612
vn -0.245722431 0.498275798 -0.831469612
vn -0.277785117 0.481137935 -0.831469612
vn -0.308658284 0.461939766 -0.831469612
vn -0.338209729 0.440763500 -0.831469612
vn -0.366312908 0.417699817 -0.831469612
vn -0.392847479 0.392847479 -0.831469612
vn -0.417699817 0.366312908 -0.831469612
vn -0.440763500 0.338209729 -0.831469612
vn -0.461939766 0.308658284 -0.831469612
vn -0.481137935 0.277785117 -0.831469612
vn -0.498275798 0.245722431 -0.831469612
vn -0.513279967 0.212607524 -0.831469612
vn -0.526086193 0.178582199 -0.831469612
vn -0.536639636 0.143792157 -0.831469612
vn -0.544895107 0.108386376 -0.831469612
vn -0.550817253 0.072516467 -0.831469612
vn -0.554380715 0.036336032 -0.831469612
vn -0.555570233 0.000000000 -0.831469612
vn -0.554380715 -0.036336032 -0.831469612
vn -0.550817253 -0.072516467 -0.831469612
vn -0.544895107 -0.108386376 -0.831469612
vn -0.536639636 -0.143792157 -0.831469612
vn -0.526086193 -0.178582199 -0.831469612
vn -0.513279967 -0.212607524 -0.831469612
vn -0.498275798 -0.245722431 -0.831469612
vn -0.481137935 -0.277785117 -0.831469612
vn -0.461939766 -0.308658284 -0.831469612
vn -0.440763500 -0.338209729 -0.831469612
vn -0.417699817 -0.366312908 -0.831469612
vn -0.392847479 -0.392847479 -0.831469612
vn -0.366312908 -0.417699817 -0.831469612
vn -0.338209729 -0.440763500 -0.831469612
vn -0.308658284 -0.461939766 -0.831469612
vn -0.277785117 -0.481137935 -0.831469612
vn -0.245722431 -0.498275798 -0.831469612
vn -0.212607524 -0.513279967 -0.831469612
vn -0.178582199 -0.526086193 -0.831469612
vn -0.143792157 -0.536639636 -0.831469612
vn -0.108386376 -0.544895107 -0.831469612
vn -0.072516467 -0.550817253 -0.831469612
vn -0.036336032 -0.554380715 -0.831469612
vn -0.000000000 -0.555570233 -0.831469612
vn 0.036336032 -0.554380715 -0.831469612
vn 0.072516467 -0.550817253 -0.831469612
vn 0.108386376 -0.544895107 -0.831469612
vn 0.143792157 -0.536639636 -0.831469612
vn 0.178582199 -0.526086193 -0.831469612
vn 0.212607524 -0.513279967 -0.831469612
vn 0.245722431 -0.498275798 -0.831469612
vn 0.277785117 -0.481137935 -0.831469612
vn 0.308658284 -0.461939766 -0.831469612
vn 0.338209729 -0.440763500 -0.831469612
vn 0.366312908 -0.417699817 -0.831469612
vn 0.392847479 -0.392847479 -0.831469612
vn 0.417699817 -0.366312908 -0.831469612
vn 0.440763500 -0.338209729 -0.831469612
vn 0.461939766 -0.308658284 -0.831469612
vn 0.481137935 -0.277785117 -0.831469612
vn 0.498275798 -0.245722431 -0.831469612
vn 0.513279967 -0.212607524 -0.831469612
vn 0.526086193 -0.178582199 -0.831469612
vn 0.536639636 -0.143792157 -0.831469612
vn 0.544895107 -0.108386376 -0.831469612
vn 0.550817253 -0.072516467 -0.831469612
vn 0.554380715 -0.036336032 -0.831469612
vn 0.555570233 -0.000000000 -0.831469612
vn 0.500000000 0.000000000 -0.866025404
vn 0.498929462 0.032701565 -0.866025404
vn 0.495722431 0.065263096 -0.866025404
vn 0.490392640 0.097545161 -0.866025404
vn 0.482962913 0.129409523 -0.866025404
vn 0.473465065 0.160719733 -0.866025404
vn 0.461939766 0.191341716 -0.866025404
vn 0.448436371 0.221144345 -0.866025404
vn 0.433012702 0.250000000 -0.866025404
vn 0.415734806 0.277785117 -0.866025404
vn 0.396676670 0.304380715 -0.866025404
vn 0.375919904 0.329672908 -0.866025404
vn 0.353553391 0.353553391 -0.866025404
vn 0.329672908 0.375919904 -0.866025404
vn 0.304380715 0.396676670 -0.866025404
vn 0.277785117 0.415734806 -0.866025404
vn 0.250000000 0.433012702 -0.866025404
vn 0.221144345 0.448436371 -0.866025404
vn 0.191341716 0.461939766 -0.866025404
vn 0.160719733 0.473465065 -0.866025404
vn 0.129409523 0.482962913 -0.866025404
vn 0.097545161 0.490392640 -0.866025404
vn 0.065263096 0.495722431 -0.866025404
vn 0.032701565 0.498929462 -0.866025404
vn 0.000000000 0.500000000 -0.866025404
vn -0.032701565 0.498929462 -0.866025404
vn -0.065263096 0.495722431 -0.866025404
vn -0.097545161 0.490392640 -0.866025404
vn -0.129409523 0.482962913 -0.866025404
vn -0.160719733 0.473465065 -0.866025404
vn -0.191341716 0.461939766 -0.866025404
vn -0.221144345 0.448436371 -0.866025404
vn -0.250000000 0.433012702 -0.866025404
vn -0.277785117 0.415734806 -0.866025404
vn -0.304380715 0.396676670 -0.866025404
vn -0.329672908 0.375919904 -0.866025404
vn -0.353553391 0.353553391 -0.866025404
vn -0.375919904 0.329672908 -0.866025404
vn -0.396676670 0.304380715 -0.866025404
vn -0.415734806 0.277785117 -0.866025404
vn -0.433012702 0.250000000 -0.866025404
vn -0.448436371 0.221144345 -0.866025404
vn -0.461939766 0.191341716 -0.866025404
vn -0.473465065 0.160719733 -0.866025404
vn -0.482962913 0.129409523 -0.866025404
vn -0.490392640 0.097545161 -0.866025404
vn -0.495722431 0.065263096 -0.866025404
vn -0.498929462 0.032701565 -0.866025404
vn -0.500000000 0.000000000 -0.866025404
vn -0.498929462 -0.032701565 -0.866025404
vn -0.495722431 -0.065263096 -0.866025404
vn -0.490392640 -0.097545161 -0.866025404
vn -0.482962913 -0.129409523 -0.866025404
vn -0.473465065 -0.160719733 -0.866025404
vn -0.461939766 -0.191341716 -0.866025404
vn -0.448436371 -0.221144345 -0.866025404
vn -0.433012702 -0.250000000 -0.866025404
vn -0.415734806 -0.277785117 -0.866025404
vn -0.396676670 -0.304380715 -0.866025404
vn -0.375919904 -0.329672908 -0.866025404
vn -0.353553391 -0.353553391 -0.866025404
vn -0.329672908 -0.375919904 -0.866025404
vn -0.304380715 -0.396676670 -0.866025404
vn -0.277785117 -0.415734806 -0.866025404
vn -0.250000000 -0.433012702 -0.866025404
vn -0.221144345 -0.448436371 -0.866025404
vn -0.191341716 -0.461939766 -0.866025404
vn -0.160719733 -0.473465065 -0.866025404
vn -0.129409523 -0.482962913 -0.866025404
vn -0.097545161 -0.490392640 -0.866025404
vn -0.065263096 -0.495722431 -0.866025404
vn -0.032701565 -0.498929462 -0.866025404
vn -0.000000000 -0.500000000 -0.866025404
vn 0.032701565 -0.498929462 -0.866025404
vn 0.065263096 -0.495722431 -0.866025404
vn 0.097545161 -0.490392640 -0.866025404
vn 0.129409523 -0.482962913 -0.866025404
vn 0.160719733 -0.473465065 -0.866025404
vn 0.191341716 -0.461939766 -0.866025404
vn 0.221144345 -0.448436371 -0.866025404
vn 0.250000000 -0.433012702 -0.866025404
vn 0.277785117 -0.415734806 -0.866025404
vn 0.304380715 -0.396676670 -0.866025404
vn 0.329672908 -0.375919904 -0.866025404
vn 0.353553391 -0.353553391 -0.866025404
vn 0.375919904 -0.329672908 -0.866025404
vn 0.396676670 -0.304380715 -0.866025404
vn 0.415734806 -0.277785117 -0.866025404
vn 0.433012702 -0.250000000 -0.866025404
vn 0.448436371 -0.221144345 -0.866025404
vn 0.461939766 -0.191341716 -0.866025404
vn 0.473465065 -0.160719733 -0.866025404
vn 0.482962913 -0.129409523 -0.866025404
vn 0.490392640 -0.097545161 -0.866025404
vn 0.495722431 -0.065263096 -0.866025404
vn 0.498929462 -0.032701565 -0.866025404
vn 0.500000000 -0.000000000 -0.866025404
vn 0.442288690 0.000000000 -0.896872742
vn 0.441341716 0.028927064 -0.896872742
vn 0.438504849 0.057730259 -0.896872742
vn 0.433790237 0.086286243 -0.896872742
vn 0.427218069 0.114472736 -0.896872742
vn 0.418816487 0.142169040 -0.896872742
vn 0.408621468 0.169256554 -0.896872742
vn 0.396676670 0.195619285 -0.896872742
vn 0.383033242 0.221144345 -0.896872742
vn 0.367749606 0.245722431 -0.896872742
vn 0.350891210 0.269248295 -0.896872742
vn 0.332530244 0.291621197 -0.896872742
vn 0.312745332 0.312745332 -0.896872742
vn 0.291621197 0.332530244 -0.896872742
vn 0.269248295 0.350891210 -0.896872742
vn 0.245722431 0.367749606 -0.896872742
vn 0.221144345 0.383033242 -0.896872742
vn 0.195619285 0.396676670 -0.896872742
vn 0.169256554 0.408621468 -0.896872742
vn 0.142169040 0.418816487 -0.896872742
vn 0.114472736 0.427218069 -0.896872742
vn 0.086286243 0.433790237 -0.896872742
vn 0.057730259 0.438504849 -0.896872742
vn 0.028927064 0.441341716 -0.896872742
vn 0.000000000 0.442288690 -0.896872742
vn -0.028927064 0.441341716 -0.896872742
vn -0.057730259 0.438504849 -0.896872742
vn -0.086286243 0.433790237 -0.896872742
vn -0.114472736 0.427218069 -0.896872742
vn -0.142169040 0.418816487 -0.896872742
vn -0.169256554 0.408621468 -0.896872742
vn -0.195619285 0.396676670 -0.896872742
vn -0.221144345 0.383033242 -0.896872742
vn -0.245722431 0.367749606 -0.896872742
vn -0.269248295 0.350891210 -0.896872742
vn -0.291621197 0.332530244 -0.896872742
vn -0.312745332 0.312745332 -0.896872742
vn -0.332530244 0.291621197 -0.896872742
vn -0.350891210 0.269248295 -0.896872742
vn -0.367749606 0.245722431 -0.896872742
vn -0.383033242 0.221144345 -0.896872742
vn -0.396676670 0.195619285 -0.896872742
vn -0.408621468 0.169256554 -0.896872742
vn -0.418816487 0.142169040 -0.896872742
vn -0.427218069 0.114472736 -0.896872742
vn -0.433790237 0.086286243 -0.896872742
vn -0.438504849 0.057730259 -0.896872742
vn -0.441341716 0.028927064 -0.896872742
vn -0.442288690 0.000000000 -0.896872742
vn -0.441341716 -0.028927064 -0.896872742
vn -0.438504849 -0.057730259 -0.896872742
vn -0.433790237 -0.086286243 -0.896872742
vn -0.427218069 -0.114472736 -0.896872742
vn -0.418816487 -0.142169040 -0.896872742
vn -0.408621468 -0.169256554 -0.896872742
vn -0.396676670 -0.195619285 -0.896872742
vn -0.383033242 -0.221144345 -0.896872742
vn -0.367749606 -0.245722431 -0.896872742
vn -0.350891210 -0.269248295 -0.896872742
vn -0.332530244 -0.291621197 -0.896872742
vn -0.312745332 -0.312745332 -0.896872742
vn -0.291621197 -0.332530244 -0.896872742
vn -0.269248295 -0.350891210 -0.896872742
vn -0.245722431 -0.367749606 -0.896872742
vn -0.221144345 -0.383033242 -0.896872742
vn -0.195619285 -0.396676670 -0.896872742
vn -0.169256554 -0.408621468 -0.896872742
vn -0.142169040 -0.418816487 -0.896872742
vn -0.114472736 -0.427218069 -0.896872742
vn -0.086286243 -0.433790237 -0.896872742
vn -0.057730259 -0.438504849 -0.896872742
vn -0.028927064 -0.441341716 -0.896872742
vn -0.000000000 -0.442288690 -0.896872742
vn 0.028927064 -0.441341716 -0.896872742
vn 0.057730259 -0.438504849 -0.896872742
vn 0.086286243 -0.433790237 -0.896872742
vn 0.114472736 -0.427218069 -0.896872742
vn 0.142169040 -0.418816487 -0.896872742
vn 0.169256554 -0.408621468 -0.896872742
vn 0.195619285 -0.396676670 -0.896872742
vn 0.221144345 -0.383033242 -0.896872742
vn 0.245722431 -0.367749606 -0.896872742
vn 0.269248295 -0.350891210 -0.896872742
vn 0.291621197 -0.332530244 -0.896872742
vn 0.312745332 -0.312745332 -0.896872742
vn 0.332530244 -0.291621197 -0.896872742
vn 0.350891210 -0.269248295 -0.896872742
vn 0.367749606 -0.245722431 -0.896872742
vn 0.383033242 -0.221144345 -0.896872742
vn 0.396676670 -0.195619285 -0.896872742
vn 0.408621468 -0.169256554 -0.896872742
vn 0.418816487 -0.142169040 -0.896872742
vn 0.427218069 -0.114472736 -0.896872742
vn 0.433790237 -0.086286243 -0.896872742
vn 0.438504849 -0.057730259 -0.896872742
vn 0.441341716 -0.028927064 -0.896872742
vn 0.442288690 -0.000000000 -0.896872742
vn 0.382683432 0.000000000 -0.923879533
vn 0.381864078 0.025028694 -0.923879533
vn 0.379409523 0.049950211 -0.923879533
vn 0.375330278 0.074657834 -0.923879533
vn 0.369643811 0.099045761 -0.923879533
vn 0.362374472 0.123009558 -0.923879533
vn 0.353553391 0.146446609 -0.923879533
vn 0.343218339 0.169256554 -0.923879533
vn 0.331413574 0.191341716 -0.923879533
vn 0.318189645 0.212607524 -0.923879533
vn 0.303603179 0.232962913 -0.923879533
vn 0.287716638 0.252320720 -0.923879533
vn 0.270598050 0.270598050 -0.923879533
vn 0.252320720 0.287716638 -0.923879533
vn 0.232962913 0.303603179 -0.923879533
vn 0.212607524 0.318189645 -0.923879533
vn 0.191341716 0.331413574 -0.923879533
vn 0.169256554 0.343218339 -0.923879533
vn 0.146446609 0.353553391 -0.923879533
vn 0.123009558 0.362374472 -0.923879533
vn 0.099045761 0.369643811 -0.923879533
vn 0.074657834 0.375330278 -0.923879533
vn 0.049950211 0.379409523 -0.923879533
vn 0.025028694 0.381864078 -0.923879533
vn 0.000000000 0.382683432 -0.923879533
vn -0.025028694 0.381864078 -0.923879533
vn -0.049950211 0.379409523 -0.923879533
vn -0.074657834 0.375330278 -0.923879533
vn -0.099045761 0.369643811 -0.923879533
vn -0.123009558 0.362374472 -0.923879533
vn -0.146446609 0.353553391 -0.923879533
vn -0.169256554 0.343218339 -0.923879533
vn -0.191341716 0.331413574 -0.923879533
vn -0.212607524 0.318189645 -0.923879533
vn -0.232962913 0.303603179 -0.923879533
vn -0.252320720 0.287716638 -0.923879533
vn -0.270598050 0.270598050 -0.923879533
vn -0.287716638 0.252320720 -0.923879533
vn -0.303603179 0.232962913 -0.923879533
vn -0.318189645 0.212607524 -0.923879533
vn -0.331413574 0.191341716 -0.923879533
vn -0.343218339 0.169256554 -0.923879533
vn -0.353553391 0.146446609 -0.923879533
vn -0.362374472 0.123009558 -0.923879533
vn -0.369643811 0.099045761 -0.923879533
vn -0.375330278 0.074657834 -0.923879533
vn -0.379409523 0.049950211 -0.923879533
vn -0.381864078 0.025028694 -0.923879533
vn -0.382683432 0.000000000 -0.923879533
vn -0.381864078 -0.025028694 -0.923879533
vn -0.379409523 -0.049950211 -0.923879533
vn -0.375330278 -0.074657834 -0.923879533
vn -0.369643811 -0.099045761 -0.923879533
vn -0.362374472 -0.123009558 -0.923879533
vn -0.353553391 -0.146446609 -0.923879533
vn -0.343218339 -0.169256554 -0.923879533
vn -0.331413574 -0.191341716 -0.923879533
vn -0.318189645 -0.212607524 -0.923879533
vn -0.303603179 -0.232962913 -0.923879533
vn -0.287716638 -0.252320720 -0.923879533
vn -0.270598050 -0.270598050 -0.923879533
vn -0.252320720 -0.287716638 -0.923879533
vn -0.232962913 -0.303603179 -0.923879533
vn -0.212607524 -0.318189645 -0.923879533
vn -0.191341716 -0.331413574 -0.923879533
vn -0.169256554 -0.343218339 -0.923879533
vn -0.146446609 -0.353553391 -0.923879533
vn -0.123009558 -0.362374472 -0.923879533
vn -0.099045761 -0.369643811 -0.923879533
vn -0.074657834 -0.375330278 -0.923879533
vn -0.049950211 -0.379409523 -0.923879533
vn -0.025028694 -0.381864078 -0.923879533
vn -0.000000000 -0.382683432 -0.923879533
vn 0.025028694 -0.381864078 -0.923879533
vn 0.049950211 -0.379409523 -0.923879533
vn 0.074657834 -0.375330278 -0.923879533
vn 0.099045761 -0.369643811 -0.923879533
vn 0.123009558 -0.362374472 -0.923879533
vn 0.146446609 -0.353553391 -0.923879533
vn 0.169256554 -0.343218339 -0.923879533
vn 0.191341716 -0.331413574 -0.923879533
vn 0.212607524 -0.318189645 -0.923879533
vn 0.232962913 -0.303603179 -0.923879533
vn 0.252320720 -0.287716638 -0.923879533
vn 0.270598050 -0.270598050 -0.923879533
vn 0.287716638 -0.252320720 -0.923879533
vn 0.303603179 -0.232962913 -0.923879533
vn 0.318189645 -0.212607524 -0.923879533
vn 0.331413574 -0.191341716 -0.923879533
vn 0.343218339 -0.169256554 -0.923879533
vn 0.353553391 -0.146446609 -0.923879533
vn 0.362374472 -0.123009558 -0.923879533
vn 0.369643811 -0.099045761 -0.923879533
vn 0.375330278 -0.074657834 -0.923879533
vn 0.379409523 -0.049950211 -0.923879533
vn 0.381864078 -0.025028694 -0.923879533
vn 0.382683432 -0.000000000 -0.923879533
vn 0.321439465 0.000000000 -0.946930129
vn 0.320751239 0.021023147 -0.946930129
vn 0.318689506 0.041956269 -0.946930129
vn 0.315263096 0.062709729 -0.946930129
vn 0.310486681 0.083194655 -0.946930129
vn 0.304380715 0.103323330 -0.946930129
vn 0.296971343 0.123009558 -0.946930129
vn 0.288290294 0.142169040 -0.946930129
vn 0.278374743 0.160719733 -0.946930129
vn 0.267267148 0.178582199 -0.946930129
vn 0.255015073 0.195679948 -0.946930129
vn 0.241670986 0.211939766 -0.946930129
vn 0.227292026 0.227292026 -0.946930129
vn 0.211939766 0.241670986 -0.946930129
vn 0.195679948 0.255015073 -0.946930129
vn 0.178582199 0.267267148 -0.946930129
vn 0.160719733 0.278374743 -0.946930129
vn 0.142169040 0.288290294 -0.946930129
vn 0.123009558 0.296971343 -0.946930129
vn 0.103323330 0.304380715 -0.946930129
vn 0.083194655 0.310486681 -0.946930129
vn 0.062709729 0.315263096 -0.946930129
vn 0.041956269 0.318689506 -0.946930129
vn 0.021023147 0.320751239 -0.946930129
vn 0.000000000 0.321439465 -0.946930129
vn -0.021023147 0.320751239 -0.946930129
vn -0.041956269 0.318689506 -0.946930129
vn -0.062709729 0.315263096 -0.946930129
vn -0.083194655 0.310486681 -0.946930129
vn -0.103323330 0.304380715 -0.946930129
vn -0.123009558 0.296971343 -0.946930129
vn -0.142169040 0.288290294 -0.946930129
vn -0.160719733 0.278374743 -0.946930129
vn -0.178582199 0.267267148 -0.946930129
vn -0.195679948 0.255015073 -0.946930129
vn -0.211939766 0.241670986 -0.946930129
vn -0.227292026 0.227292026 -0.946930129
vn -0.241670986 0.211939766 -0.946930129
vn -0.255015073 0.195679948 -0.946930129
vn -0.267267148 0.178582199 -0.946930129
vn -0.278374743 0.160719733 -0.946930129
vn -0.288290294 0.142169040 -0.946930129
vn -0.296971343 0.123009558 -0.946930129
vn -0.304380715 0.103323330 -0.946930129
vn -0.310486681 0.083194655 -0.946930129
vn -0.315263096 0.062709729 -0.946930129
vn -0.318689506 0.041956269 -0.946930129
vn -0.320751239 0.021023147 -0.946930129
vn -0.321439465 0.000000000 -0.946930129
vn -0.320751239 -0.021023147 -0.946930129
vn -0.318689506 -0.041956269 -0.946930129
vn -0.315263096 -0.062709729 -0.946930129
vn -0.310486681 -0.083194655 -0.946930129
vn -0.304380715 -0.103323330 -0.946930129
vn -0.296971343 -0.123009558 -0.946930129
vn -0.288290294 -0.142169040 -0.946930129
vn -0.278374743 -0.160719733 -0.946930129
vn -0.267267148 -0.178582199 -0.946930129
vn -0.255015073 -0.195679948 -0.946930129
vn -0.241670986 -0.211939766 -0.946930129
vn -0.227292026 -0.227292026 -0.946930129
vn -0.211939766 -0.241670986 -0.946930129
vn -0.195679948 -0.255015073 -0.946930129
vn -0.178582199 -0.267267148 -0.946930129
vn -0.160719733 -0.278374743 -0.946930129
vn -0.142169040 -0.288290294 -0.946930129
vn -0.123009558 -0.296971343 -0.946930129
vn -0.103323330 -0.304380715 -0.946930129
vn -0.083194655 -0.310486681 -0.946930129
vn -0.062709729 -0.315263096 -0.946930129
vn -0.041956269 -0.318689506 -0.946930129
vn -0.021023147 -0.320751239 -0.946930129
vn -0.000000000 -0.321439465 -0.946930129
vn 0.021023147 -0.320751239 -0.946930129
vn 0.041956269 -0.318689506 -0.946930129
vn 0.062709729 -0.315263096 -0.946930129
vn 0.083194655 -0.310486681 -0.946930129
vn 0.103323330 -0.304380715 -0.946930129
vn 0.123009558 -0.296971343 -0.946930129
vn 0.142169040 -0.288290294 -0.946930129
vn 0.160719733 -0.278374743 -0.946930129
vn 0.178582199 -0.267267148 -0.946930129
vn 0.195679948 -0.255015073 -0.946930129
vn 0.211939766 -0.241670986 -0.946930129
vn 0.227292026 -0.227292026 -0.946930129
vn 0.241670986 -0.211939766 -0.946930129
vn 0.255015073 -0.195679948 -0.946930129
vn 0.267267148 -0.178582199 -0.946930129
vn 0.278374743 -0.160719733 -0.946930129
vn 0.288290294 -0.142169040 -0.946930129
vn 0.296971343 -0.123009558 -0.946930129
vn 0.304380715 -0.103323330 -0.946930129
vn 0.310486681 -0.083194655 -0.946930129
vn 0.315263096 -0.062709729 -0.946930129
vn 0.318689506 -0.041956269 -0.946930129
vn 0.320751239 -0.021023147 -0.946930129
vn 0.321439465 -0.000000000 -0.946930129
vn 0.258819045 0.000000000 -0.965925826
vn 0.258264894 0.016927575 -0.965925826
vn 0.256604812 0.033782664 -0.965925826
vn 0.253845910 0.050493091 -0.965925826
vn 0.250000000 0.066987298 -0.965925826
vn 0.245083552 0.083194655 -0.965925826
vn 0.239117618 0.099045761 -0.965925826
vn 0.232127747 0.114472736 -0.965925826
vn 0.224143868 0.129409523 -0.965925826
vn 0.215200171 0.143792157 -0.965925826
vn 0.205334954 0.157559052 -0.965925826
vn 0.194590461 0.170651254 -0.965925826
vn 0.183012702 0.183012702 -0.965925826
vn 0.170651254 0.194590461 -0.965925826
vn 0.157559052 0.205334954 -0.965925826
vn 0.143792157 0.215200171 -0.965925826
vn 0.129409523 0.224143868 -0.965925826
vn 0.114472736 0.232127747 -0.965925826
vn 0.099045761 0.239117618 -0.965925826
vn 0.083194655 0.245083552 -0.965925826
vn 0.066987298 0.250000000 -0.965925826
vn 0.050493091 0.253845910 -0.965925826
vn 0.033782664 0.256604812 -0.965925826
vn 0.016927575 0.258264894 -0.965925826
vn 0.000000000 0.258819045 -0.965925826
vn -0.016927575 0.258264894 -0.965925826
vn -0.033782664 0.256604812 -0.965925826
vn -0.050493091 0.253845910 -0.965925826
vn -0.066987298 0.250000000 -0.965925826
vn -0.083194655 0.245083552 -0.965925826
vn -0.099045761 0.239117618 -0.965925826
vn -0.114472736 0.232127747 -0.965925826
vn -0.129409523 0.224143868 -0.965925826
vn -0.143792157 0.215200171 -0.965925826
vn -0.157559052 0.205334954 -0.965925826
vn -0.170651254 0.194590461 -0.965925826
vn -0.183012702 0.183012702 -0.965925826
vn -0.194590461 0.170651254 -0.965925826
vn -0.205334954 0.157559052 -0.965925826
vn -0.215200171 0.143792157 -0.965925826
vn -0.224143868 0.129409523 -0.965925826
vn -0.232127747 0.114472736 -0.965925826
vn -0.239117618 0.099045761 -0.965925826
vn -0.245083552 0.083194655 -0.965925826
vn -0.250000000 0.066987298 -0.965925826
vn -0.253845910 0.050493091 -0.965925826
vn -0.256604812 0.033782664 -0.965925826
vn -0.258264894 0.016927575 -0.965925826
vn -0.258819045 0.000000000 -0.965925826
vn -0.258264894 -0.016927575 -0.965925826
vn -0.256604812 -0.033782664 -0.965925826
vn -0.253845910 -0.050493091 -0.965925826
vn -0.250000000 -0.066987298 -0.965925826
vn -0.245083552 -0.083194655 -0.965925826
vn -0.239117618 -0.099045761 -0.965925826
vn -0.232127747 -0.114472736 -0.965925826
vn -0.224143868 -0.129409523 -0.965925826
vn -0.215200171 -0.143792157 -0.965925826
vn -0.205334954 -0.157559052 -0.965925826
vn -0.194590461 -0.170651254 -0.965925826
vn -0.183012702 -0.183012702 -0.965925826
vn -0.170651254 -0.194590461 -0.965925826
vn -0.157559052 -0.205334954 -0.965925826
vn -0.143792157 -0.215200171 -0.965925826
vn -0.129409523 -0.224143868 -0.965925826
vn -0.114472736 -0.232127747 -0.965925826
vn -0.099045761 -0.239117618 -0.965925826
vn -0.083194655 -0.245083552 -0.965925826
vn -0.066987298 -0.250000000 -0.965925826
vn -0.050493091 -0.253845910 -0.965925826
vn -0.033782664 -0.256604812 -0.965925826
vn -0.016927575 -0.258264894 -0.965925826
vn -0.000000000 -0.258819045 -0.965925826
vn 0.016927575 -0.258264894 -0.965925826
vn 0.033782664 -0.256604812 -0.965925826
vn 0.050493091 -0.253845910 -0.965925826
vn 0.066987298 -0.250000000 -0.965925826
vn 0.083194655 -0.245083552 -0.965925826
vn 0.099045761 -0.239117618 -0.965925826
vn 0.114472736 -0.232127747 -0.965925826
vn 0.129409523 -0.224143868 -0.965925826
vn 0.143792157 -0.215200171 -0.965925826
vn 0.157559052 -0.205334954 -0.965925826
vn 0.170651254 -0.194590461 -0.965925826
vn 0.183012702 -0.183012702 -0.965925826
vn 0.194590461 -0.170651254 -0.965925826
vn 0.205334954 -0.157559052 -0.965925826
vn 0.215200171 -0.143792157 -0.965925826
vn 0.224143868 -0.129409523 -0.965925826
vn 0.232127747 -0.114472736 -0.965925826
vn 0.239117618 -0.099045761 -0.965925826
vn 0.245083552 -0.083194655 -0.965925826
vn 0.250000000 -0.066987298 -0.965925826
vn 0.253845910 -0.050493091 -0.965925826
vn 0.256604812 -0.033782664 -0.965925826
vn 0.258264894 -0.016927575 -0.965925826
vn 0.258819045 -0.000000000 -0.965925826
vn 0.195090322 0.000000000 -0.980785280
vn 0.194672619 0.012759518 -0.980785280
vn 0.193421297 0.025464397 -0.980785280
vn 0.191341716 0.038060234 -0.980785280
vn 0.188442780 0.050493091 -0.980785280
vn 0.184736904 0.062709729 -0.980785280
vn 0.180239956 0.074657834 -0.980785280
vn 0.174971192 0.086286243 -0.980785280
vn 0.168953175 0.097545161 -0.980785280
vn 0.162211674 0.108386376 -0.980785280
vn 0.154775559 0.118763463 -0.980785280
vn 0.146676670 0.128631987 -0.980785280
vn 0.137949690 0.137949690 -0.980785280
vn 0.128631987 0.146676670 -0.980785280
vn 0.118763463 0.154775559 -0.980785280
vn 0.108386376 0.162211674 -0.980785280
vn 0.097545161 0.168953175 -0.980785280
vn 0.086286243 0.174971192 -0.980785280
vn 0.074657834 0.180239956 -0.980785280
vn 0.062709729 0.184736904 -0.980785280
vn 0.050493091 0.188442780 -0.980785280
vn 0.038060234 0.191341716 -0.980785280
vn 0.025464397 0.193421297 -0.980785280
vn 0.012759518 0.194672619 -0.980785280
vn 0.000000000 0.195090322 -0.980785280
vn -0.012759518 0.194672619 -0.980785280
vn -0.025464397 0.193421297 -0.980785280
vn -0.038060234 0.191341716 -0.980785280
vn -0.050493091 0.188442780 -0.980785280
vn -0.062709729 0.184736904 -0.980785280
vn -0.074657834 0.180239956 -0.980785280
vn -0.086286243 0.174971192 -0.980785280
vn -0.097545161 0.168953175 -0.980785280
vn -0.108386376 0.162211674 -0.980785280
vn -0.118763463 0.154775559 -0.980785280
vn -0.128631987 0.146676670 -0.980785280
vn -0.137949690 0.137949690 -0.980785280
vn -0.146676670 0.128631987 -0.980785280
vn -0.154775559 0.118763463 -0.980785280
vn -0.162211674 0.108386376 -0.980785280
vn -0.168953175 0.097545161 -0.980785280
vn -0.174971192 0.086286243 -0.980785280
vn -0.180239956 0.074657834 -0.980785280
vn -0.184736904 0.062709729 -0.980785280
vn -0.188442780 0.050493091 -0.980785280
vn -0.191341716 0.038060234 -0.980785280
vn -0.193421297 0.025464397 -0.980785280
vn -0.194672619 0.012759518 -0.980785280
vn -0.195090322 0.000000000 -0.980785280
vn -0.194672619 -0.012759518 -0.980785280
vn -0.193421297 -0.025464397 -0.980785280
vn -0.191341716 -0.038060234 -0.980785280
vn -0.188442780 -0.050493091 -0.980785280
vn -0.184736904 -0.062709729 -0.980785280
vn -0.180239956 -0.074657834 -0.980785280
vn -0.174971192 -0.086286243 -0.980785280
vn -0.168953175 -0.097545161 -0.980785280
vn -0.162211674 -0.108386376 -0.980785280
vn -0.154775559 -0.118763463 -0.980785280
vn -0.146676670 -0.128631987 -0.980785280
vn -0.137949690 -0.137949690 -0.980785280
vn -0.128631987 -0.146676670 -0.980785280
vn -0.118763463 -0.154775559 -0.980785280
vn -0.108386376 -0.162211674 -0.980785280
vn -0.097545161 -0.168953175 -0.980785280
vn -0.086286243 -0.174971192 -0.980785280
vn -0.074657834 -0.180239956 -0.980785280
vn -0.062709729 -0.184736904 -0.980785280
vn -0.050493091 -0.188442780 -0.980785280
vn -0.038060234 -0.191341716 -0.980785280
vn -0.025464397 -0.193421297 -0.980785280
vn -0.012759518 -0.194672619 -0.980785280
vn -0.000000000 -0.195090322 -0.980785280
vn 0.012759518 -0.194672619 -0.980785280
vn 0.025464397 -0.193421297 -0.980785280
vn 0.038060234 -0.191341716 -0.980785280
vn 0.050493091 -0.188442780 -0.980785280
vn 0.062709729 -0.184736904 -0.980785280
vn 0.074657834 -0.180239956 -0.980785280
vn 0.086286243 -0.174971192 -0.980785280
vn 0.097545161 -0.168953175 -0.980785280
vn 0.108386376 -0.162211674 -0.980785280
vn 0.118763463 -0.154775559 -0.980785280
vn 0.128631987 -0.146676670 -0.980785280
vn 0.137949690 -0.137949690 -0.980785280
vn 0.146676670 -0.128631987 -0.980785280
vn 0.154775559 -0.118763463 -0.980785280
vn 0.162211674 -0.108386376 -0.980785280
vn 0.168953175 -0.097545161 -0.980785280
vn 0.174971192 -0.086286243 -0.980785280
vn 0.180239956 -0.074657834 -0.980785280
vn 0.184736904 -0.062709729 -0.980785280
vn 0.188442780 -0.050493091 -0.980785280
vn 0.191341716 -0.038060234 -0.980785280
vn 0.193421297 -0.025464397 -0.980785280
vn 0.194672619 -0.012759518 -0.980785280
vn 0.195090322 -0.000000000 -0.980785280
vn 0.130526192 0.000000000 -0.991444861
vn 0.130246726 0.008536821 -0.991444861
vn 0.129409523 0.017037087 -0.991444861
vn 0.128018168 0.025464397 -0.991444861
vn 0.126078620 0.033782664 -0.991444861
vn 0.123599184 0.041956269 -0.991444861
vn 0.120590477 0.049950211 -0.991444861
vn 0.117065384 0.057730259 -0.991444861
vn 0.113038998 0.065263096 -0.991444861
vn 0.108528562 0.072516467 -0.991444861
vn 0.103553391 0.079459311 -0.991444861
vn 0.098134787 0.086061899 -0.991444861
vn 0.092295956 0.092295956 -0.991444861
vn 0.086061899 0.098134787 -0.991444861
vn 0.079459311 0.103553391 -0.991444861
vn 0.072516467 0.108528562 -0.991444861
vn 0.065263096 0.113038998 -0.991444861
vn 0.057730259 0.117065384 -0.991444861
vn 0.049950211 0.120590477 -0.991444861
vn 0.041956269 0.123599184 -0.991444861
vn 0.033782664 0.126078620 -0.991444861
vn 0.025464397 0.128018168 -0.991444861
vn 0.017037087 0.129409523 -0.991444861
vn 0.008536821 0.130246726 -0.991444861
vn 0.000000000 0.130526192 -0.991444861
vn -0.008536821 0.130246726 -0.991444861
vn -0.017037087 0.129409523 -0.991444861
vn -0.025464397 0.128018168 -0.991444861
vn -0.033782664 0.126078620 -0.991444861
vn -0.041956269 0.123599184 -0.991444861
vn -0.049950211 0.120590477 -0.991444861
vn -0.057730259 0.117065384 -0.991444861
vn -0.065263096 0.113038998 -0.991444861
vn -0.072516467 0.108528562 -0.991444861
vn -0.079459311 0.103553391 -0.991444861
vn -0.086061899 0.098134787 -0.991444861
vn -0.092295956 0.092295956 -0.991444861
vn -0.098134787 0.086061899 -0.991444861
vn -0.103553391 0.079459311 -0.991444861
vn -0.108528562 0.072516467 -0.991444861
vn -0.113038998 0.065263096 -0.991444861
vn -0.117065384 0.057730259 -0.991444861
vn -0.120590477 0.049950211 -0.991444861
vn -0.123599184 0.041956269 -0.991444861
vn -0.126078620 0.033782664 -0.991444861
vn -0.128018168 0.025464397 -0.991444861
vn -0.129409523 0.017037087 -0.991444861
vn -0.130246726 0.008536821 -0.991444861
vn -0.130526192 0.000000000 -0.991444861
vn -0.130246726 -0.008536821 -0.991444861
vn -0.129409523 -0.017037087 -0.991444861
vn -0.128018168 -0.025464397 -0.991444861
vn -0.126078620 -0.033782664 -0.991444861
vn -0.123599184 -0.041956269 -0.991444861
vn -0.120590477 -0.049950211 -0.991444861
vn -0.117065384 -0.057730259 -0.991444861
vn -0.113038998 -0.065263096 -0.991444861
vn -0.108528562 -0.072516467 -0.991444861
vn -0.103553391 -0.079459311 -0.991444861
vn -0.098134787 -0.086061899 -0.991444861
vn -0.092295956 -0.092295956 -0.991444861
vn -0.086061899 -0.098134787 -0.991444861
vn -0.079459311 -0.103553391 -0.991444861
vn -0.072516467 -0.108528562 -0.991444861
vn -0.065263096 -0.113038998 -0.991444861
vn -0.057730259 -0.117065384 -0.991444861
vn -0.049950211 -0.120590477 -0.991444861
vn -0.041956269 -0.123599184 -0.991444861
vn -0.033782664 -0.126078620 -0.991444861
vn -0.025464397 -0.128018168 -0.991444861
vn -0.017037087 -0.129409523 -0.991444861
vn -0.008536821 -0.130246726 -0.991444861
vn -0.000000000 -0.130526192 -0.991444861
vn 0.008536821 -0.130246726 -0.991444861
vn 0.017037087 -0.129409523 -0.991444861
vn 0.025464397 -0.128018168 -0.991444861
vn 0.033782664 -0.126078620 -0.991444861
vn 0.041956269 -0.123599184 -0.991444861
vn 0.049950211 -0.120590477 -0.991444861
vn 0.057730259 -0.117065384 -0.991444861
vn 0.065263096 -0.113038998 -0.991444861
vn 0.072516467 -0.108528562 -0.991444861
vn 0.079459311 -0.103553391 -0.991444861
vn 0.086061899 -0.098134787 -0.991444861
vn 0.092295956 -0.092295956 -0.991444861
vn 0.098134787 -0.086061899 -0.991444861
vn 0.103553391 -0.079459311 -0.991444861
vn 0.108528562 -0.072516467 -0.991444861
vn 0.113038998 -0.065263096 -0.991444861
vn 0.117065384 -0.057730259 -0.991444861
vn 0.120590477 -0.049950211 -0.991444861
vn 0.123599184 -0.041956269 -0.991444861
vn 0.126078620 -0.033782664 -0.991444861
vn 0.128018168 -0.025464397 -0.991444861
vn 0.129409523 -0.017037087 -0.991444861
vn 0.130246726 -0.008536821 -0.991444861
vn 0.130526192 -0.000000000 -0.991444861
vn 0.065403129 0.000000000 -0.997858923
vn 0.065263096 0.004277569 -0.997858923
vn 0.064843596 0.008536821 -0.997858923
vn 0.064146426 0.012759518 -0.997858923
vn 0.063174572 0.016927575 -0.997858923
vn 0.061932194 0.021023147 -0.997858923
vn 0.060424612 0.025028694 -0.997858923
vn 0.058658284 0.028927064 -0.997858923
vn 0.056640771 0.032701565 -0.997858923
vn 0.054380715 0.036336032 -0.997858923
vn 0.051887791 0.039814902 -0.997858923
vn 0.049172676 0.043123280 -0.997858923
vn 0.046246996 0.046246996 -0.997858923
vn 0.043123280 0.049172676 -0.997858923
vn 0.039814902 0.051887791 -0.997858923
vn 0.036336032 0.054380715 -0.997858923
vn 0.032701565 0.056640771 -0.997858923
vn 0.028927064 0.058658284 -0.997858923
vn 0.025028694 0.060424612 -0.997858923
vn 0.021023147 0.061932194 -0.997858923
vn 0.016927575 0.063174572 -0.997858923
vn 0.012759518 0.064146426 -0.997858923
vn 0.008536821 0.064843596 -0.997858923
vn 0.004277569 0.065263096 -0.997858923
vn 0.000000000 0.065403129 -0.997858923
vn -0.004277569 0.065263096 -0.997858923
vn -0.008536821 0.064843596 -0.997858923
vn -0.012759518 0.064146426 -0.997858923
vn -0.016927575 0.063174572 -0.997858923
vn -0.021023147 0.061932194 -0.997858923
vn -0.025028694 0.060424612 -0.997858923
vn -0.028927064 0.058658284 -0.997858923
vn -0.032701565 0.056640771 -0.997858923
vn -0.036336032 0.054380715 -0.997858923
vn -0.039814902 0.051887791 -0.997858923
vn -0.043123280 0.049172676 -0.997858923
vn -0.046246996 0.046246996 -0.997858923
vn -0.049172676 0.043123280 -0.997858923
vn -0.051887791 0.039814902 -0.997858923
vn -0.054380715 0.036336032 -0.997858923
vn -0.056640771 0.032701565 -0.997858923
vn -0.058658284 0.028927064 -0.997858923
vn -0.060424612 0.025028694 -0.997858923
vn -0.061932194 0.021023147 -0.997858923
vn -0.063174572 0.016927575 -0.997858923
vn -0.064146426 0.012759518 -0.997858923
vn -0.064843596 0.008536821 -0.997858923
vn -0.065263096 0.004277569 -0.997858923
vn -0.065403129 0.000000000 -0.997858923
vn -0.065263096 -0.004277569 -0.997858923
vn -0.064843596 -0.008536821 -0.997858923
vn -0.064146426 -0.012759518 -0.997858923
vn -0.063174572 -0.016927575 -0.997858923
vn -0.061932194 -0.021023147 -0.997858923
vn -0.060424612 -0.025028694 -0.997858923
vn -0.058658284 -0.028927064 -0.997858923
vn -0.056640771 -0.032701565 -0.997858923
vn -0.054380715 -0.036336032 -0.997858923
vn -0.051887791 -0.039814902 -0.997858923
vn -0.049172676 -0.043123280 -0.997858923
vn -0.046246996 -0.046246996 -0.997858923
vn -0.043123280 -0.049172676 -0.997858923
vn -0.039814902 -0.051887791 -0.997858923
vn -0.036336032 -0.054380715 -0.997858923
vn -0.032701565 -0.056640771 -0.997858923
vn -0.028927064 -0.058658284 -0.997858923
vn -0.025028694 -0.060424612 -0.997858923
vn -0.021023147 -0.061932194 -0.997858923
vn -0.016927575 -0.063174572 -0.997858923
vn -0.012759518 -0.064146426 -0.997858923
vn -0.008536821 -0.064843596 -0.997858923
vn -0.004277569 -0.065263096 -0.997858923
vn -0.000000000 -0.065403129 -0.997858923
vn 0.004277569 -0.065263096 -0.997858923
vn 0.008536821 -0.064843596 -0.997858923
vn 0.012759518 -0.064146426 -0.997858923
vn 0.016927575 -0.063174572 -0.997858923
vn 0.021023147 -0.061932194 -0.997858923
vn 0.025028694 -0.060424612 -0.997858923
vn 0.028927064 -0.058658284 -0.997858923
vn 0.032701565 -0.056640771 -0.997858923
vn 0.036336032 -0.054380715 -0.997858923
vn 0.039814902 -0.051887791 -0.997858923
vn 0.043123280 -0.049172676 -0.997858923
vn 0.046246996 -0.046246996 -0.997858923
vn 0.049172676 -0.043123280 -0.997858923
vn 0.051887791 -0.039814902 -0.997858923
vn 0.054380715 -0.036336032 -0.997858923
vn 0.056640771 -0.032701565 -0.997858923
vn 0.058658284 -0.028927064 -0.997858923
vn 0.060424612 -0.025028694 -0.997858923
vn 0.061932194 -0.021023147 -0.997858923
vn 0.063174572 -0.016927575 -0.997858923
vn 0.064146426 -0.012759518 -0.997858923
vn 0.064843596 -0.008536821 -0.997858923
vn 0.065263096 -0.004277569 -0.997858923
vn 0.065403129 -0.000000000 -0.997858923
vn 0.000000000 0.000000000 -1.000000000
vn 0.000000000 0.000000000 -1.000000000
vn 0.000000000 0.000000000 -1.000000000
vn 0.000000000 0.000000000 -1.000000000
vn 0.000000000 0.000000000 -1.000000000
vn 0.000000000 0.000000000 -1.000000000
vn 0.000000000 0.000000000 -1.000000000
vn 0.000000000 0.000000000 -1.000000000
vn 0.000000000 0.000000000 -1.000000000
vn 0.000000000 0.000000000 -1.000000000
vn 0.000000000 0.000000000 -1.000000000
vn 0.000000000 0.000000000 -1.000000000
vn 0.000000000 0.000000000 -1.000000000
vn 0.000000000 0.000000000 -1.000000000
vn 0.000000000 0.000000000 -1.000000000
vn 0.000000000 0.000000000 -1.000000000
vn 0.000000000 0.000000000 -1.000000000
vn 0.000000000 0.000000000 -1.000000000
vn 0.000000000 0.000000000 -1.000000000
vn 0.000000000 0.000000000 -1.000000000
vn 0.000000000 0.000000000 -1.000000000
vn 0.000000000 0.000000000 -1.000000000
vn 0.000000000 0.000000000 -1.000000000
vn 0.000000000 0.000000000 -1.000000000
vn 0.000000000 0.000000000 -1.000000000
vn 0.000000000 0.000000000 -1.000000000
vn 0.000000000 0.000000000 -1.000000000
vn 0.000000000 0.000000000 -1.000000000
vn 0.000000000 0.000000000 -1.000000000
vn 0.000000000 0.000000000 -1.000000000
vn 0.000000000 0.000000000 -1.000000000
vn 0.000000000 0.000000000 -1.000000000
vn 0.000000000 0.000000000 -1.000000000
vn 0.000000000 0.000000000 -1.000000000
vn 0.000000000 0.000000000 -1.000000000
vn 0.000000000 0.000000000 -1.000000000
vn 0.000000000 0.000000000 -1.000000000
vn 0.000000000 0.000000000 -1.000000000
vn 0.000000000 0.000000000 -1.000000000
vn 0.000000000 0.000000000 -1.000000000
vn 0.000000000 0.000000000 -1.000000000
vn 0.000000000 0.000000000 -1.000000000
vn 0.000000000 0.000000000 -1.000000000
vn 0.000000000 0.000000000 -1.000000000
vn 0.000000000 0.000000000 -1.000000000
vn 0.000000000 0.000000000 -1.000000000
vn 0.000000000 0.000000000 -1.000000000
vn 0.000000000 0.000000000 -1.000000000
vn 0.000000000 0.000000000 -1.000000000
vn 0.000000000 0.000000000 -1.000000000
vn 0.000000000 0.000000000 -1.000000000
vn 0.000000000 0.000000000 -1.000000000
vn 0.000000000 0.000000000 -1.000000000
vn 0.000000000 0.000000000 -1.000000000
vn 0.000000000 0.000000000 -1.000000000
vn 0.000000000 0.000000000 -1.000000000
vn 0.000000000 0.000000000 -1.000000000
vn 0.000000000 0.000000000 -1.000000000
vn 0.000000000 0.000000000 -1.000000000
vn 0.000000000 0.000000000 -1.000000000
vn 0.000000000 0.000000000 -1.000000000
vn 0.000000000 0.000000000 -1.000000000
vn 0.000000000 0.000000000 -1.000000000
vn 0.000000000 0.000000000 -1.000000000
vn 0.000000000 0.000000000 -1.000000000
vn 0.000000000 0.000000000 -1.000000000
vn 0.000000000 0.000000000 -1.000000000
vn 0.000000000 0.000000000 -1.000000000
vn 0.000000000 0.000000000 -1.000000000
vn 0.000000000 0.000000000 -1.000000000
vn 0.000000000 0.000000000 -1.000000000
vn 0.000000000 0.000000000 -1.000000000
vn 0.000000000 0.000000000 -1.000000000
vn 0.000000000 0.000000000 -1.000000000
vn 0.000000000 0.000000000 -1.000000000
vn 0.000000000 0.000000000 -1.000000000
vn 0.000000000 0.000000000 -1.000000000
vn 0.000000000 0.000000000 -1.000000000
vn 0.000000000 0.000000000 -1.000000000
vn 0.000000000 0.000000000 -1.000000000
vn 0.000000000 0.000000000 -1.000000000
vn 0.000000000 0.000000000 -1.000000000
vn 0.000000000 0.000000000 -1.000000000
vn 0.000000000 0.000000000 -1.000000000
vn 0.000000000 0.000000000 -1.000000000
vn 0.000000000 0.000000000 -1.000000000
vn 0.000000000 0.000000000 -1.000000000
vn 0.000000000 0.000000000 -1.000000000
vn 0.000000000 0.000000000 -1.000000000
vn 0.000000000 0.000000000 -1.000000000
vn 0.000000000 0.000000000 -1.000000000
vn 0.000000000 0.000000000 -1.000000000
vn 0.000000000 0.000000000 -1.000000000
vn 0.000000000 0.000000000 -1.000000000
vn 0.000000000 0.000000000 -1.000000000
vn 0.000000000 0.000000000 -1.000000000
f 1/1/1 97/97/97 98/98/98
f 2/2/2 98/98/98 99/99/99
f 3/3/3 99/99/99 100/100/100
f 4/4/4 100/100/100 101/101/101
f 5/5/5 101/101/101 102/102/102
f 6/6/6 102/102/102 103/103/103
f 7/7/7 103/103/103 104/104/104
f 8/8/8 104/104/104 105/105/105
f 9/9/9 105/105/105 106/106/106
f 10/10/10 106/106/106 107/107/107
f 11/11/11 107/107/107 108/108/108
f 12/12/12 108/108/108 109/109/109
f 13/13/13 109/109/109 110/110/110
f 14/14/14 110/110/110 111/111/111
f 15/15/15 111/111/111 112/112/112
f 16/16/16 112/112/112 113/113/113
f 17/17/17 113/113/113 114/114/114
f 18/18/18 114/114/114 115/115/115
f 19/19/19 115/115/115 116/116/116
f 20/20/20 116/116/116 117/117/117
f 21/21/21 117/117/117 118/118/118
f 22/22/22 118/118/118 119/119/119
f 23/23/23 119/119/119 120/120/120
f 24/24/24 120/120/120 121/121/121
f 25/25/25 121/121/121 122/122/122
f 26/26/26 122/122/122 123/123/123
f 27/27/27 123/123/123 124/124/124
f 28/28/28 124/124/124 125/125/125
f 29/29/29 125/125/125 126/126/126
f 30/30/30 126/126/126 127/127/127
f 31/31/31 127/127/127 128/128/128
f 32/32/32 128/128/128 129/129/129
f 33/33/33 129/129/129 130/130/130
f 34/34/34 130/130/130 131/131/131
f 35/35/35 131/131/131 132/132/132
f 36/36/36 132/132/132 133/133/133
f 37/37/37 133/133/133 134/134/134
f 38/38/38 134/134/134 135/135/135
f 39/39/39 135/135/135 136/136/136
f 40/40/40 136/136/136 137/137/137
f 41/41/41 137/137/137 138/138/138
f 42/42/42 138/138/138 139/139/139
f 43/43/43 139/139/139 140/140/140
f 44/44/44 140/140/140 141/141/141
f 45/45/45 141/141/141 142/142/142
f 46/46/46 142/142/142 143/143/143
f 47/47/47 143/143/143 144/144/144
f 48/48/48 144/144/144 145/145/145
f 49/49/49 145/145/145 146/146/146
f 50/50/50 146/146/146 147/147/147
f 51/51/51 147/147/147 148/148/148
f 52/52/52 148/148/148 149/149/149
f 53/53/53 149/149/149 150/150/150
f 54/54/54 150/150/150 151/151/151
f 55/55/55 151/151/151 152/152/152
f 56/56/56 152/152/152 153/153/153
f 57/57/57 153/153/153 154/154/154
f 58/58/58 154/154/154 155/155/155
f 59/59/59 155/155/155 156/156/156
f 60/60/60 156/156/156 157/157/157
f 61/61/61 157/157/157 158/158/158
f 62/62/62 158/158/158 159/159/159
f 63/63/63 159/159/159 160/160/160
f 64/64/64 160/160/160 161/161/161
f 65/65/65 161/161/161 162/162/162
f 66/66/66 162/162/162 163/163/163
f 67/67/67 163/163/163 164/164/164
f 68/68/68 164/164/164 165/165/165
f 69/69/69 165/165/165 166/166/166
f 70/70/70 166/166/166 167/167/167
f 71/71/71 167/167/167 168/168/168
f 72/72/72 168/168/168 169/169/169
f 73/73/73 169/169/169 170/170/170
f 74/74/74 170/170/170 171/171/171
f 75/75/75 171/171/171 172/172/172
f 76/76/76 172/172/172 173/173/173
f 77/77/77 173/173/173 174/174/174
f 78/78/78 174/174/174 175/175/175
f 79/79/79 175/175/175 176/176/176
f 80/80/80 176/176/176 177/177/177
f 81/81/81 177/177/177 178/178/178
f 82/82/82 178/178/178 179/179/179
f 83/83/83 179/179/179 180/180/180
f 84/84/84 180/180/180 181/181/181
f 85/85/85 181/181/181 182/182/182
f 86/86/86 182/182/182 183/183/183
f 87/87/87 183/183/183 184/184/184
f 88/88/88 184/184/184 185/185/185
f 89/89/89 185/185/185 186/186/186
f 90/90/90 186/186/186 187/187/187
f 91/91/91 187/187/187 188/188/188
f 92/92/92 188/188/188 189/189/189
f 93/93/93 189/189/189 190/190/190
f 94/94/94 190/190/190 191/191/191
f 95/95/95 191/191/191 192/192/192
f 96/96/96 192/192/192 193/193/193
f 97/97/97 194/194/194 195/195/195
f 97/97/97 195/195/195 98/98/98
f 98/98/98 195/195/195 196/196/196
f 98/98/98 196/196/196 99/99/99
f 99/99/99 196/196/196 197/197/197
f 99/99/99 197/197/197 100/100/100
f 100/100/100 197/197/197 198/198/198
f 100/100/100 198/198/198 101/101/101
f 101/101/101 198/198/198 199/199/199
f 101/101/101 199/199/199 102/102/102
f 102/102/102 199/199/199 200/200/200
f 102/102/102 200/200/200 103/103/103
f 103/103/103 200/200/200 201/201/201
f 103/103/103 201/201/201 104/104/104
f 104/104/104 201/201/201 202/202/202
f 104/104/104 202/202/202 105/105/105
f 105/105/105 202/202/202 203/203/203
f 105/105/105 203/203/203 106/106/106
f 106/106/106 203/203/203 204/204/204
f 106/106/106 204/204/204 107/107/107
f 107/107/107 204/204/204 205/205/205
f 107/107/107 205/205/205 108/108/108
f 108/108/108 205/205/205 206/206/206
f 108/108/108 206/206/206 109/109/109
f 109/109/109 206/206/206 207/207/207
f 109/109/109 207/207/207 110/110/110
f 110/110/110 207/207/207 208/208/208
f 110/110/110 208/208/208 111/111/111
f 111/111/111 208/208/208 209/209/209
f 111/111/111 209/209/209 112/112/112
f 112/112/112 209/209/209 210/210/210
f 112/112/112 210/210/210 113/113/113
f 113/113/113 210/210/210 211/211/211
f 113/113/113 211/211/211 114/114/114
f 114/114/114 211/211/211 212/212/212
f 114/114/114 212/212/212 115/115/115
f 115/115/115 212/212/212 213/213/213
f 115/115/115 213/213/213 116/116/116
f 116/116/116 213/213/213 214/214/214
f 116/116/116 214/214/214 117/117/117
f 117/117/117 214/214/214 215/215/215
f 117/117/117 215/215/215 118/118/118
f 118/118/118 215/215/215 216/216/216
f 118/118/118 216/216/216 119/119/119
f 119/119/119 216/216/216 217/217/217
f 119/119/119 217/217/217 120/120/120
f 120/120/120 217/217/217 218/218/218
f 120/120/120 218/218/218 121/121/121
f 121/121/121 218/218/218 219/219/219
f 121/121/121 219/219/219 122/122/122
f 122/122/122 219/219/219 220/220/220
f 122/122/122 220/220/220 123/123/123
f 123/123/123 220/220/220 221/221/221
f 123/123/123 221/221/221 124/124/124
f 124/124/124 221/221/221 222/222/222
f 124/124/124 222/222/222 125/125/125
f 125/125/125 222/222/222 223/223/223
f 125/125/125 223/223/223 126/126/126
f 126/126/126 223/223/223 224/224/224
f 126/126/126 224/224/224 127/127/127
f 127/127/127 224/224/224 225/225/225
f 127/127/127 225/225/225 128/128/128
f 128/128/128 225/225/225 226/226/226
f 128/128/128 226/226/226 129/129/129
f 129/129/129 226/226/226 227/227/227
f 129/129/129 227/227/227 130/130/130
f 130/130/130 227/227/227 228/228/228
f 130/130/130 228/228/228 131/131/131
f 131/131/131 228/228/228 229/229/229
f 131/131/131 229/229/229 132/132/132
f 132/132/132 229/229/229 230/230/230
f 132/132/132 230/230/230 133/133/133
f 133/133/133 230/230/230 231/231/231
f 133/133/133 231/231/231 134/134/134
f 134/134/134 231/231/231 232/232/232
f 134/134/134 232/232/232 135/135/135
f 135/135/135 232/232/232 233/233/233
f 135/135/135 233/233/233 136/136/136
f 136/136/136 233/233/233 234/234/234
f 136/136/136 234/234/234 137/137/137
f 137/137/137 234/234/234 235/235/235
f 137/137/137 235/235/235 138/138/138
f 138/138/138 235/235/235 236/236/236
f 138/138/138 236/236/236 139/139/139
f 139/139/139 236/236/236 237/237/237
f 139/139/139 237/237/237 140/140/140
f 140/140/140 237/237/237 238/238/238
f 140/140/140 238/238/238 141/141/141
f 141/141/141 238/238/238 239/239/239
f 141/141/141 239/239/239 142/142/142
f 142/142/142 239/239/239 240/240/240
f 142/142/142 240/240/240 143/143/143
f 143/143/143 240/240/240 241/241/241
f 143/143/143 241/241/241 144/144/144
f 144/144/144 241/241/241 242/242/242
f 144/144/144 242/242/242 145/145/145
f 145/145/145 242/242/242 243/243/243
f 145/145/145 243/243/243 146/146/146
f 146/146/146 243/243/243 244/244/244
f 146/146/146 244/244/244 147/147/147
f 147/147/147 244/244/244 245/245/245
f 147/147/147 245/245/245 148/148/148
f 148/148/148 245/245/245 246/246/246
f 148/148/148 246/246/246 149/149/149
f 149/149/149 246/246/246 247/247/247
f 149/149/149 247/247/247 150/150/150
f 150/150/150 247/247/247 248/248/248
f 150/150/150 248/248/248 151/151/151
f 151/151/151 248/248/248 249/249/249
f 151/151/151 249/249/249 152/152/152
f 152/152/152 249/249/249 250/250/250
f 152/152/152 250/250/250 153/153/153
f 153/153/153 250/250/250 251/251/251
f 153/153/153 251/251/251 154/154/154
f 154/154/154 251/251/251 252/252/252
f 154/154/154 252/252/252 155/155/155
f 155/155/155 252/252/252 253/253/253
f 155/155/155 253/253/253 156/156/156
f 156/156/156 253/253/253 254/254/254
f 156/156/156 254/254/254 157/157/157
f 157/157/157 254/254/254 255/255/255
f 157/157/157 255/255/255 158/158/158
f 158/158/158 255/255/255 256/256/256
f 158/158/158 256/256/256 159/159/159
f 159/159/159 256/256/256 257/257/257
f 159/159/159 257/257/257 160/160/160
f 160/160/160 257/257/257 258/258/258
f 160/160/160 258/258/258 161/161/161
f 161/161/161 258/258/258 259/259/259
f 161/161/161 259/259/259 162/162/162
f 162/162/162 259/259/259 260/260/260
f 162/162/162 260/260/260 163/163/163
f 163/163/163 260/260/260 261/261/261
f 163/163/163 261/261/261 164/164/164
f 164/164/164 261/261/261 262/262/262
f 164/164/164 262/262/262 165/165/165
f 165/165/165 262/262/262 263/263/263
f 165/165/165 263/263/263 166/166/166
f 166/166/166 263/263/263 264/264/264
f 166/166/166 264/264/264 167/167/167
f 167/167/167 264/264/264 265/265/265
f 167/167/167 265/265/265 168/168/168
f 168/168/168 265/265/265 266/266/266
f 168/168/168 266/266/266 169/169/169
f 169/169/169 266/266/266 267/267/267
f 169/169/169 267/267/267 170/170/170
f 170/170/170 267/267/267 268/268/268
f 170/170/170 268/268/268 171/171/171
f 171/171/171 268/268/268 269/269/269
f 171/171/171 269/269/269 172/172/172
f 172/172/172 269/269/269 270/270/270
f 172/172/172 270/270/270 173/173/173
f 173/173/173 270/270/270 271/271/271
f 173/173/173 271/271/271 174/174/174
f 174/174/174 271/271/271 272/272/272
f 174/174/174 272/272/272 175/175/175
f 175/175/175 272/272/272 273/273/273
f 175/175/175 273/273/273 176/176/176
f 176/176/176 273/273/273 274/274/274
f 176/176/176 274/274/274 177/177/177
f 177/177/177 274/274/274 275/275/275
f 177/177/177 275/275/275 178/178/178
f 178/178/178 275/275/275 276/276/276
f 178/178/178 276/276/276 179/179/179
f 179/179/179 276/276/276 277/277/277
f 179/179/179 277/277/277 180/180/180
f 180/180/180 277/277/277 278/278/278
f 180/180/180 278/278/278 181/181/181
f 181/181/181 278/278/278 279/279/279
f 181/181/181 279/279/279 182/182/182
f 182/182/182 279/279/279 280/280/280
f 182/182/182 280/280/280 183/183/183
f 183/183/183 280/280/280 281/281/281
f 183/183/183 281/281/281 184/184/184
f 184/184/184 281/281/281 282/282/282
f 184/184/184 282/282/282 185/185/185
f 185/185/185 282/282/282 283/283/283
f 185/185/185 283/283/283 186/186/186
f 186/186/186 283/283/283 284/284/284
f 186/186/186 284/284/284 187/187/187
f 187/187/187 284/284/284 285/285/285
f 187/187/187 285/285/285 188/188/188
f 188/188/188 285/285/285 286/286/286
f 188/188/188 286/286/286 189/189/189
f 189/189/189 286/286/286 287/287/287
f 189/189/189 287/287/287 190/190/190
f 190/190/190 287/287/287 288/288/288
f 190/190/190 288/288/288 191/191/191
f 191/191/191 288/288/288 289/289/289
f 191/191/191 289/289/289 192/192/192
f 192/192/192 289/289/289 290/290/290
f 192/192/192 290/290/290 193/193/193
f 194/194/194 291/291/291 292/292/292
f 194/194/194 292/292/292 195/195/195
f 195/195/195 292/292/292 293/293/293
f 195/195/195 293/293/293 196/196/196
f 196/196/196 293/293/293 294/294/294
f 196/196/196 294/294/294 197/197/197
f 197/197/197 294/294/294 295/295/295
f 197/197/197 295/295/295 198/198/198
f 198/198/198 295/295/295 296/296/296
f 198/198/198 296/296/296 199/199/199
f 199/199/199 296/296/296 297/297/297
f 199/199/199 297/297/297 200/200/200
f 200/200/200 297/297/297 298/298/298
f 200/200/200 298/298/298 201/201/201
f 201/201/201 298/298/298 299/299/299
f 201/201/201 299/299/299 202/202/202
f 202/202/202 299/299/299 300/300/300
f 202/202/202 300/300/300 203/203/203
f 203/203/203 300/300/300 301/301/301
f 203/203/203 301/301/301 204/204/204
f 204/204/204 301/301/301 302/302/302
f 204/204/204 302/302/302 205/205/205
f 205/205/205 302/302/302 303/303/303
f 205/205/205 303/303/303 206/206/206
f 206/206/206 303/303/303 304/304/304
f 206/206/206 304/304/304 207/207/207
f 207/207/207 304/304/304 305/305/305
f 207/207/207 305/305/305 208/208/208
f 208/208/208 305/305/305 306/306/306
f 208/208/208 306/306/306 209/209/209
f 209/209/209 306/306/306 307/307/307
f 209/209/209 307/307/307 210/210/210
f 210/210/210 307/307/307 308/308/308
f 210/210/210 308/308/308 211/211/211
f 211/211/211 308/308/308 309/309/309
f 211/211/211 309/309/309 212/212/212
f 212/212/212 309/309/309 310/310/310
f 212/212/212 310/310/310 213/213/213
f 213/213/213 310/310/310 311/311/311
f 213/213/213 311/311/311 214/214/214
f 214/214/214 311/311/311 312/312/312
f 214/214/214 312/312/312 215/215/215
f 215/215/215 312/312/312 313/313/313
f 215/215/215 313/313/313 216/216/216
f 216/216/216 313/313/313 314/314/314
f 216/216/216 314/314/314 217/217/217
f 217/217/217 314/314/314 315/315/315
f 217/217/217 315/315/315 218/218/218
f 218/218/218 315/315/315 316/316/316
f 218/218/218 316/316/316 219/219/219
f 219/219/219 316/316/316 317/317/317
f 219/219/219 317/317/317 220/220/220
f 220/220/220 317/317/317 318/318/318
f 220/220/220 318/318/318 221/221/221
f 221/221/221 318/318/318 319/319/319
f 221/221/221 319/319/319 222/222/222
f 222/222/222 319/319/319 320/320/320
f 222/222/222 320/320/320 223/223/223
f 223/223/223 320/320/320 321/321/321
f 223/223/223 321/321/321 224/224/224
f 224/224/224 321/321/321 322/322/322
f 224/224/224 322/322/322 225/225/225
f 225/225/225 322/322/322 323/323/323
f 225/225/225 323/323/323 226/226/226
f 226/226/226 323/323/323 324/324/324
f 226/226/226 324/324/324 227/227/227
f 227/227/227 324/324/324 325/325/325
f 227/227/227 325/325/325 228/228/228
f 228/228/228 325/325/325 326/326/326
f 228/228/228 326/326/326 229/229/229
f 229/229/229 326/326/326 327/327/327
f 229/229/229 327/327/327 230/230/230
f 230/230/230 327/327/327 328/328/328
f 230/230/230 328/328/328 231/231/231
f 231/231/231 328/328/328 329/329/329
f 231/231/231 329/329/329 232/232/232
f 232/232/232 329/329/329 330/330/330
f 232/232/232 330/330/330 233/233/233
f 233/233/233 330/330/330 331/331/331
f 233/233/233 331/331/331 234/234/234
f 234/234/234 331/331/331 332/332/332
f 234/234/234 332/332/332 235/235/235
f 235/235/235 332/332/332 333/333/333
f 235/235/235 333/333/333 236/236/236
f 236/236/236 333/333/333 334/334/334
f 236/236/236 334/334/334 237/237/237
f 237/237/237 334/334/334 335/335/335
f 237/237/237 335/335/335 238/238/238
f 238/238/238 335/335/335 336/336/336
f 238/238/238 336/336/336 239/239/239
f 239/239/239 336/336/336 337/337/337
f 239/239/239 337/337/337 240/240/240
f 240/240/240 337/337/337 338/338/338
f 240/240/240 338/338/338 241/241/241
f 241/241/241 338/338/338 339/339/339
f 241/241/241 339/339/339 242/242/242
f 242/242/242 339/339/339 340/340/340
f 242/242/242 340/340/340 243/243/243
f 243/243/243 340/340/340 341/341/341
f 243/243/243 341/341/341 244/244/244
f 244/244/244 341/341/341 342/342/342
f 244/244/244 342/342/342 245/245/245
f 245/245/245 342/342/342 343/343/343
f 245/245/245 343/343/343 246/246/246
f 246/246/246 343/343/343 344/344/344
f 246/246/246 344/344/344 247/247/247
f 247/247/247 344/344/344 345/345/345
f 247/247/247 345/345/345 248/248/248
f 248/248/248 345/345/345 346/346/346
f 248/248/248 346/346/346 249/249/249
f 249/249/249 346/346/346 347/347/347
f 249/249/249 347/347/347 250/250/250
f 250/250/250 347/347/347 348/348/348
f 250/250/250 348/348/348 251/251/251
f 251/251/251 348/348/348 349/349/349
f 251/251/251 349/349/349 252/252/252
f 252/252/252 349/349/349 350/350/350
f 252/252/252 350/350/350 253/253/253
f 253/253/253 350/350/350 351/351/351
f 253/253/253 351/351/351 254/254/254
f 254/254/254 351/351/351 352/352/352
f 254/254/254 352/352/352 255/255/255
f 255/255/255 352/352/352 353/353/353
f 255/255/255 353/353/353 256/256/256
f 256/256/256 353/353/353 354/354/354
f 256/256/256 354/354/354 257/257/257
f 257/257/257 354/354/354 355/355/355
f 257/257/257 355/355/355 258/258/258
f 258/258/258 355/355/355 356/356/356
f 258/258/258 356/356/356 259/259/259
f 259/259/259 356/356/356 357/357/357
f 259/259/259 357/357/357 260/260/260
f 260/260/260 357/357/357 358/358/358
f 260/260/260 358/358/358 261/261/261
f 261/261/261 358/358/358 359/359/359
f 261/261/261 359/359/359 262/262/262
f 262/262/262 359/359/359 360/360/360
f 262/262/262 360/360/360 263/263/263
f 263/263/263 360/360/360 361/361/361
f 263/263/263 361/361/361 264/264/264
f 264/264/264 361/361/361 362/362/362
f 264/264/264 362/362/362 265/265/265
f 265/265/265 362/362/362 363/363/363
f 265/265/265 363/363/363 266/266/266
f 266/266/266 363/363/363 364/364/364
f 266/266/266 364/364/364 267/267/267
f 267/267/267 364/364/364 365/365/365
f 267/267/267 365/365/365 268/268/268
f 268/268/268 365/365/365 366/366/366
f 268/268/268 366/366/366 269/269/269
f 269/269/269 366/366/366 367/367/367
f 269/269/269 367/367/367 270/270/270
f 270/270/270 367/367/367 368/368/368
f 270/270/270 368/368/368 271/271/271
f 271/271/271 368/368/368 369/369/369
f 271/271/271 369/369/369 272/272/272
f 272/272/272 369/369/369 370/370/370
f 272/272/272 370/370/370 273/273/273
f 273/273/273 370/370/370 371/371/371
f 273/273/273 371/371/371 274/274/274
f 274/274/274 371/371/371 372/372/372
f 274/274/274 372/372/372 275/275/275
f 275/275/275 372/372/372 373/373/373
f 275/275/275 373/373/373 276/276/276
f 276/276/276 373/373/373 374/374/374
f 276/276/276 374/374/374 277/277/277
f 277/277/277 374/374/374 375/375/375
f 277/277/277 375/375/375 278/278/278
f 278/278/278 375/375/375 376/376/376
f 278/278/278 376/376/376 279/279/279
f 279/279/279 376/376/376 377/377/377
f 279/279/279 377/377/377 280/280/280
f 280/280/280 377/377/377 378/378/378
f 280/280/280 378/378/378 281/281/281
f 281/281/281 378/378/378 379/379/379
f 281/281/281 379/379/379 282/282/282
f 282/282/282 379/379/379 380/380/380
f 282/282/282 380/380/380 283/283/283
f 283/283/283 380/380/380 381/381/381
f 283/283/283 381/381/381 284/284/284
f 284/284/284 381/381/381 382/382/382
f 284/284/284 382/382/382 285/285/285
f 285/285/285 382/382/382 383/383/383
f 285/285/285 383/383/383 286/286/286
f 286/286/286 383/383/383 384/384/384
f 286/286/286 384/384/384 287/287/287
f 287/287/287 384/384/384 385/385/385
f 287/287/287 385/385/385 288/288/288
f 288/288/288 385/385/385 386/386/386
f 288/288/288 386/386/386 289/289/289
f 289/289/289 386/386/386 387/387/387
f 289/289/289 387/387/387 290/290/290
f 291/291/291 388/388/388 389/389/389
f 291/291/291 389/389/389 292/292/292
f 292/292/292 389/389/389 390/390/390
f 292/292/292 390/390/390 293/293/293
f 293/293/293 390/390/390 391/391/391
f 293/293/293 391/391/391 294/294/294
f 294/294/294 391/391/391 392/392/392
f 294/294/294 392/392/392 295/295/295
f 295/295/295 392/392/392 393/393/393
f 295/295/295 393/393/393 296/296/296
f 296/296/296 393/393/393 394/394/394
f 296/296/296 394/394/394 297/297/297
f 297/297/297 394/394/394 395/395/395
f 297/297/297 395/395/395 298/298/298
f 298/298/298 395/395/395 396/396/396
f 298/298/298 396/396/396 299/299/299
f 299/299/299 396/396/396 397/397/397
f 299/299/299 397/397/397 300/300/300
f 300/300/300 397/397/397 398/398/398
f 300/300/300 398/398/398 301/301/301
f 301/301/301 398/398/398 399/399/399
f 301/301/301 399/399/399 302/302/302
f 302/302/302 399/399/399 400/400/400
f 302/302/302 400/400/400 303/303/303
f 303/303/303 400/400/400 401/401/401
f 303/303/303 401/401/401 304/304/304
f 304/304/304 401/401/401 402/402/402
f 304/304/304 402/402/402 305/305/305
f 305/305/305 402/402/402 403/403/403
f 305/305/305 403/403/403 306/306/306
f 306/306/306 403/403/403 404/404/404
f 306/306/306 404/404/404 307/307/307
f 307/307/307 404/404/404 405/405/405
f 307/307/307 405/405/405 308/308/308
f 308/308/308 405/405/405 406/406/406
f 308/308/308 406/406/406 309/309/309
f 309/309/309 406/406/406 407/407/407
f 309/309/309 407/407/407 310/310/310
f 310/310/310 407/407/407 408/408/408
f 310/310/310 408/408/408 311/311/311
f 311/311/311 408/408/408 409/409/409
f 311/311/311 409/409/409 312/312/312
f 312/312/312 409/409/409 410/410/410
f 312/312/312 410/410/410 313/313/313
f 313/313/313 410/410/410 411/411/411
f 313/313/313 411/411/411 314/314/314
f 314/314/314 411/411/411 412/412/412
f 314/314/314 412/412/412 315/315/315
f 315/315/315 412/412/412 413/413/413
f 315/315/315 413/413/413 316/316/316
f 316/316/316 413/413/413 414/414/414
f 316/316/316 414/414/414 317/317/317
f 317/317/317 414/414/414 415/415/415
f 317/317/317 415/415/415 318/318/318
f 318/318/318 415/415/415 416/416/416
f 318/318/318 416/416/416 319/319/319
f 319/319/319 416/416/416 417/417/417
f 319/319/319 417/417/417 320/320/320
f 320/320/320 417/417/417 418/418/418
f 320/320/320 418/418/418 321/321/321
f 321/321/321 418/418/418 419/419/419
f 321/321/321 419/419/419 322/322/322
f 322/322/322 419/419/419 420/420/420
f 322/322/322 420/420/420 323/323/323
f 323/323/323 420/420/420 421/421/421
f 323/323/323 421/421/421 324/324/324
f 324/324/324 421/421/421 422/422/422
f 324/324/324 422/422/422 325/325/325
f 325/325/325 422/422/422 423/423/423
f 325/325/325 423/423/423 326/326/326
f 326/326/326 423/423/423 424/424/424
f 326/326/326 424/424/424 327/327/327
f 327/327/327 424/424/424 425/425/425
f 327/327/327 425/425/425 328/328/328
f 328/328/328 425/425/425 426/426/426
f 328/328/328 426/426/426 329/329/329
f 329/329/329 426/426/426 427/427/427
f 329/329/329 427/427/427 330/330/330
f 330/330/330 427/427/427 428/428/428
f 330/330/330 428/428/428 331/331/331
f 331/331/331 428/428/428 429/429/429
f 331/331/331 429/429/429 332/332/332
f 332/332/332 429/429/429 430/430/430
f 332/332/332 430/430/430 333/333/333
f 333/333/333 430/430/430 431/431/431
f 333/333/333 431/431/431 334/334/334
f 334/334/334 431/431/431 432/432/432
f 334/334/334 432/432/432 335/335/335
f 335/335/335 432/432/432 433/433/433
f 335/335/335 433/433/433 336/336/336
f 336/336/336 433/433/433 434/434/434
f 336/336/336 434/434/434 337/337/337
f 337/337/337 434/434/434 435/435/435
f 337/337/337 435/435/435 338/338/338
f 338/338/338 435/435/435 436/436/436
f 338/338/338 436/436/436 339/339/339
f 339/339/339 436/436/436 437/437/437
f 339/339/339 437/437/437 340/340/340
f 340/340/340 437/437/437 438/438/438
f 340/340/340 438/438/438 341/341/341
f 341/341/341 438/438/438 439/439/439
f 341/341/341 439/439/439 342/342/342
f 342/342/342 439/439/439 440/440/440
f 342/342/342 440/440/440 343/343/343
f 343/343/343 440/440/440 441/441/441
f 343/343/343 441/441/441 344/344/344
f 344/344/344 441/441/441 442/442/442
f 344/344/344 442/442/442 345/345/345
f 345/345/345 442/442/442 443/443/443
f 345/345/345 443/443/443 346/346/346
f 346/346/346 443/443/443 444/444/444
f 346/346/346 444/444/444 347/347/347
f 347/347/347 444/444/444 445/445/445
f 347/347/347 445/445/445 348/348/348
f 348/348/348 445/445/445 446/446/446
f 348/348/348 446/446/446 349/349/349
f 349/349/349 446/446/446 447/447/447
f 349/349/349 447/447/447 350/350/350
f 350/350/350 447/447/447 448/448/448
f 350/350/350 448/448/448 351/351/351
f 351/351/351 448/448/448 449/449/449
f 351/351/351 449/449/449 352/352/352
f 352/352/352 449/449/449 450/450/450
f 352/352/352 450/450/450 353/353/353
f 353/353/353 450/450/450 451/451/451
f 353/353/353 451/451/451 354/354/354
f 354/354/354 451/451/451 452/452/452
f 354/354/354 452/452/452 355/355/355
f 355/355/355 452/452/452 453/453/453
f 355/355/355 453/453/453 356/356/356
f 356/356/356 453/453/453 454/454/454
f 356/356/356 454/454/454 357/357/357
f 357/357/357 454/454/454 455/455/455
f 357/357/357 455/455/455 358/358/358
f 358/358/358 455/455/455 456/456/456
f 358/358/358 456/456/456 359/359/359
f 359/359/359 456/456/456 457/457/457
f 359/359/359 457/457/457 360/360/360
f 360/360/360 457/457/457 458/458/458
f 360/360/360 458/458/458 361/361/361
f 361/361/361 458/458/458 459/459/459
f 361/361/361 459/459/459 362/362/362
f 362/362/362 459/459/459 460/460/460
f 362/362/362 460/460/460 363/363/363
f 363/363/363 460/460/460 461/461/461
f 363/363/363 461/461/461 364/364/364
f 364/364/364 461/461/461 462/462/462
f 364/364/364 462/462/462 365/365/365
f 365/365/365 462/462/462 463/463/463
f 365/365/365 463/463/463 366/366/366
f 366/366/366 463/463/463 464/464/464
f 366/366/366 464/464/464 367/367/367
f 367/367/367 464/464/464 465/465/465
f 367/367/367 465/465/465 368/368/368
f 368/368/368 465/465/465 466/466/466
f 368/368/368 466/466/466 369/369/369
f 369/369/369 466/466/466 467/467/467
f 369/369/369 467/467/467 370/370/370
f 370/370/370 467/467/467 468/468/468
f 370/370/370 468/468/468 371/371/371
f 371/371/371 468/468/468 469/469/469
f 371/371/371 469/469/469 372/372/372
f 372/372/372 469/469/469 470/470/470
f 372/372/372 470/470/470 373/373/373
f 373/373/373 470/470/470 471/471/471
f 373/373/373 471/471/471 374/374/374
f 374/374/374 471/471/471 472/472/472
f 374/374/374 472/472/472 375/375/375
f 375/375/375 472/472/472 473/473/473
f 375/375/375 473/473/473 376/376/376
f 376/376/376 473/473/473 474/474/474
f 376/376/376 474/474/474 377/377/377
f 377/377/377 474/474/474 475/475/475
f 377/377/377 475/475/475 378/378/378
f 378/378/378 475/475/475 476/476/476
f 378/378/378 476/476/476 379/379/379
f 379/379/379 476/476/476 477/477/477
f 379/379/379 477/477/477 380/380/380
f 380/380/380 477/477/477 478/478/478
f 380/380/380 478/478/478 381/381/381
f 381/381/381 478/478/478 479/479/479
f 381/381/381 479/479/479 382/382/382
f 382/382/382 479/479/479 480/480/480
f 382/382/382 480/480/480 383/383/383
f 383/383/383 480/480/480 481/481/481
f 383/383/383 481/481/481 384/384/384
f 384/384/384 481/481/481 482/482/482
f 384/384/384 482/482/482 385/385/385
f 385/385/385 482/482/482 483/483/483
f 385/385/385 483/483/483 386/386/386
f 386/386/386 483/483/483 484/484/484
f 386/386/386 484/484/484 387/387/387
f 388/388/388 485/485/485 486/486/486
f 388/388/388 486/486/486 389/389/389
f 389/389/389 486/486/486 487/487/487
f 389/389/389 487/487/487 390/390/390
f 390/390/390 487/487/487 488/488/488
f 390/390/390 488/488/488 391/391/391
f 391/391/391 488/488/488 489/489/489
f 391/391/391 489/489/489 392/392/392
f 392/392/392 489/489/489 490/490/490
f 392/392/392 490/490/490 393/393/393
f 393/393/393 490/490/490 491/491/491
f 393/393/393 491/491/491 394/394/394
f 394/394/394 491/491/491 492/492/492
f 394/394/394 492/492/492 395/395/395
f 395/395/395 492/492/492 493/493/493
f 395/395/395 493/493/493 396/396/396
f 396/396/396 493/493/493 494/494/494
f 396/396/396 494/494/494 397/397/397
f 397/397/397 494/494/494 495/495/495
f 397/397/397 495/495/495 398/398/398
f 398/398/398 495/495/495 496/496/496
f 398/398/398 496/496/496 399/399/399
f 399/399/399 496/496/496 497/497/497
f 399/399/399 497/497/497 400/400/400
f 400/400/400 497/497/497 498/498/498
f 400/400/400 498/498/498 401/401/401
f 401/401/401 498/498/498 499/499/499
f 401/401/401 499/499/499 402/402/402
f 402/402/402 499/499/499 500/500/500
f 402/402/402 500/500/500 403/403/403
f 403/403/403 500/500/500 501/501/501
f 403/403/403 501/501/501 404/404/404
f 404/404/404 501/501/501 502/502/502
f 404/404/404 502/502/502 405/405/405
f 405/405/405 502/502/502 503/503/503
f 405/405/405 503/503/503 406/406/406
f 406/406/406 503/503/503 504/504/504
f 406/406/406 504/504/504 407/407/407
f 407/407/407 504/504/504 505/505/505
f 407/407/407 505/505/505 408/408/408
f 408/408/408 505/505/505 506/506/506
f 408/408/408 506/506/506 409/409/409
f 409/409/409 506/506/506 507/507/507
f 409/409/409 507/507/507 410/410/410
f 410/410/410 507/507/507 508/508/508
f 410/410/410 508/508/508 411/411/411
f 411/411/411 508/508/508 509/509/509
f 411/411/411 509/509/509 412/412/412
f 412/412/412 509/509/509 510/510/510
f 412/412/412 510/510/510 413/413/413
f 413/413/413 510/510/510 511/511/511
f 413/413/413 511/511/511 414/414/414
f 414/414/414 511/511/511 512/512/512
f 414/414/414 512/512/512 415/415/415
f 415/415/415 512/512/512 513/513/513
f 415/415/415 513/513/513 416/416/416
f 416/416/416 513/513/513 514/514/514
f 416/416/416 514/514/514 417/417/417
f 417/417/417 514/514/514 515/515/515
f 417/417/417 515/515/515 418/418/418
f 418/418/418 515/515/515 516/516/516
f 418/418/418 516/516/516 419/419/419
f 419/419/419 516/516/516 517/517/517
f 419/419/419 517/517/517 420/420/420
f 420/420/420 517/517/517 518/518/518
f 420/420/420 518/518/518 421/421/421
f 421/421/421 518/518/518 519/519/519
f 421/421/421 519/519/519 422/422/422
f 422/422/422 519/519/519 520/520/520
f 422/422/422 520/520/520 423/423/423
f 423/423/423 520/520/520 521/521/521
f 423/423/423 521/521/521 424/424/424
f 424/424/424 521/521/521 522/522/522
f 424/424/424 522/522/522 425/425/425
f 425/425/425 522/522/522 523/523/523
f 425/425/425 523/523/523 426/426/426
f 426/426/426 523/523/523 524/524/524
f 426/426/426 524/524/524 427/427/427
f 427/427/427 524/524/524 525/525/525
f 427/427/427 525/525/525 428/428/428
f 428/428/428 525/525/525 526/526/526
f 428/428/428 526/526/526 429/429/429
f 429/429/429 526/526/526 527/527/527
f 429/429/429 527/527/527 430/430/430
f 430/430/430 527/527/527 528/528/528
f 430/430/430 528/528/528 431/431/431
f 431/431/431 528/528/528 529/529/529
f 431/431/431 529/529/529 432/432/432
f 432/432/432 529/529/529 530/530/530
f 432/432/432 530/530/530 433/433/433
f 433/433/433 530/530/530 531/531/531
f 433/433/433 531/531/531 434/434/434
f 434/434/434 531/531/531 532/532/532
f 434/434/434 532/532/532 435/435/435
f 435/435/435 532/532/532 533/533/533
f 435/435/435 533/533/533 436/436/436
f 436/436/436 533/533/533 534/534/534
f 436/436/436 534/534/534 437/437/437
f 437/437/437 534/534/534 535/535/535
f 437/437/437 535/535/535 438/438/438
f 438/438/438 535/535/535 536/536/536
f 438/438/438 536/536/536 439/439/439
f 439/439/439 536/536/536 537/537/537
f 439/439/439 537/537/537 440/440/440
f 440/440/440 537/537/537 538/538/538
f 440/440/440 538/538/538 441/441/441
f 441/441/441 538/538/538 539/539/539
f 441/441/441 539/539/539 442/442/442
f 442/442/442 539/539/539 540/540/540
f 442/442/442 540/540/540 443/443/443
f 443/443/443 540/540/540 541/541/541
f 443/443/443 541/541/541 444/444/444
f 444/444/444 541/541/541 542/542/542
f 444/444/444 542/542/542 445/445/445
f 445/445/445 542/542/542 543/543/543
f 445/445/445 543/543/543 446/446/446
f 446/446/446 543/543/543 544/544/544
f 446/446/446 544/544/544 447/447/447
f 447/447/447 544/544/544 545/545/545
f 447/447/447 545/545/545 448/448/448
f 448/448/448 545/545/545 546/546/546
f 448/448/448 546/546/546 449/449/449
f 449/449/449 546/546/546 547/547/547
f 449/449/449 547/547/547 450/450/450
f 450/450/450 547/547/547 548/548/548
f 450/450/450 548/548/548 451/451/451
f 451/451/451 548/548/548 549/549/549
f 451/451/451 549/549/549 452/452/452
f 452/452/452 549/549/549 550/550/550
f 452/452/452 550/550/550 453/453/453
f 453/453/453 550/550/550 551/551/551
f 453/453/453 551/551/551 454/454/454
f 454/454/454 551/551/551 552/552/552
f 454/454/454 552/552/552 455/455/455
f 455/455/455 552/552/552 553/553/553
f 455/455/455 553/553/553 456/456/456
f 456/456/456 553/553/553 554/554/554
f 456/456/456 554/554/554 457/457/457
f 457/457/457 554/554/554 555/555/555
f 457/457/457 555/555/555 458/458/458
f 458/458/458 555/555/555 556/556/556
f 458/458/458 556/556/556 459/459/459
f 459/459/459 556/556/556 557/557/557
f 459/459/459 557/557/557 460/460/460
f 460/460/460 557/557/557 558/558/558
f 460/460/460 558/558/558 461/461/461
f 461/461/461 558/558/558 559/559/559
f 461/461/461 559/559/559 462/462/462
f 462/462/462 559/559/559 560/560/560
f 462/462/462 560/560/560 463/463/463
f 463/463/463 560/560/560 561/561/561
f 463/463/463 561/561/561 464/464/464
f 464/464/464 561/561/561 562/562/562
f 464/464/464 562/562/562 465/465/465
f 465/465/465 562/562/562 563/563/563
f 465/465/465 563/563/563 466/466/466
f 466/466/466 563/563/563 564/564/564
f 466/466/466 564/564/564 467/467/467
f 467/467/467 564/564/564 565/565/565
f 467/467/467 565/565/565 468/468/468
f 468/468/468 565/565/565 566/566/566
f 468/468/468 566/566/566 469/469/469
f 469/469/469 566/566/566 567/567/567
f 469/469/469 567/567/567 470/470/470
f 470/470/470 567/567/567 568/568/568
f 470/470/470 568/568/568 471/471/471
f 471/471/471 568/568/568 569/569/569
f 471/471/471 569/569/569 472/472/472
f 472/472/472 569/569/569 570/570/570
f 472/472/472 570/570/570 473/473/473
f 473/473/473 570/570/570 571/571/571
f 473/473/473 571/571/571 474/474/474
f 474/474/474 571/571/571 572/572/572
f 474/474/474 572/572/572 475/475/475
f 475/475/475 572/572/572 573/573/573
f 475/475/475 573/573/573 476/476/476
f 476/476/476 573/573/573 574/574/574
f 476/476/476 574/574/574 477/477/477
f 477/477/477 574/574/574 575/575/575
f 477/477/477 575/575/575 478/478/478
f 478/478/478 575/575/575 576/576/576
f 478/478/478 576/576/576 479/479/479
f 479/479/479 576/576/576 577/577/577
f 479/479/479 577/577/577 480/480/480
f 480/480/480 577/577/577 578/578/578
f 480/480/480 578/578/578 481/481/481
f 481/481/481 578/578/578 579/579/579
f 481/481/481 579/579/579 482/482/482
f 482/482/482 579/579/579 580/580/580
f 482/482/482 580/580/580 483/483/483
f 483/483/483 580/580/580 581/581/581
f 483/483/483 581/581/581 484/484/484
f 485/485/485 582/582/582 583/583/583
f 485/485/485 583/583/583 486/486/486
f 486/486/486 583/583/583 584/584/584
f 486/486/486 584/584/584 487/487/487
f 487/487/487 584/584/584 585/585/585
f 487/487/487 585/585/585 488/488/488
f 488/488/488 585/585/585 586/586/586
f 488/488/488 586/586/586 489/489/489
f 489/489/489 586/586/586 587/587/587
f 489/489/489 587/587/587 490/490/490
f 490/490/490 587/587/587 588/588/588
f 490/490/490 588/588/588 491/491/491
f 491/491/491 588/588/588 589/589/589
f 491/491/491 589/589/589 492/492/492
f 492/492/492 589/589/589 590/590/590
f 492/492/492 590/590/590 493/493/493
f 493/493/493 590/590/590 591/591/591
f 493/493/493 591/591/591 494/494/494
f 494/494/494 591/591/591 592/592/592
f 494/494/494 592/592/592 495/495/495
f 495/495/495 592/592/592 593/593/593
f 495/495/495 593/593/593 496/496/496
f 496/496/496 593/593/593 594/594/594
f 496/496/496 594/594/594 497/497/497
f 497/497/497 594/594/594 595/595/595
f 497/497/497 595/595/595 498/498/498
f 498/498/498 595/595/595 596/596/596
f 498/498/498 596/596/596 499/499/499
f 499/499/499 596/596/596 597/597/597
f 499/499/499 597/597/597 500/500/500
f 500/500/500 597/597/597 598/598/598
f 500/500/500 598/598/598 501/501/501
f 501/501/501 598/598/598 599/599/599
f 501/501/501 599/599/599 502/502/502
f 502/502/502 599/599/599 600/600/600
f 502/502/502 600/600/600 503/503/503
f 503/503/503 600/600/600 601/601/601
f 503/503/503 601/601/601 504/504/504
f 504/504/504 601/601/601 602/602/602
f 504/504/504 602/602/602 505/505/505
f 505/505/505 602/602/602 603/603/603
f 505/505/505 603/603/603 506/506/506
f 506/506/506 603/603/603 604/604/604
f 506/506/506 604/604/604 507/507/507
f 507/507/507 604/604/604 605/605/605
f 507/507/507 605/605/605 508/508/508
f 508/508/508 605/605/605 606/606/606
f 508/508/508 606/606/606 509/509/509
f 509/509/509 606/606/606 607/607/607
f 509/509/509 607/607/607 510/510/510
f 510/510/510 607/607/607 608/608/608
f 510/510/510 608/608/608 511/511/511
f 511/511/511 608/608/608 609/609/609
f 511/511/511 609/609/609 512/512/512
f 512/512/512 609/609/609 610/610/610
f 512/512/512 610/610/610 513/513/513
f 513/513/513 610/610/610 611/611/611
f 513/513/513 611/611/611 514/514/514
f 514/514/514 611/611/611 612/612/612
f 514/514/514 612/612/612 515/515/515
f 515/515/515 612/612/612 613/613/613
f 515/515/515 613/613/613 516/516/516
f 516/516/516 613/613/613 614/614/614
f 516/516/516 614/614/614 517/517/517
f 517/517/517 614/614/614 615/615/615
f 517/517/517 615/615/615 518/518/518
f 518/518/518 615/615/615 616/616/616
f 518/518/518 616/616/616 519/519/519
f 519/519/519 616/616/616 617/617/617
f 519/519/519 617/617/617 520/520/520
f 520/520/520 617/617/617 618/618/618
f 520/520/520 618/618/618 521/521/521
f 521/521/521 618/618/618 619/619/619
f 521/521/521 619/619/619 522/522/522
f 522/522/522 619/619/619 620/620/620
f 522/522/522 620/620/620 523/523/523
f 523/523/523 620/620/620 621/621/621
f 523/523/523 621/621/621 524/524/524
f 524/524/524 621/621/621 622/622/622
f 524/524/524 622/622/622 525/525/525
f 525/525/525 622/622/622 623/623/623
f 525/525/525 623/623/623 526/526/526
f 526/526/526 623/623/623 624/624/624
f 526/526/526 624/624/624 527/527/527
f 527/527/527 624/624/624 625/625/625
f 527/527/527 625/625/625 528/528/528
f 528/528/528 625/625/625 626/626/626
f 528/528/528 626/626/626 529/529/529
f 529/529/529 626/626/626 627/627/627
f 529/529/529 627/627/627 530/530/530
f 530/530/530 627/627/627 628/628/628
f 530/530/530 628/628/628 531/531/531
f 531/531/531 628/628/628 629/629/629
f 531/531/531 629/629/629 532/532/532
f 532/532/532 629/629/629 630/630/630
f 532/532/532 630/630/630 533/533/533
f 533/533/533 630/630/630 631/631/631
f 533/533/533 631/631/631 534/534/534
f 534/534/534 631/631/631 632/632/632
f 534/534/534 632/632/632 535/535/535
f 535/535/535 632/632/632 633/633/633
f 535/535/535 633/633/633 536/536/536
f 536/536/536 633/633/633 634/634/634
f 536/536/536 634/634/634 537/537/537
f 537/537/537 634/634/634 635/635/635
f 537/537/537 635/635/635 538/538/538
f 538/538/538 635/635/635 636/636/636
f 538/538/538 636/636/636 539/539/539
f 539/539/539 636/636/636 637/637/637
f 539/539/539 637/637/637 540/540/540
f 540/540/540 637/637/637 638/638/638
f 540/540/540 638/638/638 541/541/541
f 541/541/541 638/638/638 639/639/639
f 541/541/541 639/639/639 542/542/542
f 542/542/542 639/639/639 640/640/640
f 542/542/542 640/640/640 543/543/543
f 543/543/543 640/640/640 641/641/641
f 543/543/543 641/641/641 544/544/544
f 544/544/544 641/641/641 642/642/642
f 544/544/544 642/642/642 545/545/545
f 545/545/545 642/642/642 643/643/643
f 545/545/545 643/643/643 546/546/546
f 546/546/546 643/643/643 644/644/644
f 546/546/546 644/644/644 547/547/547
f 547/547/547 644/644/644 645/645/645
f 547/547/547 645/645/645 548/548/548
f 548/548/548 645/645/645 646/646/646
f 548/548/548 646/646/646 549/549/549
f 549/549/549 646/646/646 647/647/647
f 549/549/549 647/647/647 550/550/550
f 550/550/550 647/647/647 648/648/648
f 550/550/550 648/648/648 551/551/551
f 551/551/551 648/648/648 649/649/649
f 551/551/551 649/649/649 552/552/552
f 552/552/552 649/649/649 650/650/650
f 552/552/552 650/650/650 553/553/553
f 553/553/553 650/650/650 651/651/651
f 553/553/553 651/651/651 554/554/554
f 554/554/554 651/651/651 652/652/652
f 554/554/554 652/652/652 555/555/555
f 555/555/555 652/652/652 653/653/653
f 555/555/555 653/653/653 556/556/556
f 556/556/556 653/653/653 654/654/654
f 556/556/556 654/654/654 557/557/557
f 557/557/557 654/654/654 655/655/655
f 557/557/557 655/655/655 558/558/558
f 558/558/558 655/655/655 656/656/656
f 558/558/558 656/656/656 559/559/559
f 559/559/559 656/656/656 657/657/657
f 559/559/559 657/657/657 560/560/560
f 560/560/560 657/657/657 658/658/658
f 560/560/560 658/658/658 561/561/561
f 561/561/561 658/658/658 659/659/659
f 561/561/561 659/659/659 562/562/562
f 562/562/562 659/659/659 660/660/660
f 562/562/562 660/660/660 563/563/563
f 563/563/563 660/660/660 661/661/661
f 563/563/563 661/661/661 564/564/564
f 564/564/564 661/661/661 662/662/662
f 564/564/564 662/662/662 565/565/565
f 565/565/565 662/662/662 663/663/663
f 565/565/565 663/663/663 566/566/566
f 566/566/566 663/663/663 664/664/664
f 566/566/566 664/664/664 567/567/567
f 567/567/567 664/664/664 665/665/665
f 567/567/567 665/665/665 568/568/568
f 568/568/568 665/665/665 666/666/666
f 568/568/568 666/666/666 569/569/569
f 569/569/569 666/666/666 667/667/667
f 569/569/569 667/667/667 570/570/570
f 570/570/570 667/667/667 668/668/668
f 570/570/570 668/668/668 571/571/571
f 571/571/571 668/668/668 669/669/669
f 571/571/571 669/669/669 572/572/572
f 572/572/572 669/669/669 670/670/670
f 572/572/572 670/670/670 573/573/573
f 573/573/573 670/670/670 671/671/671
f 573/573/573 671/671/671 574/574/574
f 574/574/574 671/671/671 672/672/672
f 574/574/574 672/672/672 575/575/575
f 575/575/575 672/672/672 673/673/673
f 575/575/575 673/673/673 576/576/576
f 576/576/576 673/673/673 674/674/674
f 576/576/576 674/674/674 577/577/577
f 577/577/577 674/674/674 675/675/675
f 577/577/577 675/675/675 578/578/578
f 578/578/578 675/675/675 676/676/676
f 578/578/578 676/676/676 579/579/579
f 579/579/579 676/676/676 677/677/677
f 579/579/579 677/677/677 580/580/580
f 580/580/580 677/677/677 678/678/678
f 580/580/580 678/678/678 581/581/581
f 582/582/582 679/679/679 680/680/680
f 582/582/582 680/680/680 583/583/583
f 583/583/583 680/680/680 681/681/681
f 583/583/583 681/681/681 584/584/584
f 584/584/584 681/681/681 682/682/682
f 584/584/584 682/682/682 585/585/585
f 585/585/585 682/682/682 683/683/683
f 585/585/585 683/683/683 586/586/586
f 586/586/586 683/683/683 684/684/684
f 586/586/586 684/684/684 587/587/587
f 587/587/587 684/684/684 685/685/685
f 587/587/587 685/685/685 588/588/588
f 588/588/588 685/685/685 686/686/686
f 588/588/588 686/686/686 589/589/589
f 589/589/589 686/686/686 687/687/687
f 589/589/589 687/687/687 590/590/590
f 590/590/590 687/687/687 688/688/688
f 590/590/590 688/688/688 591/591/591
f 591/591/591 688/688/688 689/689/689
f 591/591/591 689/689/689 592/592/592
f 592/592/592 689/689/689 690/690/690
f 592/592/592 690/690/690 593/593/593
f 593/593/593 690/690/690 691/691/691
f 593/593/593 691/691/691 594/594/594
f 594/594/594 691/691/691 692/692/692
f 594/594/594 692/692/692 595/595/595
f 595/595/595 692/692/692 693/693/693
f 595/595/595 693/693/693 596/596/596
f 596/596/596 693/693/693 694/694/694
f 596/596/596 694/694/694 597/597/597
f 597/597/597 694/694/694 695/695/695
f 597/597/597 695/695/695 598/598/598
f 598/598/598 695/695/695 696/696/696
f 598/598/598 696/696/696 599/599/599
f 599/599/599 696/696/696 697/697/697
f 599/599/599 697/697/697 600/600/600
f 600/600/600 697/697/697 698/698/698
f 600/600/600 698/698/698 601/601/601
f 601/601/601 698/698/698 699/699/699
f 601/601/601 699/699/699 602/602/602
f 602/602/602 699/699/699 700/700/700
f 602/602/602 700/700/700 603/603/603
f 603/603/603 700/700/700 701/701/701
f 603/603/603 701/701/701 604/604/604
f 604/604/604 701/701/701 702/702/702
f 604/604/604 702/702/702 605/605/605
f 605/605/605 702/702/702 703/703/703
f 605/605/605 703/703/703 606/606/606
f 606/606/606 703/703/703 704/704/704
f 606/606/606 704/704/704 607/607/607
f 607/607/607 704/704/704 705/705/705
f 607/607/607 705/705/705 608/608/608
f 608/608/608 705/705/705 706/706/706
f 608/608/608 706/706/706 609/609/609
f 609/609/609 706/706/706 707/707/707
f 609/609/609 707/707/707 610/610/610
f 610/610/610 707/707/707 708/708/708
f 610/610/610 708/708/708 611/611/611
f 611/611/611 708/708/708 709/709/709
f 611/611/611 709/709/709 612/612/612
f 612/612/612 709/709/709 710/710/710
f 612/612/612 710/710/710 613/613/613
f 613/613/613 710/710/710 711/711/711
f 613/613/613 711/711/711 614/614/614
f 614/614/614 711/711/711 712/712/712
f 614/614/614 712/712/712 615/615/615
f 615/615/615 712/712/712 713/713/713
f 615/615/615 713/713/713 616/616/616
f 616/616/616 713/713/713 714/714/714
f 616/616/616 714/714/714 617/617/617
f 617/617/617 714/714/714 715/715/715
f 617/617/617 715/715/715 618/618/618
f 618/618/618 715/715/715 716/716/716
f 618/618/618 716/716/716 619/619/619
f 619/619/619 716/716/716 717/717/717
f 619/619/619 717/717/717 620/620/620
f 620/620/620 717/717/717 718/718/718
f 620/620/620 718/718/718 621/621/621
f 621/621/621 718/718/718 719/719/719
f 621/621/621 719/719/719 622/622/622
f 622/622/622 719/719/719 720/720/720
f 622/622/622 720/720/720 623/623/623
f 623/623/623 720/720/720 721/721/721
f 623/623/623 721/721/721 624/624/624
f 624/624/624 721/721/721 722/722/722
f 624/624/624 722/722/722 625/625/625
f 625/625/625 722/722/722 723/723/723
f 625/625/625 723/723/723 626/626/626
f 626/626/626 723/723/723 724/724/724
f 626/626/626 724/724/724 627/627/627
f 627/627/627 724/724/724 725/725/725
f 627/627/627 725/725/725 628/628/628
f 628/628/628 725/725/725 726/726/726
f 628/628/628 726/726/726 629/629/629
f 629/629/629 726/726/726 727/727/727
f 629/629/629 727/727/727 630/630/630
f 630/630/630 727/727/727 728/728/728
f 630/630/630 728/728/728 631/631/631
f 631/631/631 728/728/728 729/729/729
f 631/631/631 729/729/729 632/632/632
f 632/632/632 729/729/729 730/730/730
f 632/632/632 730/730/730 633/633/633
f 633/633/633 730/730/730 731/731/731
f 633/633/633 731/731/731 634/634/634
f 634/634/634 731/731/731 732/732/732
f 634/634/634 732/732/732 635/635/635
f 635/635/635 732/732/732 733/733/733
f 635/635/635 733/733/733 636/636/636
f 636/636/636 733/733/733 734/734/734
f 636/636/636 734/734/734 637/637/637
f 637/637/637 734/734/734 735/735/735
f 637/637/637 735/735/735 638/638/638
f 638/638/638 735/735/735 736/736/736
f 638/638/638 736/736/736 639/639/639
f 639/639/639 736/736/736 737/737/737
f 639/639/639 737/737/737 640/640/640
f 640/640/640 737/737/737 738/738/738
f 640/640/640 738/738/738 641/641/641
f 641/641/641 738/738/738 739/739/739
f 641/641/641 739/739/739 642/642/642
f 642/642/642 739/739/739 740/740/740
f 642/642/642 740/740/740 643/643/643
f 643/643/643 740/740/740 741/741/741
f 643/643/643 741/741/741 644/644/644
f 644/644/644 741/741/741 742/742/742
f 644/644/644 742/742/742 645/645/645
f 645/645/645 742/742/742 743/743/743
f 645/645/645 743/743/743 646/646/646
f 646/646/646 743/743/743 744/744/744
f 646/646/646 744/744/744 647/647/647
f 647/647/647 744/744/744 745/745/745
f 647/647/647 745/745/745 648/648/648
f 648/648/648 745/745/745 746/746/746
f 648/648/648 746/746/746 649/649/649
f 649/649/649 746/746/746 747/747/747
f 649/649/649 747/747/747 650/650/650
f 650/650/650 747/747/747 748/748/748
f 650/650/650 748/748/748 651/651/651
f 651/651/651 748/748/748 749/749/749
f 651/651/651 749/749/749 652/652/652
f 652/652/652 749/749/749 750/750/750
f 652/652/652 750/750/750 653/653/653
f 653/653/653 750/750/750 751/751/751
f 653/653/653 751/751/751 654/654/654
f 654/654/654 751/751/751 752/752/752
f 654/654/654 752/752/752 655/655/655
f 655/655/655 752/752/752 753/753/753
f 655/655/655 753/753/753 656/656/656
f 656/656/656 753/753/753 754/754/754
f 656/656/656 754/754/754 657/657/657
f 657/657/657 754/754/754 755/755/755
f 657/657/657 755/755/755 658/658/658
f 658/658/658 755/755/755 756/756/756
f 658/658/658 756/756/756 659/659/659
f 659/659/659 756/756/756 757/757/757
f 659/659/659 757/757/757 660/660/660
f 660/660/660 757/757/757 758/758/758
f 660/660/660 758/758/758 661/661/661
f 661/661/661 758/758/758 759/759/759
f 661/661/661 759/759/759 662/662/662
f 662/662/662 759/759/759 760/760/760
f 662/662/662 760/760/760 663/663/663
f 663/663/663 760/760/760 761/761/761
f 663/663/663 761/761/761 664/664/664
f 664/664/664 761/761/761 762/762/762
f 664/664/664 762/762/762 665/665/665
f 665/665/665 762/762/762 763/763/763
f 665/665/665 763/763/763 666/666/666
f 666/666/666 763/763/763 764/764/764
f 666/666/666 764/764/764 667/667/667
f 667/667/667 764/764/764 765/765/765
f 667/667/667 765/765/765 668/668/668
f 668/668/668 765/765/765 766/766/766
f 668/668/668 766/766/766 669/669/669
f 669/669/669 766/766/766 767/767/767
f 669/669/669 767/767/767 670/670/670
f 670/670/670 767/767/767 768/768/768
f 670/670/670 768/768/768 671/671/671
f 671/671/671 768/768/768 769/769/769
f 671/671/671 769/769/769 672/672/672
f 672/672/672 769/769/769 770/770/770
f 672/672/672 770/770/770 673/673/673
f 673/673/673 770/770/770 771/771/771
f 673/673/673 771/771/771 674/674/674
f 674/674/674 771/771/771 772/772/772
f 674/674/674 772/772/772 675/675/675
f 675/675/675 772/772/772 773/773/773
f 675/675/675 773/773/773 676/676/676
f 676/676/676 773/773/773 774/774/774
f 676/676/676 774/774/774 677/677/677
f 677/677/677 774/774/774 775/775/775
f 677/677/677 775/775/775 678/678/678
f 679/679/679 776/776/776 777/777/777
f 679/679/679 777/777/777 680/680/680
f 680/680/680 777/777/777 778/778/778
f 680/680/680 778/778/778 681/681/681
f 681/681/681 778/778/778 779/779/779
f 681/681/681 779/779/779 682/682/682
f 682/682/682 779/779/779 780/780/780
f 682/682/682 780/780/780 683/683/683
f 683/683/683 780/780/780 781/781/781
f 683/683/683 781/781/781 684/684/684
f 684/684/684 781/781/781 782/782/782
f 684/684/684 782/782/782 685/685/685
f 685/685/685 782/782/782 783/783/783
f 685/685/685 783/783/783 686/686/686
f 686/686/686 783/783/783 784/784/784
f 686/686/686 784/784/784 687/687/687
f 687/687/687 784/784/784 785/785/785
f 687/687/687 785/785/785 688/688/688
f 688/688/688 785/785/785 786/786/786
f 688/688/688 786/786/786 689/689/689
f 689/689/689 786/786/786 787/787/787
f 689/689/689 787/787/787 690/690/690
f 690/690/690 787/787/787 788/788/788
f 690/690/690 788/788/788 691/691/691
f 691/691/691 788/788/788 789/789/789
f 691/691/691 789/789/789 692/692/692
f 692/692/692 789/789/789 790/790/790
f 692/692/692 790/790/790 693/693/693
f 693/693/693 790/790/790 791/791/791
f 693/693/693 791/791/791 694/694/694
f 694/694/694 791/791/791 792/792/792
f 694/694/694 792/792/792 695/695/695
f 695/695/695 792/792/792 793/793/793
f 695/695/695 793/793/793 696/696/696
f 696/696/696 793/793/793 794/794/794
f 696/696/696 794/794/794 697/697/697
f 697/697/697 794/794/794 795/795/795
f 697/697/697 795/795/795 698/698/698
f 698/698/698 795/795/795 796/796/796
f 698/698/698 796/796/796 699/699/699
f 699/699/699 796/796/796 797/797/797
f 699/699/699 797/797/797 700/700/700
f 700/700/700 797/797/797 798/798/798
f 700/700/700 798/798/798 701/701/701
f 701/701/701 798/798/798 799/799/799
f 701/701/701 799/799/799 702/702/702
f 702/702/702 799/799/799 800/800/800
f 702/702/702 800/800/800 703/703/703
f 703/703/703 800/800/800 801/801/801
f 703/703/703 801/801/801 704/704/704
f 704/704/704 801/801/801 802/802/802
f 704/704/704 802/802/802 705/705/705
f 705/705/705 802/802/802 803/803/803
f 705/705/705 803/803/803 706/706/706
f 706/706/706 803/803/803 804/804/804
f 706/706/706 804/804/804 707/707/707
f 707/707/707 804/804/804 805/805/805
f 707/707/707 805/805/805 708/708/708
f 708/708/708 805/805/805 806/806/806
f 708/708/708 806/806/806 709/709/709
f 709/709/709 806/806/806 807/807/807
f 709/709/709 807/807/807 710/710/710
f 710/710/710 807/807/807 808/808/808
f 710/710/710 808/808/808 711/711/711
f 711/711/711 808/808/808 809/809/809
f 711/711/711 809/809/809 712/712/712
f 712/712/712 809/809/809 810/810/810
f 712/712/712 810/810/810 713/713/713
f 713/713/713 810/810/810 811/811/811
f 713/713/713 811/811/811 714/714/714
f 714/714/714 811/811/811 812/812/812
f 714/714/714 812/812/812 715/715/715
f 715/715/715 812/812/812 813/813/813
f 715/715/715 813/813/813 716/716/716
f 716/716/716 813/813/813 814/814/814
f 716/716/716 814/814/814 717/717/717
f 717/717/717 814/814/814 815/815/815
f 717/717/717 815/815/815 718/718/718
f 718/718/718 815/815/815 816/816/816
f 718/718/718 816/816/816 719/719/719
f 719/719/719 816/816/816 817/817/817
f 719/719/719 817/817/817 720/720/720
f 720/720/720 817/817/817 818/818/818
f 720/720/720 818/818/818 721/721/721
f 721/721/721 818/818/818 819/819/819
f 721/721/721 819/819/819 722/722/722
f 722/722/722 819/819/819 820/820/820
f 722/722/722 820/820/820 723/723/723
f 723/723/723 820/820/820 821/821/821
f 723/723/723 821/821/821 724/724/724
f 724/724/724 821/821/821 822/822/822
f 724/724/724 822/822/822 725/725/725
f 725/725/725 822/822/822 823/823/823
f 725/725/725 823/823/823 726/726/726
f 726/726/726 823/823/823 824/824/824
f 726/726/726 824/824/824 727/727/727
f 727/727/727 824/824/824 825/825/825
f 727/727/727 825/825/825 728/728/728
f 728/728/728 825/825/825 826/826/826
f 728/728/728 826/826/826 729/729/729
f 729/729/729 826/826/826 827/827/827
f 729/729/729 827/827/827 730/730/730
f 730/730/730 827/827/827 828/828/828
f 730/730/730 828/828/828 731/731/731
f 731/731/731 828/828/828 829/829/829
f 731/731/731 829/829/829 732/732/732
f 732/732/732 829/829/829 830/830/830
f 732/732/732 830/830/830 733/733/733
f 733/733/733 830/830/830 831/831/831
f 733/733/733 831/831/831 734/734/734
f 734/734/734 831/831/831 832/832/832
f 734/734/734 832/832/832 735/735/735
f 735/735/735 832/832/832 833/833/833
f 735/735/735 833/833/833 736/736/736
f 736/736/736 833/833/833 834/834/834
f 736/736/736 834/834/834 737/737/737
f 737/737/737 834/834/834 835/835/835
f 737/737/737 835/835/835 738/738/738
f 738/738/738 835/835/835 836/836/836
f 738/738/738 836/836/836 739/739/739
f 739/739/739 836/836/836 837/837/837
f 739/739/739 837/837/837 740/740/740
f 740/740/740 837/837/837 838/838/838
f 740/740/740 838/838/838 741/741/741
f 741/741/741 838/838/838 839/839/839
f 741/741/741 839/839/839 742/742/742
f 742/742/742 839/839/839 840/840/840
f 742/742/742 840/840/840 743/743/743
f 743/743/743 840/840/840 841/841/841
f 743/743/743 841/841/841 744/744/744
f 744/744/744 841/841/841 842/842/842
f 744/744/744 842/842/842 745/745/745
f 745/745/745 842/842/842 843/843/843
f 745/745/745 843/843/843 746/746/746
f 746/746/746 843/843/843 844/844/844
f 746/746/746 844/844/844 747/747/747
f 747/747/747 844/844/844 845/845/845
f 747/747/747 845/845/845 748/748/748
f 748/748/748 845/845/845 846/846/846
f 748/748/748 846/846/846 749/749/749
f 749/749/749 846/846/846 847/847/847
f 749/749/749 847/847/847 750/750/750
f 750/750/750 847/847/847 848/848/848
f 750/750/750 848/848/848 751/751/751
f 751/751/751 848/848/848 849/849/849
f 751/751/751 849/849/849 752/752/752
f 752/752/752 849/849/849 850/850/850
f 752/752/752 850/850/850 753/753/753
f 753/753/753 850/850/850 851/851/851
f 753/753/753 851/851/851 754/754/754
f 754/754/754 851/851/851 852/852/852
f 754/754/754 852/852/852 755/755/755
f 755/755/755 852/852/852 853/853/853
f 755/755/755 853/853/853 756/756/756
f 756/756/756 853/853/853 854/854/854
f 756/756/756 854/854/854 757/757/757
f 757/757/757 854/854/854 855/855/855
f 757/757/757 855/855/855 758/758/758
f 758/758/758 855/855/855 856/856/856
f 758/758/758 856/856/856 759/759/759
f 759/759/759 856/856/856 857/857/857
f 759/759/759 857/857/857 760/760/760
f 760/760/760 857/857/857 858/858/858
f 760/760/760 858/858/858 761/761/761
f 761/761/761 858/858/858 859/859/859
f 761/761/761 859/859/859 762/762/762
f 762/762/762 859/859/859 860/860/860
f 762/762/762 860/860/860 763/763/763
f 763/763/763 860/860/860 861/861/861
f 763/763/763 861/861/861 764/764/764
f 764/764/764 861/861/861 862/862/862
f 764/764/764 862/862/862 765/765/765
f 765/765/765 862/862/862 863/863/863
f 765/765/765 863/863/863 766/766/766
f 766/766/766 863/863/863 864/864/864
f 766/766/766 864/864/864 767/767/767
f 767/767/767 864/864/864 865/865/865
f 767/767/767 865/865/865 768/768/768
f 768/768/768 865/865/865 866/866/866
f 768/768/768 866/866/866 769/769/769
f 769/769/769 866/866/866 867/867/867
f 769/769/769 867/867/867 770/770/770
f 770/770/770 867/867/867 868/868/868
f 770/770/770 868/868/868 771/771/771
f 771/771/771 868/868/868 869/869/869
f 771/771/771 869/869/869 772/772/772
f 772/772/772 869/869/869 870/870/870
f 772/772/772 870/870/870 773/773/773
f 773/773/773 870/870/870 871/871/871
f 773/773/773 871/871/871 774/774/774
f 774/774/774 871/871/871 872/872/872
f 774/774/774 872/872/872 775/775/775
f 776/776/776 873/873/873 874/874/874
f 776/776/776 874/874/874 777/777/777
f 777/777/777 874/874/874 875/875/875
f 777/777/777 875/875/875 778/778/778
f 778/778/778 875/875/875 876/876/876
f 778/778/778 876/876/876 779/779/779
f 779/779/779 876/876/876 877/877/877
f 779/779/779 877/877/877 780/780/780
f 780/780/780 877/877/877 878/878/878
f 780/780/780 878/878/878 781/781/781
f 781/781/781 878/878/878 879/879/879
f 781/781/781 879/879/879 782/782/782
f 782/782/782 879/879/879 880/880/880
f 782/782/782 880/880/880 783/783/783
f 783/783/783 880/880/880 881/881/881
f 783/783/783 881/881/881 784/784/784
f 784/784/784 881/881/881 882/882/882
f 784/784/784 882/882/882 785/785/785
f 785/785/785 882/882/882 883/883/883
f 785/785/785 883/883/883 786/786/786
f 786/786/786 883/883/883 884/884/884
f 786/786/786 884/884/884 787/787/787
f 787/787/787 884/884/884 885/885/885
f 787/787/787 885/885/885 788/788/788
f 788/788/788 885/885/885 886/886/886
f 788/788/788 886/886/886 789/789/789
f 789/789/789 886/886/886 887/887/887
f 789/789/789 887/887/887 790/790/790
f 790/790/790 887/887/887 888/888/888
f 790/790/790 888/888/888 791/791/791
f 791/791/791 888/888/888 889/889/889
f 791/791/791 889/889/889 792/792/792
f 792/792/792 889/889/889 890/890/890
f 792/792/792 890/890/890 793/793/793
f 793/793/793 890/890/890 891/891/891
f 793/793/793 891/891/891 794/794/794
f 794/794/794 891/891/891 892/892/892
f 794/794/794 892/892/892 795/795/795
f 795/795/795 892/892/892 893/893/893
f 795/795/795 893/893/893 796/796/796
f 796/796/796 893/893/893 894/894/894
f 796/796/796 894/894/894 797/797/797
f 797/797/797 894/894/894 895/895/895
f 797/797/797 895/895/895 798/798/798
f 798/798/798 895/895/895 896/896/896
f 798/798/798 896/896/896 799/799/799
f 799/799/799 896/896/896 897/897/897
f 799/799/799 897/897/897 800/800/800
f 800/800/800 897/897/897 898/898/898
f 800/800/800 898/898/898 801/801/801
f 801/801/801 898/898/898 899/899/899
f 801/801/801 899/899/899 802/802/802
f 802/802/802 899/899/899 900/900/900
f 802/802/802 900/900/900 803/803/803
f 803/803/803 900/900/900 901/901/901
f 803/803/803 901/901/901 804/804/804
f 804/804/804 901/901/901 902/902/902
f 804/804/804 902/902/902 805/805/805
f 805/805/805 902/902/902 903/903/903
f 805/805/805 903/903/903 806/806/806
f 806/806/806 903/903/903 904/904/904
f 806/806/806 904/904/904 807/807/807
f 807/807/807 904/904/904 905/905/905
f 807/807/807 905/905/905 808/808/808
f 808/808/808 905/905/905 906/906/906
f 808/808/808 906/906/906 809/809/809
f 809/809/809 906/906/906 907/907/907
f 809/809/809 907/907/907 810/810/810
f 810/810/810 907/907/907 908/908/908
f 810/810/810 908/908/908 811/811/811
f 811/811/811 908/908/908 909/909/909
f 811/811/811 909/909/909 812/812/812
f 812/812/812 909/909/909 910/910/910
f 812/812/812 910/910/910 813/813/813
f 813/813/813 910/910/910 911/911/911
f 813/813/813 911/911/911 814/814/814
f 814/814/814 911/911/911 912/912/912
f 814/814/814 912/912/912 815/815/815
f 815/815/815 912/912/912 913/913/913
f 815/815/815 913/913/913 816/816/816
f 816/816/816 913/913/913 914/914/914
f 816/816/816 914/914/914 817/817/817
f 817/817/817 914/914/914 915/915/915
f 817/817/817 915/915/915 818/818/818
f 818/818/818 915/915/915 916/916/916
f 818/818/818 916/916/916 819/819/819
f 819/819/819 916/916/916 917/917/917
f 819/819/819 917/917/917 820/820/820
f 820/820/820 917/917/917 918/918/918
f 820/820/820 918/918/918 821/821/821
f 821/821/821 918/918/918 919/919/919
f 821/821/821 919/919/919 822/822/822
f 822/822/822 919/919/919 920/920/920
f 822/822/822 920/920/920 823/823/823
f 823/823/823 920/920/920 921/921/921
f 823/823/823 921/921/921 824/824/824
f 824/824/824 921/921/921 922/922/922
f 824/824/824 922/922/922 825/825/825
f 825/825/825 922/922/922 923/923/923
f 825/825/825 923/923/923 826/826/826
f 826/826/826 923/923/923 924/924/924
f 826/826/826 924/924/924 827/827/827
f 827/827/827 924/924/924 925/925/925
f 827/827/827 925/925/925 828/828/828
f 828/828/828 925/925/925 926/926/926
f 828/828/828 926/926/926 829/829/829
f 829/829/829 926/926/926 927/927/927
f 829/829/829 927/927/927 830/830/830
f 830/830/830 927/927/927 928/928/928
f 830/830/830 928/928/928 831/831/831
f 831/831/831 928/928/928 929/929/929
f 831/831/831 929/929/929 832/832/832
f 832/832/832 929/929/929 930/930/930
f 832/832/832 930/930/930 833/833/833
f 833/833/833 930/930/930 931/931/931
f 833/833/833 931/931/931 834/834/834
f 834/834/834 931/931/931 932/932/932
f 834/834/834 932/932/932 835/835/835
f 835/835/835 932/932/932 933/933/933
f 835/835/835 933/933/933 836/836/836
f 836/836/836 933/933/933 934/934/934
f 836/836/836 934/934/934 837/837/837
f 837/837/837 934/934/934 935/935/935
f 837/837/837 935/935/935 838/838/838
f 838/838/838 935/935/935 936/936/936
f 838/838/838 936/936/936 839/839/839
f 839/839/839 936/936/936 937/937/937
f 839/839/839 937/937/937 840/840/840
f 840/840/840 937/937/937 938/938/938
f 840/840/840 938/938/938 841/841/841
f 841/841/841 938/938/938 939/939/939
f 841/841/841 939/939/939 842/842/842
f 842/842/842 939/939/939 940/940/940
f 842/842/842 940/940/940 843/843/843
f 843/843/843 940/940/940 941/941/941
f 843/843/843 941/941/941 844/844/844
f 844/844/844 941/941/941 942/942/942
f 844/844/844 942/942/942 845/845/845
f 845/845/845 942/942/942 943/943/943
f 845/845/845 943/943/943 846/846/846
f 846/846/846 943/943/943 944/944/944
f 846/846/846 944/944/944 847/847/847
f 847/847/847 944/944/944 945/945/945
f 847/847/847 945/945/945 848/848/848
f 848/848/848 945/945/945 946/946/946
f 848/848/848 946/946/946 849/849/849
f 849/849/849 946/946/946 947/947/947
f 849/849/849 947/947/947 850/850/850
f 850/850/850 947/947/947 948/948/948
f 850/850/850 948/948/948 851/851/851
f 851/851/851 948/948/948 949/949/949
f 851/851/851 949/949/949 852/852/852
f 852/852/852 949/949/949 950/950/950
f 852/852/852 950/950/950 853/853/853
f 853/853/853 950/950/950 951/951/951
f 853/853/853 951/951/951 854/854/854
f 854/854/854 951/951/951 952/952/952
f 854/854/854 952/952/952 855/855/855
f 855/855/855 952/952/952 953/953/953
f 855/855/855 953/953/953 856/856/856
f 856/856/856 953/953/953 954/954/954
f 856/856/856 954/954/954 857/857/857
f 857/857/857 954/954/954 955/955/955
f 857/857/857 955/955/955 858/858/858
f 858/858/858 955/955/955 956/956/956
f 858/858/858 956/956/956 859/859/859
f 859/859/859 956/956/956 957/957/957
f 859/859/859 957/957/957 860/860/860
f 860/860/860 957/957/957 958/958/958
f 860/860/860 958/958/958 861/861/861
f 861/861/861 958/958/958 959/959/959
f 861/861/861 959/959/959 862/862/862
f 862/862/862 959/959/959 960/960/960
f 862/862/862 960/960/960 863/863/863
f 863/863/863 960/960/960 961/961/961
f 863/863/863 961/961/961 864/864/864
f 864/864/864 961/961/961 962/962/962
f 864/864/864 962/962/962 865/865/865
f 865/865/865 962/962/962 963/963/963
f 865/865/865 963/963/963 866/866/866
f 866/866/866 963/963/963 964/964/964
f 866/866/866 964/964/964 867/867/867
f 867/867/867 964/964/964 965/965/965
f 867/867/867 965/965/965 868/868/868
f 868/868/868 965/965/965 966/966/966
f 868/868/868 966/966/966 869/869/869
f 869/869/869 966/966/966 967/967/967
f 869/869/869 967/967/967 870/870/870
f 870/870/870 967/967/967 968/968/968
f 870/870/870 968/968/968 871/871/871
f 871/871/871 968/968/968 969/969/969
f 871/871/871 969/969/969 872/872/872
f 873/873/873 970/970/970 971/971/971
f 873/873/873 971/971/971 874/874/874
f 874/874/874 971/971/971 972/972/972
f 874/874/874 972/972/972 875/875/875
f 875/875/875 972/972/972 973/973/973
f 875/875/875 973/973/973 876/876/876
f 876/876/876 973/973/973 974/974/974
f 876/876/876 974/974/974 877/877/877
f 877/877/877 974/974/974 975/975/975
f 877/877/877 975/975/975 878/878/878
f 878/878/878 975/975/975 976/976/976
f 878/878/878 976/976/976 879/879/879
f 879/879/879 976/976/976 977/977/977
f 879/879/879 977/977/977 880/880/880
f 880/880/880 977/977/977 978/978/978
f 880/880/880 978/978/978 881/881/881
f 881/881/881 978/978/978 979/979/979
f 881/881/881 979/979/979 882/882/882
f 882/882/882 979/979/979 980/980/980
f 882/882/882 980/980/980 883/883/883
f 883/883/883 980/980/980 981/981/981
f 883/883/883 981/981/981 884/884/884
f 884/884/884 981/981/981 982/982/982
f 884/884/884 982/982/982 885/885/885
f 885/885/885 982/982/982 983/983/983
f 885/885/885 983/983/983 886/886/886
f 886/886/886 983/983/983 984/984/984
f 886/886/886 984/984/984 887/887/887
f 887/887/887 984/984/984 985/985/985
f 887/887/887 985/985/985 888/888/888
f 888/888/888 985/985/985 986/986/986
f 888/888/888 986/986/986 889/889/889
f 889/889/889 986/986/986 987/987/987
f 889/889/889 987/987/987 890/890/890
f 890/890/890 987/987/987 988/988/988
f 890/890/890 988/988/988 891/891/891
f 891/891/891 988/988/988 989/989/989
f 891/891/891 989/989/989 892/892/892
f 892/892/892 989/989/989 990/990/990
f 892/892/892 990/990/990 893/893/893
f 893/893/893 990/990/990 991/991/991
f 893/893/893 991/991/991 894/894/894
f 894/894/894 991/991/991 992/992/992
f 894/894/894 992/992/992 895/895/895
f 895/895/895 992/992/992 993/993/993
f 895/895/895 993/993/993 896/896/896
f 896/896/896 993/993/993 994/994/994
f 896/896/896 994/994/994 897/897/897
f 897/897/897 994/994/994 995/995/995
f 897/897/897 995/995/995 898/898/898
f 898/898/898 995/995/995 996/996/996
f 898/898/898 996/996/996 899/899/899
f 899/899/899 996/996/996 997/997/997
f 899/899/899 997/997/997 900/900/900
f 900/900/900 997/997/997 998/998/998
f 900/900/900 998/998/998 901/901/901
f 901/901/901 998/998/998 999/999/999
f 901/901/901 999/999/999 902/902/902
f 902/902/902 999/999/999 1000/1000/1000
f 902/902/902 1000/1000/1000 903/903/903
f 903/903/903 1000/1000/1000 1001/1001/1001
f 903/903/903 1001/1001/1001 904/904/904
f 904/904/904 1001/1001/1001 1002/1002/1002
f 904/904/904 1002/1002/1002 905/905/905
f 905/905/905 1002/1002/1002 1003/1003/1003
f 905/905/905 1003/1003/1003 906/906/906
f 906/906/906 1003/1003/1003 1004/1004/1004
f 906/906/906 1004/1004/1004 907/907/907
f 907/907/907 1004/1004/1004 1005/1005/1005
f 907/907/907 1005/1005/1005 908/908/908
f 908/908/908 1005/1005/1005 1006/1006/1006
f 908/908/908 1006/1006/1006 909/909/909
f 909/909/909 1006/1006/1006 1007/1007/1007
f 909/909/909 1007/1007/1007 910/910/910
f 910/910/910 1007/1007/1007 1008/1008/1008
f 910/910/910 1008/1008/1008 911/911/911
f 911/911/911 1008/1008/1008 1009/1009/1009
f 911/911/911 1009/1009/1009 912/912/912
f 912/912/912 1009/1009/1009 1010/1010/1010
f 912/912/912 1010/1010/1010 913/913/913
f 913/913/913 1010/1010/1010 1011/1011/1011
f 913/913/913 1011/1011/1011 914/914/914
f 914/914/914 1011/1011/1011 1012/1012/1012
f 914/914/914 1012/1012/1012 915/915/915
f 915/915/915 1012/1012/1012 1013/1013/1013
f 915/915/915 1013/1013/1013 916/916/916
f 916/916/916 1013/1013/1013 1014/1014/1014
f 916/916/916 1014/1014/1014 917/917/917
f 917/917/917 1014/1014/1014 1015/1015/1015
f 917/917/917 1015/1015/1015 918/918/918
f 918/918/918 1015/1015/1015 1016/1016/1016
f 918/918/918 1016/1016/1016 919/919/919
f 919/919/919 1016/1016/1016 1017/1017/1017
f 919/919/919 1017/1017/1017 920/920/920
f 920/920/920 1017/1017/1017 1018/1018/1018
f 920/920/920 1018/1018/1018 921/921/921
f 921/921/921 1018/1018/1018 1019/1019/1019
f 921/921/921 1019/1019/1019 922/922/922
f 922/922/922 1019/1019/1019 1020/1020/1020
f 922/922/922 1020/1020/1020 923/923/923
f 923/923/923 1020/1020/1020 1021/1021/1021
f 923/923/923 1021/1021/1021 924/924/924
f 924/924/924 1021/1021/1021 1022/1022/1022
f 924/924/924 1022/1022/1022 925/925/925
f 925/925/925 1022/1022/1022 1023/1023/1023
f 925/925/925 1023/1023/1023 926/926/926
f 926/926/926 1023/1023/1023 1024/1024/1024
f 926/926/926 1024/1024/1024 927/927/927
f 927/927/927 1024/1024/1024 1025/1025/1025
f 927/927/927 1025/1025/1025 928/928/928
f 928/928/928 1025/1025/1025 1026/1026/1026
f 928/928/928 1026/1026/1026 929/929/929
f 929/929/929 1026/1026/1026 1027/1027/1027
f 929/929/929 1027/1027/1027 930/930/930
f 930/930/930 1027/1027/1027 1028/1028/1028
f 930/930/930 1028/1028/1028 931/931/931
f 931/931/931 1028/1028/1028 1029/1029/1029
f 931/931/931 1029/1029/1029 932/932/932
f 932/932/932 1029/1029/1029 1030/1030/1030
f 932/932/932 1030/1030/1030 933/933/933
f 933/933/933 1030/1030/1030 1031/1031/1031
f 933/933/933 1031/1031/1031 934/934/934
f 934/934/934 1031/1031/1031 1032/1032/1032
f 934/934/934 1032/1032/1032 935/935/935
f 935/935/935 1032/1032/1032 1033/1033/1033
f 935/935/935 1033/1033/1033 936/936/936
f 936/936/936 1033/1033/1033 1034/1034/1034
f 936/936/936 1034/1034/1034 937/937/937
f 937/937/937 1034/1034/1034 1035/1035/1035
f 937/937/937 1035/1035/1035 938/938/938
f 938/938/938 1035/1035/1035 1036/1036/1036
f 938/938/938 1036/1036/1036 939/939/939
f 939/939/939 1036/1036/1036 1037/1037/1037
f 939/939/939 1037/1037/1037 940/940/940
f 940/940/940 1037/1037/1037 1038/1038/1038
f 940/940/940 1038/1038/1038 941/941/941
f 941/941/941 1038/1038/1038 1039/1039/1039
f 941/941/941 1039/1039/1039 942/942/942
f 942/942/942 1039/1039/1039 1040/1040/1040
f 942/942/942 1040/1040/1040 943/943/943
f 943/943/943 1040/1040/1040 1041/1041/1041
f 943/943/943 1041/1041/1041 944/944/944
f 944/944/944 1041/1041/1041 1042/1042/1042
f 944/944/944 1042/1042/1042 945/945/945
f 945/945/945 1042/1042/1042 1043/1043/1043
f 945/945/945 1043/1043/1043 946/946/946
f 946/946/946 1043/1043/1043 1044/1044/1044
f 946/946/946 1044/1044/1044 947/947/947
f 947/947/947 1044/1044/1044 1045/1045/1045
f 947/947/947 1045/1045/1045 948/948/948
f 948/948/948 1045/1045/1045 1046/1046/1046
f 948/948/948 1046/1046/1046 949/949/949
f 949/949/949 1046/1046/1046 1047/1047/1047
f 949/949/949 1047/1047/1047 950/950/950
f 950/950/950 1047/1047/1047 1048/1048/1048
f 950/950/950 1048/1048/1048 951/951/951
f 951/951/951 1048/1048/1048 1049/1049/1049
f 951/951/951 1049/1049/1049 952/952/952
f 952/952/952 1049/1049/1049 1050/1050/1050
f 952/952/952 1050/1050/1050 953/953/953
f 953/953/953 1050/1050/1050 1051/1051/1051
f 953/953/953 1051/1051/1051 954/954/954
f 954/954/954 1051/1051/1051 1052/1052/1052
f 954/954/954 1052/1052/1052 955/955/955
f 955/955/955 1052/1052/1052 1053/1053/1053
f 955/955/955 1053/1053/1053 956/956/956
f 956/956/956 1053/1053/1053 1054/1054/1054
f 956/956/956 1054/1054/1054 957/957/957
f 957/957/957 1054/1054/1054 1055/1055/1055
f 957/957/957 1055/1055/1055 958/958/958
f 958/958/958 1055/1055/1055 1056/1056/1056
f 958/958/958 1056/1056/1056 959/959/959
f 959/959/959 1056/1056/1056 1057/1057/1057
f 959/959/959 1057/1057/1057 960/960/960
f 960/960/960 1057/1057/1057 1058/1058/1058
f 960/960/960 1058/1058/1058 961/961/961
f 961/961/961 1058/1058/1058 1059/1059/1059
f 961/961/961 1059/1059/1059 962/962/962
f 962/962/962 1059/1059/1059 1060/1060/1060
f 962/962/962 1060/1060/1060 963/963/963
f 963/963/963 1060/1060/1060 1061/1061/1061
f 963/963/963 1061/1061/1061 964/964/964
f 964/964/964 1061/1061/1061 1062/1062/1062
f 964/964/964 1062/1062/1062 965/965/965
f 965/965/965 1062/1062/1062 1063/1063/1063
f 965/965/965 1063/1063/1063 966/966/966
f 966/966/966 1063/1063/1063 1064/1064/1064
f 966/966/966 1064/1064/1064 967/967/967
f 967/967/967 1064/1064/1064 1065/1065/1065
f 967/967/967 1065/1065/1065 968/968/968
f 968/968/968 1065/1065/1065 1066/1066/1066
f 968/968/968 1066/1066/1066 969/969/969
f 970/970/970 1067/1067/1067 1068/1068/1068
f 970/970/970 1068/1068/1068 971/971/971
f 971/971/971 1068/1068/1068 1069/1069/1069
f 971/971/971 1069/1069/1069 972/972/972
f 972/972/972 1069/1069/1069 1070/1070/1070
f 972/972/972 1070/1070/1070 973/973/973
f 973/973/973 1070/1070/1070 1071/1071/1071
f 973/973/973 1071/1071/1071 974/974/974
f 974/974/974 1071/1071/1071 1072/1072/1072
f 974/974/974 1072/1072/1072 975/975/975
f 975/975/975 1072/1072/1072 1073/1073/1073
f 975/975/975 1073/1073/1073 976/976/976
f 976/976/976 1073/1073/1073 1074/1074/1074
f 976/976/976 1074/1074/1074 977/977/977
f 977/977/977 1074/1074/1074 1075/1075/1075
f 977/977/977 1075/1075/1075 978/978/978
f 978/978/978 1075/1075/1075 1076/1076/1076
f 978/978/978 1076/1076/1076 979/979/979
f 979/979/979 1076/1076/1076 1077/1077/1077
f 979/979/979 1077/1077/1077 980/980/980
f 980/980/980 1077/1077/1077 1078/1078/1078
f 980/980/980 1078/1078/1078 981/981/981
f 981/981/981 1078/1078/1078 1079/1079/1079
f 981/981/981 1079/1079/1079 982/982/982
f 982/982/982 1079/1079/1079 1080/1080/1080
f 982/982/982 1080/1080/1080 983/983/983
f 983/983/983 1080/1080/1080 1081/1081/1081
f 983/983/983 1081/1081/1081 984/984/984
f 984/984/984 1081/1081/1081 1082/1082/1082
f 984/984/984 1082/1082/1082 985/985/985
f 985/985/985 1082/1082/1082 1083/1083/1083
f 985/985/985 1083/1083/1083 986/986/986
f 986/986/986 1083/1083/1083 1084/1084/1084
f 986/986/986 1084/1084/1084 987/987/987
f 987/987/987 1084/1084/1084 1085/1085/1085
f 987/987/987 1085/1085/1085 988/988/988
f 988/988/988 1085/1085/1085 1086/1086/1086
f 988/988/988 1086/1086/1086 989/989/989
f 989/989/989 1086/1086/1086 1087/1087/1087
f 989/989/989 1087/1087/1087 990/990/990
f 990/990/990 1087/1087/1087 1088/1088/1088
f 990/990/990 1088/1088/1088 991/991/991
f 991/991/991 1088/1088/1088 1089/1089/1089
f 991/991/991 1089/1089/1089 992/992/992
f 992/992/992 1089/1089/1089 1090/1090/1090
f 992/992/992 1090/1090/1090 993/993/993
f 993/993/993 1090/1090/1090 1091/1091/1091
f 993/993/993 1091/1091/1091 994/994/994
f 994/994/994 1091/1091/1091 1092/1092/1092
f 994/994/994 1092/1092/1092 995/995/995
f 995/995/995 1092/1092/1092 1093/1093/1093
f 995/995/995 1093/1093/1093 996/996/996
f 996/996/996 1093/1093/1093 1094/1094/1094
f 996/996/996 1094/1094/1094 997/997/997
f 997/997/997 1094/1094/1094 1095/1095/1095
f 997/997/997 1095/1095/1095 998/998/998
f 998/998/998 1095/1095/1095 1096/1096/1096
f 998/998/998 1096/1096/1096 999/999/999
f 999/999/999 1096/1096/1096 1097/1097/1097
f 999/999/999 1097/1097/1097 1000/1000/1000
f 1000/1000/1000 1097/1097/1097 1098/1098/1098
f 1000/1000/1000 1098/1098/1098 1001/1001/1001
f 1001/1001/1001 1098/1098/1098 1099/1099/1099
f 1001/1001/1001 1099/1099/1099 1002/1002/1002
f 1002/1002/1002 1099/1099/1099 1100/1100/1100
f 1002/1002/1002 1100/1100/1100 1003/1003/1003
f 1003/1003/1003 1100/1100/1100 1101/1101/1101
f 1003/1003/1003 1101/1101/1101 1004/1004/1004
f 1004/1004/1004 1101/1101/1101 1102/1102/1102
f 1004/1004/1004 1102/1102/1102 1005/1005/1005
f 1005/1005/1005 1102/1102/1102 1103/1103/1103
f 1005/1005/1005 1103/1103/1103 1006/1006/1006
f 1006/1006/1006 1103/1103/1103 1104/1104/1104
f 1006/1006/1006 1104/1104/1104 1007/1007/1007
f 1007/1007/1007 1104/1104/1104 1105/1105/1105
f 1007/1007/1007 1105/1105/1105 1008/1008/1008
f 1008/1008/1008 1105/1105/1105 1106/1106/1106
f 1008/1008/1008 1106/1106/1106 1009/1009/1009
f 1009/1009/1009 1106/1106/1106 1107/1107/1107
f 1009/1009/1009 1107/1107/1107 1010/1010/1010
f 1010/1010/1010 1107/1107/1107 1108/1108/1108
f 1010/1010/1010 1108/1108/1108 1011/1011/1011
f 1011/1011/1011 1108/1108/1108 1109/1109/1109
f 1011/1011/1011 1109/1109/1109 1012/1012/1012
f 1012/1012/1012 1109/1109/1109 1110/1110/1110
f 1012/1012/1012 1110/1110/1110 1013/1013/1013
f 1013/1013/1013 1110/1110/1110 1111/1111/1111
f 1013/1013/1013 1111/1111/1111 1014/1014/1014
f 1014/1014/1014 1111/1111/1111 1112/1112/1112
f 1014/1014/1014 1112/1112/1112 1015/1015/1015
f 1015/1015/1015 1112/1112/1112 1113/1113/1113
f 1015/1015/1015 1113/1113/1113 1016/1016/1016
f 1016/1016/1016 1113/1113/1113 1114/1114/1114
f 1016/1016/1016 1114/1114/1114 1017/1017/1017
f 1017/1017/1017 1114/1114/1114 1115/1115/1115
f 1017/1017/1017 1115/1115/1115 1018/1018/1018
f 1018/1018/1018 1115/1115/1115 1116/1116/1116
f 1018/1018/1018 1116/1116/1116 1019/1019/1019
f 1019/1019/1019 1116/1116/1116 1117/1117/1117
f 1019/1019/1019 1117/1117/1117 1020/1020/1020
f 1020/1020/1020 1117/1117/1117 1118/1118/1118
f 1020/1020/1020 1118/1118/1118 1021/1021/1021
f 1021/1021/1021 1118/1118/1118 1119/1119/1119
f 1021/1021/1021 1119/1119/1119 1022/1022/1022
f 1022/1022/1022 1119/1119/1119 1120/1120/1120
f 1022/1022/1022 1120/1120/1120 1023/1023/1023
f 1023/1023/1023 1120/1120/1120 1121/1121/1121
f 1023/1023/1023 1121/1121/1121 1024/1024/1024
f 1024/1024/1024 1121/1121/1121 1122/1122/1122
f 1024/1024/1024 1122/1122/1122 1025/1025/1025
f 1025/1025/1025 1122/1122/1122 1123/1123/1123
f 1025/1025/1025 1123/1123/1123 1026/1026/1026
f 1026/1026/1026 1123/1123/1123 1124/1124/1124
f 1026/1026/1026 1124/1124/1124 1027/1027/1027
f 1027/1027/1027 1124/1124/1124 1125/1125/1125
f 1027/1027/1027 1125/1125/1125 1028/1028/1028
f 1028/1028/1028 1125/1125/1125 1126/1126/1126
f 1028/1028/1028 1126/1126/1126 1029/1029/1029
f 1029/1029/1029 1126/1126/1126 1127/1127/1127
f 1029/1029/1029 1127/1127/1127 1030/1030/1030
f 1030/1030/1030 1127/1127/1127 1128/1128/1128
f 1030/1030/1030 1128/1128/1128 1031/1031/1031
f 1031/1031/1031 1128/1128/1128 1129/1129/1129
f 1031/1031/1031 1129/1129/1129 1032/1032/1032
f 1032/1032/1032 1129/1129/1129 1130/1130/1130
f 1032/1032/1032 1130/1130/1130 1033/1033/1033
f 1033/1033/1033 1130/1130/1130 1131/1131/1131
f 1033/1033/1033 1131/1131/1131 1034/1034/1034
f 1034/1034/1034 1131/1131/1131 1132/1132/1132
f 1034/1034/1034 1132/1132/1132 1035/1035/1035
f 1035/1035/1035 1132/1132/1132 1133/1133/1133
f 1035/1035/1035 1133/1133/1133 1036/1036/1036
f 1036/1036/1036 1133/1133/1133 1134/1134/1134
f 1036/1036/1036 1134/1134/1134 1037/1037/1037
f 1037/1037/1037 1134/1134/1134 1135/1135/1135
f 1037/1037/1037 1135/1135/1135 1038/1038/1038
f 1038/1038/1038 1135/1135/1135 1136/1136/1136
f 1038/1038/1038 1136/1136/1136 1039/1039/1039
f 1039/1039/1039 1136/1136/1136 1137/1137/1137
f 1039/1039/1039 1137/1137/1137 1040/1040/1040
f 1040/1040/1040 1137/1137/1137 1138/1138/1138
f 1040/1040/1040 1138/1138/1138 1041/1041/1041
f 1041/1041/1041 1138/1138/1138 1139/1139/1139
f 1041/1041/1041 1139/1139/1139 1042/1042/1042
f 1042/1042/1042 1139/1139/1139 1140/1140/1140
f 1042/1042/1042 1140/1140/1140 1043/1043/1043
f 1043/1043/1043 1140/1140/1140 1141/1141/1141
f 1043/1043/1043 1141/1141/1141 1044/1044/1044
f 1044/1044/1044 1141/1141/1141 1142/1142/1142
f 1044/1044/1044 1142/1142/1142 1045/1045/1045
f 1045/1045/1045 1142/1142/1142 1143/1143/1143
f 1045/1045/1045 1143/1143/1143 1046/1046/1046
f 1046/1046/1046 1143/1143/1143 1144/1144/1144
f 1046/1046/1046 1144/1144/1144 1047/1047/1047
f 1047/1047/1047 1144/1144/1144 1145/1145/1145
f 1047/1047/1047 1145/1145/1145 1048/1048/1048
f 1048/1048/1048 1145/1145/1145 1146/1146/1146
f 1048/1048/1048 1146/1146/1146 1049/1049/1049
f 1049/1049/1049 1146/1146/1146 1147/1147/1147
f 1049/1049/1049 1147/1147/1147 1050/1050/1050
f 1050/1050/1050 1147/1147/1147 1148/1148/1148
f 1050/1050/1050 1148/1148/1148 1051/1051/1051
f 1051/1051/1051 1148/1148/1148 1149/1149/1149
f 1051/1051/1051 1149/1149/1149 1052/1052/1052
f 1052/1052/1052 1149/1149/1149 1150/1150/1150
f 1052/1052/1052 1150/1150/1150 1053/1053/1053
f 1053/1053/1053 1150/1150/1150 1151/1151/1151
f 1053/1053/1053 1151/1151/1151 1054/1054/1054
f 1054/1054/1054 1151/1151/1151 1152/1152/1152
f 1054/1054/1054 1152/1152/1152 1055/1055/1055
f 1055/1055/1055 1152/1152/1152 1153/1153/1153
f 1055/1055/1055 1153/1153/1153 1056/1056/1056
f 1056/1056/1056 1153/1153/1153 1154/1154/1154
f 1056/1056/1056 1154/1154/1154 1057/1057/1057
f 1057/1057/1057 1154/1154/1154 1155/1155/1155
f 1057/1057/1057 1155/1155/1155 1058/1058/1058
f 1058/1058/1058 1155/1155/1155 1156/1156/1156
f 1058/1058/1058 1156/1156/1156 1059/1059/1059
f 1059/1059/1059 1156/1156/1156 1157/1157/1157
f 1059/1059/1059 1157/1157/1157 1060/1060/1060
f 1060/1060/1060 1157/1157/1157 1158/1158/1158
f 1060/1060/1060 1158/1158/1158 1061/1061/1061
f 1061/1061/1061 1158/1158/1158 1159/1159/1159
f 1061/1061/1061 1159/1159/1159 1062/1062/1062
f 1062/1062/1062 1159/1159/1159 1160/1160/1160
f 1062/1062/1062 1160/1160/1160 1063/1063/1063
f 1063/1063/1063 1160/1160/1160 1161/1161/1161
f 1063/1063/1063 1161/1161/1161 1064/1064/1064
f 1064/1064/1064 1161/1161/1161 1162/1162/1162
f 1064/1064/1064 1162/1162/1162 1065/1065/1065
f 1065/1065/1065 1162/1162/1162 1163/1163/1163
f 1065/1065/1065 1163/1163/1163 1066/1066/1066
f 1067/1067/1067 1164/1164/1164 1165/1165/1165
f 1067/1067/1067 1165/1165/1165 1068/1068/1068
f 1068/1068/1068 1165/1165/1165 1166/1166/1166
f 1068/1068/1068 1166/1166/1166 1069/1069/1069
f 1069/1069/1069 1166/1166/1166 1167/1167/1167
f 1069/1069/1069 1167/1167/1167 1070/1070/1070
f 1070/1070/1070 1167/1167/1167 1168/1168/1168
f 1070/1070/1070 1168/1168/1168 1071/1071/1071
f 1071/1071/1071 1168/1168/1168 1169/1169/1169
f 1071/1071/1071 1169/1169/1169 1072/1072/1072
f 1072/1072/1072 1169/1169/1169 1170/1170/1170
f 1072/1072/1072 1170/1170/1170 1073/1073/1073
f 1073/1073/1073 1170/1170/1170 1171/1171/1171
f 1073/1073/1073 1171/1171/1171 1074/1074/1074
f 1074/1074/1074 1171/1171/1171 1172/1172/1172
f 1074/1074/1074 1172/1172/1172 1075/1075/1075
f 1075/1075/1075 1172/1172/1172 1173/1173/1173
f 1075/1075/1075 1173/1173/1173 1076/1076/1076
f 1076/1076/1076 1173/1173/1173 1174/1174/1174
f 1076/1076/1076 1174/1174/1174 1077/1077/1077
f 1077/1077/1077 1174/1174/1174 1175/1175/1175
f 1077/1077/1077 1175/1175/1175 1078/1078/1078
f 1078/1078/1078 1175/1175/1175 1176/1176/1176
f 1078/1078/1078 1176/1176/1176 1079/1079/1079
f 1079/1079/1079 1176/1176/1176 1177/1177/1177
f 1079/1079/1079 1177/1177/1177 1080/1080/1080
f 1080/1080/1080 1177/1177/1177 1178/1178/1178
f 1080/1080/1080 1178/1178/1178 1081/1081/1081
f 1081/1081/1081 1178/1178/1178 1179/1179/1179
f 1081/1081/1081 1179/1179/1179 1082/1082/1082
f 1082/1082/1082 1179/1179/1179 1180/1180/1180
f 1082/1082/1082 1180/1180/1180 1083/1083/1083
f 1083/1083/1083 1180/1180/1180 1181/1181/1181
f 1083/1083/1083 1181/1181/1181 1084/1084/1084
f 1084/1084/1084 1181/1181/1181 1182/1182/1182
f 1084/1084/1084 1182/1182/1182 1085/1085/1085
f 1085/1085/1085 1182/1182/1182 1183/1183/1183
f 1085/1085/1085 1183/1183/1183 1086/1086/1086
f 1086/1086/1086 1183/1183/1183 1184/1184/1184
f 1086/1086/1086 1184/1184/1184 1087/1087/1087
f 1087/1087/1087 1184/1184/1184 1185/1185/1185
f 1087/1087/1087 1185/1185/1185 1088/1088/1088
f 1088/1088/1088 1185/1185/1185 1186/1186/1186
f 1088/1088/1088 1186/1186/1186 1089/1089/1089
f 1089/1089/1089 1186/1186/1186 1187/1187/1187
f 1089/1089/1089 1187/1187/1187 1090/1090/1090
f 1090/1090/1090 1187/1187/1187 1188/1188/1188
f 1090/1090/1090 1188/1188/1188 1091/1091/1091
f 1091/1091/1091 1188/1188/1188 1189/1189/1189
f 1091/1091/1091 1189/1189/1189 1092/1092/1092
f 1092/1092/1092 1189/1189/1189 1190/1190/1190
f 1092/1092/1092 1190/1190/1190 1093/1093/1093
f 1093/1093/1093 1190/1190/1190 1191/1191/1191
f 1093/1093/1093 1191/1191/1191 1094/1094/1094
f 1094/1094/1094 1191/1191/1191 1192/1192/1192
f 1094/1094/1094 1192/1192/1192 1095/1095/1095
f 1095/1095/1095 1192/1192/1192 1193/1193/1193
f 1095/1095/1095 1193/1193/1193 1096/1096/1096
f 1096/1096/1096 1193/1193/1193 1194/1194/1194
f 1096/1096/1096 1194/1194/1194 1097/1097/1097
f 1097/1097/1097 1194/1194/1194 1195/1195/1195
f 1097/1097/1097 1195/1195/1195 1098/1098/1098
f 1098/1098/1098 1195/1195/1195 1196/1196/1196
f 1098/1098/1098 1196/1196/1196 1099/1099/1099
f 1099/1099/1099 1196/1196/1196 1197/1197/1197
f 1099/1099/1099 1197/1197/1197 1100/1100/1100
f 1100/1100/1100 1197/1197/1197 1198/1198/1198
f 1100/1100/1100 1198/1198/1198 1101/1101/1101
f 1101/1101/1101 1198/1198/1198 1199/1199/1199
f 1101/1101/1101 1199/1199/1199 1102/1102/1102
f 1102/1102/1102 1199/1199/1199 1200/1200/1200
f 1102/1102/1102 1200/1200/1200 1103/1103/1103
f 1103/1103/1103 1200/1200/1200 1201/1201/1201
f 1103/1103/1103 1201/1201/1201 1104/1104/1104
f 1104/1104/1104 1201/1201/1201 1202/1202/1202
f 1104/1104/1104 1202/1202/1202 1105/1105/1105
f 1105/1105/1105 1202/1202/1202 1203/1203/1203
f 1105/1105/1105 1203/1203/1203 1106/1106/1106
f 1106/1106/1106 1203/1203/1203 1204/1204/1204
f 1106/1106/1106 1204/1204/1204 1107/1107/1107
f 1107/1107/1107 1204/1204/1204 1205/1205/1205
f 1107/1107/1107 1205/1205/1205 1108/1108/1108
f 1108/1108/1108 1205/1205/1205 1206/1206/1206
f 1108/1108/1108 1206/1206/1206 1109/1109/1109
f 1109/1109/1109 1206/1206/1206 1207/1207/1207
f 1109/1109/1109 1207/1207/1207 1110/1110/1110
f 1110/1110/1110 1207/1207/1207 1208/1208/1208
f 1110/1110/1110 1208/1208/1208 1111/1111/1111
f 1111/1111/1111 1208/1208/1208 1209/1209/1209
f 1111/1111/1111 1209/1209/1209 1112/1112/1112
f 1112/1112/1112 1209/1209/1209 1210/1210/1210
f 1112/1112/1112 1210/1210/1210 1113/1113/1113
f 1113/1113/1113 1210/1210/1210 1211/1211/1211
f 1113/1113/1113 1211/1211/1211 1114/1114/1114
f 1114/1114/1114 1211/1211/1211 1212/1212/1212
f 1114/1114/1114 1212/1212/1212 1115/1115/1115
f 1115/1115/1115 1212/1212/1212 1213/1213/1213
f 1115/1115/1115 1213/1213/1213 1116/1116/1116
f 1116/1116/1116 1213/1213/1213 1214/1214/1214
f 1116/1116/1116 1214/1214/1214 1117/1117/1117
f 1117/1117/1117 1214/1214/1214 1215/1215/1215
f 1117/1117/1117 1215/1215/1215 1118/1118/1118
f 1118/1118/1118 1215/1215/1215 1216/1216/1216
f 1118/1118/1118 1216/1216/1216 1119/1119/1119
f 1119/1119/1119 1216/1216/1216 1217/1217/1217
f 1119/1119/1119 1217/1217/1217 1120/1120/1120
f 1120/1120/1120 1217/1217/1217 1218/1218/1218
f 1120/1120/1120 1218/1218/1218 1121/1121/1121
f 1121/1121/1121 1218/1218/1218 1219/1219/1219
f 1121/1121/1121 1219/1219/1219 1122/1122/1122
f 1122/1122/1122 1219/1219/1219 1220/1220/1220
f 1122/1122/1122 1220/1220/1220 1123/1123/1123
f 1123/1123/1123 1220/1220/1220 1221/1221/1221
f 1123/1123/1123 1221/1221/1221 1124/1124/1124
f 1124/1124/1124 1221/1221/1221 1222/1222/1222
f 1124/1124/1124 1222/1222/1222 1125/1125/1125
f 1125/1125/1125 1222/1222/1222 1223/1223/1223
f 1125/1125/1125 1223/1223/1223 1126/1126/1126
f 1126/1126/1126 1223/1223/1223 1224/1224/1224
f 1126/1126/1126 1224/1224/1224 1127/1127/1127
f 1127/1127/1127 1224/1224/1224 1225/1225/1225
f 1127/1127/1127 1225/1225/1225 1128/1128/1128
f 1128/1128/1128 1225/1225/1225 1226/1226/1226
f 1128/1128/1128 1226/1226/1226 1129/1129/1129
f 1129/1129/1129 1226/1226/1226 1227/1227/1227
f 1129/1129/1129 1227/1227/1227 1130/1130/1130
f 1130/1130/1130 1227/1227/1227 1228/1228/1228
f 1130/1130/1130 1228/1228/1228 1131/1131/1131
f 1131/1131/1131 1228/1228/1228 1229/1229/1229
f 1131/1131/1131 1229/1229/1229 1132/1132/1132
f 1132/1132/1132 1229/1229/1229 1230/1230/1230
f 1132/1132/1132 1230/1230/1230 1133/1133/1133
f 1133/1133/1133 1230/1230/1230 1231/1231/1231
f 1133/1133/1133 1231/1231/1231 1134/1134/1134
f 1134/1134/1134 1231/1231/1231 1232/1232/1232
f 1134/1134/1134 1232/1232/1232 1135/1135/1135
f 1135/1135/1135 1232/1232/1232 1233/1233/1233
f 1135/1135/1135 1233/1233/1233 1136/1136/1136
f 1136/1136/1136 1233/1233/1233 1234/1234/1234
f 1136/1136/1136 1234/1234/1234 1137/1137/1137
f 1137/1137/1137 1234/1234/1234 1235/1235/1235
f 1137/1137/1137 1235/1235/1235 1138/1138/1138
f 1138/1138/1138 1235/1235/1235 1236/1236/1236
f 1138/1138/1138 1236/1236/1236 1139/1139/1139
f 1139/1139/1139 1236/1236/1236 1237/1237/1237
f 1139/1139/1139 1237/1237/1237 1140/1140/1140
f 1140/1140/1140 1237/1237/1237 1238/1238/1238
f 1140/1140/1140 1238/1238/1238 1141/1141/1141
f 1141/1141/1141 1238/1238/1238 1239/1239/1239
f 1141/1141/1141 1239/1239/1239 1142/1142/1142
f 1142/1142/1142 1239/1239/1239 1240/1240/1240
f 1142/1142/1142 1240/1240/1240 1143/1143/1143
f 1143/1143/1143 1240/1240/1240 1241/1241/1241
f 1143/1143/1143 1241/1241/1241 1144/1144/1144
f 1144/1144/1144 1241/1241/1241 1242/1242/1242
f 1144/1144/1144 1242/1242/1242 1145/1145/1145
f 1145/1145/1145 1242/1242/1242 1243/1243/1243
f 1145/1145/1145 1243/1243/1243 1146/1146/1146
f 1146/1146/1146 1243/1243/1243 1244/1244/1244
f 1146/1146/1146 1244/1244/1244 1147/1147/1147
f 1147/1147/1147 1244/1244/1244 1245/1245/1245
f 1147/1147/1147 1245/1245/1245 1148/1148/1148
f 1148/1148/1148 1245/1245/1245 1246/1246/1246
f 1148/1148/1148 1246/1246/1246 1149/1149/1149
f 1149/1149/1149 1246/1246/1246 1247/1247/1247
f 1149/1149/1149 1247/1247/1247 1150/1150/1150
f 1150/1150/1150 1247/1247/1247 1248/1248/1248
f 1150/1150/1150 1248/1248/1248 1151/1151/1151
f 1151/1151/1151 1248/1248/1248 1249/1249/1249
f 1151/1151/1151 1249/1249/1249 1152/1152/1152
f 1152/1152/1152 1249/1249/1249 1250/1250/1250
f 1152/1152/1152 1250/1250/1250 1153/1153/1153
f 1153/1153/1153 1250/1250/1250 1251/1251/1251
f 1153/1153/1153 1251/1251/1251 1154/1154/1154
f 1154/1154/1154 1251/1251/1251 1252/1252/1252
f 1154/1154/1154 1252/1252/1252 1155/1155/1155
f 1155/1155/1155 1252/1252/1252 1253/1253/1253
f 1155/1155/1155 1253/1253/1253 1156/1156/1156
f 1156/1156/1156 1253/1253/1253 1254/1254/1254
f 1156/1156/1156 1254/1254/1254 1157/1157/1157
f 1157/1157/1157 1254/1254/1254 1255/1255/1255
f 1157/1157/1157 1255/1255/1255 1158/1158/1158
f 1158/1158/1158 1255/1255/1255 1256/1256/1256
f 1158/1158/1158 1256/1256/1256 1159/1159/1159
f 1159/1159/1159 1256/1256/1256 1257/1257/1257
f 1159/1159/1159 1257/1257/1257 1160/1160/1160
f 1160/1160/1160 1257/1257/1257 1258/1258/1258
f 1160/1160/1160 1258/1258/1258 1161/1161/1161
f 1161/1161/1161 1258/1258/1258 1259/1259/1259
f 1161/1161/1161 1259/1259/1259 1162/1162/1162
f 1162/1162/1162 1259/1259/1259 1260/1260/1260
f 1162/1162/1162 1260/1260/1260 1163/1163/1163
f 1164/1164/1164 1261/1261/1261 1262/1262/1262
f 1164/1164/1164 1262/1262/1262 1165/1165/1165
f 1165/1165/1165 1262/1262/1262 1263/1263/1263
f 1165/1165/1165 1263/1263/1263 1166/1166/1166
f 1166/1166/1166 1263/1263/1263 1264/1264/1264
f 1166/1166/1166 1264/1264/1264 1167/1167/1167
f 1167/1167/1167 1264/1264/1264 1265/1265/1265
f 1167/1167/1167 1265/1265/1265 1168/1168/1168
f 1168/1168/1168 1265/1265/1265 1266/1266/1266
f 1168/1168/1168 1266/1266/1266 1169/1169/1169
f 1169/1169/1169 1266/1266/1266 1267/1267/1267
f 1169/1169/1169 1267/1267/1267 1170/1170/1170
f 1170/1170/1170 1267/1267/1267 1268/1268/1268
f 1170/1170/1170 1268/1268/1268 1171/1171/1171
f 1171/1171/1171 1268/1268/1268 1269/1269/1269
f 1171/1171/1171 1269/1269/1269 1172/1172/1172
f 1172/1172/1172 1269/1269/1269 1270/1270/1270
f 1172/1172/1172 1270/1270/1270 1173/1173/1173
f 1173/1173/1173 1270/1270/1270 1271/1271/1271
f 1173/1173/1173 1271/1271/1271 1174/1174/1174
f 1174/1174/1174 1271/1271/1271 1272/1272/1272
f 1174/1174/1174 1272/1272/1272 1175/1175/1175
f 1175/1175/1175 1272/1272/1272 1273/1273/1273
f 1175/1175/1175 1273/1273/1273 1176/1176/1176
f 1176/1176/1176 1273/1273/1273 1274/1274/1274
f 1176/1176/1176 1274/1274/1274 1177/1177/1177
f 1177/1177/1177 1274/1274/1274 1275/1275/1275
f 1177/1177/1177 1275/1275/1275 1178/1178/1178
f 1178/1178/1178 1275/1275/1275 1276/1276/1276
f 1178/1178/1178 1276/1276/1276 1179/1179/1179
f 1179/1179/1179 1276/1276/1276 1277/1277/1277
f 1179/1179/1179 1277/1277/1277 1180/1180/1180
f 1180/1180/1180 1277/1277/1277 1278/1278/1278
f 1180/1180/1180 1278/1278/1278 1181/1181/1181
f 1181/1181/1181 1278/1278/1278 1279/1279/1279
f 1181/1181/1181 1279/1279/1279 1182/1182/1182
f 1182/1182/1182 1279/1279/1279 1280/1280/1280
f 1182/1182/1182 1280/1280/1280 1183/1183/1183
f 1183/1183/1183 1280/1280/1280 1281/1281/1281
f 1183/1183/1183 1281/1281/1281 1184/1184/1184
f 1184/1184/1184 1281/1281/1281 1282/1282/1282
f 1184/1184/1184 1282/1282/1282 1185/1185/1185
f 1185/1185/1185 1282/1282/1282 1283/1283/1283
f 1185/1185/1185 1283/1283/1283 1186/1186/1186
f 1186/1186/1186 1283/1283/1283 1284/1284/1284
f 1186/1186/1186 1284/1284/1284 1187/1187/1187
f 1187/1187/1187 1284/1284/1284 1285/1285/1285
f 1187/1187/1187 1285/1285/1285 1188/1188/1188
f 1188/1188/1188 1285/1285/1285 1286/1286/1286
f 1188/1188/1188 1286/1286/1286 1189/1189/1189
f 1189/1189/1189 1286/1286/1286 1287/1287/1287
f 1189/1189/1189 1287/1287/1287 1190/1190/1190
f 1190/1190/1190 1287/1287/1287 1288/1288/1288
f 1190/1190/1190 1288/1288/1288 1191/1191/1191
f 1191/1191/1191 1288/1288/1288 1289/1289/1289
f 1191/1191/1191 1289/1289/1289 1192/1192/1192
f 1192/1192/1192 1289/1289/1289 1290/1290/1290
f 1192/1192/1192 1290/1290/1290 1193/1193/1193
f 1193/1193/1193 1290/1290/1290 1291/1291/1291
f 1193/1193/1193 1291/1291/1291 1194/1194/1194
f 1194/1194/1194 1291/1291/1291 1292/1292/1292
f 1194/1194/1194 1292/1292/1292 1195/1195/1195
f 1195/1195/1195 1292/1292/1292 1293/1293/1293
f 1195/1195/1195 1293/1293/1293 1196/1196/1196
f 1196/1196/1196 1293/1293/1293 1294/1294/1294
f 1196/1196/1196 1294/1294/1294 1197/1197/1197
f 1197/1197/1197 1294/1294/1294 1295/1295/1295
f 1197/1197/1197 1295/1295/1295 1198/1198/1198
f 1198/1198/1198 1295/1295/1295 1296/1296/1296
f 1198/1198/1198 1296/1296/1296 1199/1199/1199
f 1199/1199/1199 1296/1296/1296 1297/1297/1297
f 1199/1199/1199 1297/1297/1297 1200/1200/1200
f 1200/1200/1200 1297/1297/1297 1298/1298/1298
f 1200/1200/1200 1298/1298/1298 1201/1201/1201
f 1201/1201/1201 1298/1298/1298 1299/1299/1299
f 1201/1201/1201 1299/1299/1299 1202/1202/1202
f 1202/1202/1202 1299/1299/1299 1300/1300/1300
f 1202/1202/1202 1300/1300/1300 1203/1203/1203
f 1203/1203/1203 1300/1300/1300 1301/1301/1301
f 1203/1203/1203 1301/1301/1301 1204/1204/1204
f 1204/1204/1204 1301/1301/1301 1302/1302/1302
f 1204/1204/1204 1302/1302/1302 1205/1205/1205
f 1205/1205/1205 1302/1302/1302 1303/1303/1303
f 1205/1205/1205 1303/1303/1303 1206/1206/1206
f 1206/1206/1206 1303/1303/1303 1304/1304/1304
f 1206/1206/1206 1304/1304/1304 1207/1207/1207
f 1207/1207/1207 1304/1304/1304 1305/1305/1305
f 1207/1207/1207 1305/1305/1305 1208/1208/1208
f 1208/1208/1208 1305/1305/1305 1306/1306/1306
f 1208/1208/1208 1306/1306/1306 1209/1209/1209
f 1209/1209/1209 1306/1306/1306 1307/1307/1307
f 1209/1209/1209 1307/1307/1307 1210/1210/1210
f 1210/1210/1210 1307/1307/1307 1308/1308/1308
f 1210/1210/1210 1308/1308/1308 1211/1211/1211
f 1211/1211/1211 1308/1308/1308 1309/1309/1309
f 1211/1211/1211 1309/1309/1309 1212/1212/1212
f 1212/1212/1212 1309/1309/1309 1310/1310/1310
f 1212/1212/1212 1310/1310/1310 1213/1213/1213
f 1213/1213/1213 1310/1310/1310 1311/1311/1311
f 1213/1213/1213 1311/1311/1311 1214/1214/1214
f 1214/1214/1214 1311/1311/1311 1312/1312/1312
f 1214/1214/1214 1312/1312/1312 1215/1215/1215
f 1215/1215/1215 1312/1312/1312 1313/1313/1313
f 1215/1215/1215 1313/1313/1313 1216/1216/1216
f 1216/1216/1216 1313/1313/1313 1314/1314/1314
f 1216/1216/1216 1314/1314/1314 1217/1217/1217
f 1217/1217/1217 1314/1314/1314 1315/1315/1315
f 1217/1217/1217 1315/1315/1315 1218/1218/1218
f 1218/1218/1218 1315/1315/1315 1316/1316/1316
f 1218/1218/1218 1316/1316/1316 1219/1219/1219
f 1219/1219/1219 1316/1316/1316 1317/1317/1317
f 1219/1219/1219 1317/1317/1317 1220/1220/1220
f 1220/1220/1220 1317/1317/1317 1318/1318/1318
f 1220/1220/1220 1318/1318/1318 1221/1221/1221
f 1221/1221/1221 1318/1318/1318 1319/1319/1319
f 1221/1221/1221 1319/1319/1319 1222/1222/1222
f 1222/1222/1222 1319/1319/1319 1320/1320/1320
f 1222/1222/1222 1320/1320/1320 1223/1223/1223
f 1223/1223/1223 1320/1320/1320 1321/1321/1321
f 1223/1223/1223 1321/1321/1321 1224/1224/1224
f 1224/1224/1224 1321/1321/1321 1322/1322/1322
f 1224/1224/1224 1322/1322/1322 1225/1225/1225
f 1225/1225/1225 1322/1322/1322 1323/1323/1323
f 1225/1225/1225 1323/1323/1323 1226/1226/1226
f 1226/1226/1226 1323/1323/1323 1324/1324/1324
f 1226/1226/1226 1324/1324/1324 1227/1227/1227
f 1227/1227/1227 1324/1324/1324 1325/1325/1325
f 1227/1227/1227 1325/1325/1325 1228/1228/1228
f 1228/1228/1228 1325/1325/1325 1326/1326/1326
f 1228/1228/1228 1326/1326/1326 1229/1229/1229
f 1229/1229/1229 1326/1326/1326 1327/1327/1327
f 1229/1229/1229 1327/1327/1327 1230/1230/1230
f 1230/1230/1230 1327/1327/1327 1328/1328/1328
f 1230/1230/1230 1328/1328/1328 1231/1231/1231
f 1231/1231/1231 1328/1328/1328 1329/1329/1329
f 1231/1231/1231 1329/1329/1329 1232/1232/1232
f 1232/1232/1232 1329/1329/1329 1330/1330/1330
f 1232/1232/1232 1330/1330/1330 1233/1233/1233
f 1233/1233/1233 1330/1330/1330 1331/1331/1331
f 1233/1233/1233 1331/1331/1331 1234/1234/1234
f 1234/1234/1234 1331/1331/1331 1332/1332/1332
f 1234/1234/1234 1332/1332/1332 1235/1235/1235
f 1235/1235/1235 1332/1332/1332 1333/1333/1333
f 1235/1235/1235 1333/1333/1333 1236/1236/1236
f 1236/1236/1236 1333/1333/1333 1334/1334/1334
f 1236/1236/1236 1334/1334/1334 1237/1237/1237
f 1237/1237/1237 1334/1334/1334 1335/1335/1335
f 1237/1237/1237 1335/1335/1335 1238/1238/1238
f 1238/1238/1238 1335/1335/1335 1336/1336/1336
f 1238/1238/1238 1336/1336/1336 1239/1239/1239
f 1239/1239/1239 1336/1336/1336 1337/1337/1337
f 1239/1239/1239 1337/1337/1337 1240/1240/1240
f 1240/1240/1240 1337/1337/1337 1338/1338/1338
f 1240/1240/1240 1338/1338/1338 1241/1241/1241
f 1241/1241/1241 1338/1338/1338 1339/1339/1339
f 1241/1241/1241 1339/1339/1339 1242/1242/1242
f 1242/1242/1242 1339/1339/1339 1340/1340/1340
f 1242/1242/1242 1340/1340/1340 1243/1243/1243
f 1243/1243/1243 1340/1340/1340 1341/1341/1341
f 1243/1243/1243 1341/1341/1341 1244/1244/1244
f 1244/1244/1244 1341/1341/1341 1342/1342/1342
f 1244/1244/1244 1342/1342/1342 1245/1245/1245
f 1245/1245/1245 1342/1342/1342 1343/1343/1343
f 1245/1245/1245 1343/1343/1343 1246/1246/1246
f 1246/1246/1246 1343/1343/1343 1344/1344/1344
f 1246/1246/1246 1344/1344/1344 1247/1247/1247
f 1247/1247/1247 1344/1344/1344 1345/1345/1345
f 1247/1247/1247 1345/1345/1345 1248/1248/1248
f 1248/1248/1248 1345/1345/1345 1346/1346/1346
f 1248/1248/1248 1346/1346/1346 1249/1249/1249
f 1249/1249/1249 1346/1346/1346 1347/1347/1347
f 1249/1249/1249 1347/1347/1347 1250/1250/1250
f 1250/1250/1250 1347/1347/1347 1348/1348/1348
f 1250/1250/1250 1348/1348/1348 1251/1251/1251
f 1251/1251/1251 1348/1348/1348 1349/1349/1349
f 1251/1251/1251 1349/1349/1349 1252/1252/1252
f 1252/1252/1252 1349/1349/1349 1350/1350/1350
f 1252/1252/1252 1350/1350/1350 1253/1253/1253
f 1253/1253/1253 1350/1350/1350 1351/1351/1351
f 1253/1253/1253 1351/1351/1351 1254/1254/1254
f 1254/1254/1254 1351/1351/1351 1352/1352/1352
f 1254/1254/1254 1352/1352/1352 1255/1255/1255
f 1255/1255/1255 1352/1352/1352 1353/1353/1353
f 1255/1255/1255 1353/1353/1353 1256/1256/1256
f 1256/1256/1256 1353/1353/1353 1354/1354/1354
f 1256/1256/1256 1354/1354/1354 1257/1257/1257
f 1257/1257/1257 1354/1354/1354 1355/1355/1355
f 1257/1257/1257 1355/1355/1355 1258/1258/1258
f 1258/1258/1258 1355/1355/1355 1356/1356/1356
f 1258/1258/1258 1356/1356/1356 1259/1259/1259
f 1259/1259/1259 1356/1356/1356 1357/1357/1357
f 1259/1259/1259 1357/1357/1357 1260/1260/1260
f 1261/1261/1261 1358/1358/1358 1359/1359/1359
f 1261/1261/1261 1359/1359/1359 1262/1262/1262
f 1262/1262/1262 1359/1359/1359 1360/1360/1360
f 1262/1262/1262 1360/1360/1360 1263/1263/1263
f 1263/1263/1263 1360/1360/1360 1361/1361/1361
f 1263/1263/1263 1361/1361/1361 1264/1264/1264
f 1264/1264/1264 1361/1361/1361 1362/1362/1362
f 1264/1264/1264 1362/1362/1362 1265/1265/1265
f 1265/1265/1265 1362/1362/1362 1363/1363/1363
f 1265/1265/1265 1363/1363/1363 1266/1266/1266
f 1266/1266/1266 1363/1363/1363 1364/1364/1364
f 1266/1266/1266 1364/1364/1364 1267/1267/1267
f 1267/1267/1267 1364/1364/1364 1365/1365/1365
f 1267/1267/1267 1365/1365/1365 1268/1268/1268
f 1268/1268/1268 1365/1365/1365 1366/1366/1366
f 1268/1268/1268 1366/1366/1366 1269/1269/1269
f 1269/1269/1269 1366/1366/1366 1367/1367/1367
f 1269/1269/1269 1367/1367/1367 1270/1270/1270
f 1270/1270/1270 1367/1367/1367 1368/1368/1368
f 1270/1270/1270 1368/1368/1368 1271/1271/1271
f 1271/1271/1271 1368/1368/1368 1369/1369/1369
f 1271/1271/1271 1369/1369/1369 1272/1272/1272
f 1272/1272/1272 1369/1369/1369 1370/1370/1370
f 1272/1272/1272 1370/1370/1370 1273/1273/1273
f 1273/1273/1273 1370/1370/1370 1371/1371/1371
f 1273/1273/1273 1371/1371/1371 1274/1274/1274
f 1274/1274/1274 1371/1371/1371 1372/1372/1372
f 1274/1274/1274 1372/1372/1372 1275/1275/1275
f 1275/1275/1275 1372/1372/1372 1373/1373/1373
f 1275/1275/1275 1373/1373/1373 1276/1276/1276
f 1276/1276/1276 1373/1373/1373 1374/1374/1374
f 1276/1276/1276 1374/1374/1374 1277/1277/1277
f 1277/1277/1277 1374/1374/1374 1375/1375/1375
f 1277/1277/1277 1375/1375/1375 1278/1278/1278
f 1278/1278/1278 1375/1375/1375 1376/1376/1376
f 1278/1278/1278 1376/1376/1376 1279/1279/1279
f 1279/1279/1279 1376/1376/1376 1377/1377/1377
f 1279/1279/1279 1377/1377/1377 1280/1280/1280
f 1280/1280/1280 1377/1377/1377 1378/1378/1378
f 1280/1280/1280 1378/1378/1378 1281/1281/1281
f 1281/1281/1281 1378/1378/1378 1379/1379/1379
f 1281/1281/1281 1379/1379/1379 1282/1282/1282
f 1282/1282/1282 1379/1379/1379 1380/1380/1380
f 1282/1282/1282 1380/1380/1380 1283/1283/1283
f 1283/1283/1283 1380/1380/1380 1381/1381/1381
f 1283/1283/1283 1381/1381/1381 1284/1284/1284
f 1284/1284/1284 1381/1381/1381 1382/1382/1382
f 1284/1284/1284 1382/1382/1382 1285/1285/1285
f 1285/1285/1285 1382/1382/1382 1383/1383/1383
f 1285/1285/1285 1383/1383/1383 1286/1286/1286
f 1286/1286/1286 1383/1383/1383 1384/1384/1384
f 1286/1286/1286 1384/1384/1384 1287/1287/1287
f 1287/1287/1287 1384/1384/1384 1385/1385/1385
f 1287/1287/1287 1385/1385/1385 1288/1288/1288
f 1288/1288/1288 1385/1385/1385 1386/1386/1386
f 1288/1288/1288 1386/1386/1386 1289/1289/1289
f 1289/1289/1289 1386/1386/1386 1387/1387/1387
f 1289/1289/1289 1387/1387/1387 1290/1290/1290
f 1290/1290/1290 1387/1387/1387 1388/1388/1388
f 1290/1290/1290 1388/1388/1388 1291/1291/1291
f 1291/1291/1291 1388/1388/1388 1389/1389/1389
f 1291/1291/1291 1389/1389/1389 1292/1292/1292
f 1292/1292/1292 1389/1389/1389 1390/1390/1390
f 1292/1292/1292 1390/1390/1390 1293/1293/1293
f 1293/1293/1293 1390/1390/1390 1391/1391/1391
f 1293/1293/1293 1391/1391/1391 1294/1294/1294
f 1294/1294/1294 1391/1391/1391 1392/1392/1392
f 1294/1294/1294 1392/1392/1392 1295/1295/1295
f 1295/1295/1295 1392/1392/1392 1393/1393/1393
f 1295/1295/1295 1393/1393/1393 1296/1296/1296
f 1296/1296/1296 1393/1393/1393 1394/1394/1394
f 1296/1296/1296 1394/1394/1394 1297/1297/1297
f 1297/1297/1297 1394/1394/1394 1395/1395/1395
f 1297/1297/1297 1395/1395/1395 1298/1298/1298
f 1298/1298/1298 1395/1395/1395 1396/1396/1396
f 1298/1298/1298 1396/1396/1396 1299/1299/1299
f 1299/1299/1299 1396/1396/1396 1397/1397/1397
f 1299/1299/1299 1397/1397/1397 1300/1300/1300
f 1300/1300/1300 1397/1397/1397 1398/1398/1398
f 1300/1300/1300 1398/1398/1398 1301/1301/1301
f 1301/1301/1301 1398/1398/1398 1399/1399/1399
f 1301/1301/1301 1399/1399/1399 1302/1302/1302
f 1302/1302/1302 1399/1399/1399 1400/1400/1400
f 1302/1302/1302 1400/1400/1400 1303/1303/1303
f 1303/1303/1303 1400/1400/1400 1401/1401/1401
f 1303/1303/1303 1401/1401/1401 1304/1304/1304
f 1304/1304/1304 1401/1401/1401 1402/1402/1402
f 1304/1304/1304 1402/1402/1402 1305/1305/1305
f 1305/1305/1305 1402/1402/1402 1403/1403/1403
f 1305/1305/1305 1403/1403/1403 1306/1306/1306
f 1306/1306/1306 1403/1403/1403 1404/1404/1404
f 1306/1306/1306 1404/1404/1404 1307/1307/1307
f 1307/1307/1307 1404/1404/1404 1405/1405/1405
f 1307/1307/1307 1405/1405/1405 1308/1308/1308
f 1308/1308/1308 1405/1405/1405 1406/1406/1406
f 1308/1308/1308 1406/1406/1406 1309/1309/1309
f 1309/1309/1309 1406/1406/1406 1407/1407/1407
f 1309/1309/1309 1407/1407/1407 1310/1310/1310
f 1310/1310/1310 1407/1407/1407 1408/1408/1408
f 1310/1310/1310 1408/1408/1408 1311/1311/1311
f 1311/1311/1311 1408/1408/1408 1409/1409/1409
f 1311/1311/1311 1409/1409/1409 1312/1312/1312
f 1312/1312/1312 1409/1409/1409 1410/1410/1410
f 1312/1312/1312 1410/1410/1410 1313/1313/1313
f 1313/1313/1313 1410/1410/1410 1411/1411/1411
f 1313/1313/1313 1411/1411/1411 1314/1314/1314
f 1314/1314/1314 1411/1411/1411 1412/1412/1412
f 1314/1314/1314 1412/1412/1412 1315/1315/1315
f 1315/1315/1315 1412/1412/1412 1413/1413/1413
f 1315/1315/1315 1413/1413/1413 1316/1316/1316
f 1316/1316/1316 1413/1413/1413 1414/1414/1414
f 1316/1316/1316 1414/1414/1414 1317/1317/1317
f 1317/1317/1317 1414/1414/1414 1415/1415/1415
f 1317/1317/1317 1415/1415/1415 1318/1318/1318
f 1318/1318/1318 1415/1415/1415 1416/1416/1416
f 1318/1318/1318 1416/1416/1416 1319/1319/1319
f 1319/1319/1319 1416/1416/1416 1417/1417/1417
f 1319/1319/1319 1417/1417/1417 1320/1320/1320
f 1320/1320/1320 1417/1417/1417 1418/1418/1418
f 1320/1320/1320 1418/1418/1418 1321/1321/1321
f 1321/1321/1321 1418/1418/1418 1419/1419/1419
f 1321/1321/1321 1419/1419/1419 1322/1322/1322
f 1322/1322/1322 1419/1419/1419 1420/1420/1420
f 1322/1322/1322 1420/1420/1420 1323/1323/1323
f 1323/1323/1323 1420/1420/1420 1421/1421/1421
f 1323/1323/1323 1421/1421/1421 1324/1324/1324
f 1324/1324/1324 1421/1421/1421 1422/1422/1422
f 1324/1324/1324 1422/1422/1422 1325/1325/1325
f 1325/1325/1325 1422/1422/1422 1423/1423/1423
f 1325/1325/1325 1423/1423/1423 1326/1326/1326
f 1326/1326/1326 1423/1423/1423 1424/1424/1424
f 1326/1326/1326 1424/1424/1424 1327/1327/1327
f 1327/1327/1327 1424/1424/1424 1425/1425/1425
f 1327/1327/1327 1425/1425/1425 1328/1328/1328
f 1328/1328/1328 1425/1425/1425 1426/1426/1426
f 1328/1328/1328 1426/1426/1426 1329/1329/1329
f 1329/1329/1329 1426/1426/1426 1427/1427/1427
f 1329/1329/1329 1427/1427/1427 1330/1330/1330
f 1330/1330/1330 1427/1427/1427 1428/1428/1428
f 1330/1330/1330 1428/1428/1428 1331/1331/1331
f 1331/1331/1331 1428/1428/1428 1429/1429/1429
f 1331/1331/1331 1429/1429/1429 1332/1332/1332
f 1332/1332/1332 1429/1429/1429 1430/1430/1430
f 1332/1332/1332 1430/1430/1430 1333/1333/1333
f 1333/1333/1333 1430/1430/1430 1431/1431/1431
f 1333/1333/1333 1431/1431/1431 1334/1334/1334
f 1334/1334/1334 1431/1431/1431 1432/1432/1432
f 1334/1334/1334 1432/1432/1432 1335/1335/1335
f 1335/1335/1335 1432/1432/1432 1433/1433/1433
f 1335/1335/1335 1433/1433/1433 1336/1336/1336
f 1336/1336/1336 1433/1433/1433 1434/1434/1434
f 1336/1336/1336 1434/1434/1434 1337/1337/1337
f 1337/1337/1337 1434/1434/1434 1435/1435/1435
f 1337/1337/1337 1435/1435/1435 1338/1338/1338
f 1338/1338/1338 1435/1435/1435 1436/1436/1436
f 1338/1338/1338 1436/1436/1436 1339/1339/1339
f 1339/1339/1339 1436/1436/1436 1437/1437/1437
f 1339/1339/1339 1437/1437/1437 1340/1340/1340
f 1340/1340/1340 1437/1437/1437 1438/1438/1438
f 1340/1340/1340 1438/1438/1438 1341/1341/1341
f 1341/1341/1341 1438/1438/1438 1439/1439/1439
f 1341/1341/1341 1439/1439/1439 1342/1342/1342
f 1342/1342/1342 1439/1439/1439 1440/1440/1440
f 1342/1342/1342 1440/1440/1440 1343/1343/1343
f 1343/1343/1343 1440/1440/1440 1441/1441/1441
f 1343/1343/1343 1441/1441/1441 1344/1344/1344
f 1344/1344/1344 1441/1441/1441 1442/1442/1442
f 1344/1344/1344 1442/1442/1442 1345/1345/1345
f 1345/1345/1345 1442/1442/1442 1443/1443/1443
f 1345/1345/1345 1443/1443/1443 1346/1346/1346
f 1346/1346/1346 1443/1443/1443 1444/1444/1444
f 1346/1346/1346 1444/1444/1444 1347/1347/1347
f 1347/1347/1347 1444/1444/1444 1445/1445/1445
f 1347/1347/1347 1445/1445/1445 1348/1348/1348
f 1348/1348/1348 1445/1445/1445 1446/1446/1446
f 1348/1348/1348 1446/1446/1446 1349/1349/1349
f 1349/1349/1349 1446/1446/1446 1447/1447/1447
f 1349/1349/1349 1447/1447/1447 1350/1350/1350
f 1350/1350/1350 1447/1447/1447 1448/1448/1448
f 1350/1350/1350 1448/1448/1448 1351/1351/1351
f 1351/1351/1351 1448/1448/1448 1449/1449/1449
f 1351/1351/1351 1449/1449/1449 1352/1352/1352
f 1352/1352/1352 1449/1449/1449 1450/1450/1450
f 1352/1352/1352 1450/1450/1450 1353/1353/1353
f 1353/1353/1353 1450/1450/1450 1451/1451/1451
f 1353/1353/1353 1451/1451/1451 1354/1354/1354
f 1354/1354/1354 1451/1451/1451 1452/1452/1452
f 1354/1354/1354 1452/1452/1452 1355/1355/1355
f 1355/1355/1355 1452/1452/1452 1453/1453/1453
f 1355/1355/1355 1453/1453/1453 1356/1356/1356
f 1356/1356/1356 1453/1453/1453 1454/1454/1454
f 1356/1356/1356 1454/1454/1454 1357/1357/1357
f 1358/1358/1358 1455/1455/1455 1456/1456/1456
f 1358/1358/1358 1456/1456/1456 1359/1359/1359
f 1359/1359/1359 1456/1456/1456 1457/1457/1457
f 1359/1359/1359 1457/1457/1457 1360/1360/1360
f 1360/1360/1360 1457/1457/1457 1458/1458/1458
f 1360/1360/1360 1458/1458/1458 1361/1361/1361
f 1361/1361/1361 1458/1458/1458 1459/1459/1459
f 1361/1361/1361 1459/1459/1459 1362/1362/1362
f 1362/1362/1362 1459/1459/1459 1460/1460/1460
f 1362/1362/1362 1460/1460/1460 1363/1363/1363
f 1363/1363/1363 1460/1460/1460 1461/1461/1461
f 1363/1363/1363 1461/1461/1461 1364/1364/1364
f 1364/1364/1364 1461/1461/1461 1462/1462/1462
f 1364/1364/1364 1462/1462/1462 1365/1365/1365
f 1365/1365/1365 1462/1462/1462 1463/1463/1463
f 1365/1365/1365 1463/1463/1463 1366/1366/1366
f 1366/1366/1366 1463/1463/1463 1464/1464/1464
f 1366/1366/1366 1464/1464/1464 1367/1367/1367
f 1367/1367/1367 1464/1464/1464 1465/1465/1465
f 1367/1367/1367 1465/1465/1465 1368/1368/1368
f 1368/1368/1368 1465/1465/1465 1466/1466/1466
f 1368/1368/1368 1466/1466/1466 1369/1369/1369
f 1369/1369/1369 1466/1466/1466 1467/1467/1467
f 1369/1369/1369 1467/1467/1467 1370/1370/1370
f 1370/1370/1370 1467/1467/1467 1468/1468/1468
f 1370/1370/1370 1468/1468/1468 1371/1371/1371
f 1371/1371/1371 1468/1468/1468 1469/1469/1469
f 1371/1371/1371 1469/1469/1469 1372/1372/1372
f 1372/1372/1372 1469/1469/1469 1470/1470/1470
f 1372/1372/1372 1470/1470/1470 1373/1373/1373
f 1373/1373/1373 1470/1470/1470 1471/1471/1471
f 1373/1373/1373 1471/1471/1471 1374/1374/1374
f 1374/1374/1374 1471/1471/1471 1472/1472/1472
f 1374/1374/1374 1472/1472/1472 1375/1375/1375
f 1375/1375/1375 1472/1472/1472 1473/1473/1473
f 1375/1375/1375 1473/1473/1473 1376/1376/1376
f 1376/1376/1376 1473/1473/1473 1474/1474/1474
f 1376/1376/1376 1474/1474/1474 1377/1377/1377
f 1377/1377/1377 1474/1474/1474 1475/1475/1475
f 1377/1377/1377 1475/1475/1475 1378/1378/1378
f 1378/1378/1378 1475/1475/1475 1476/1476/1476
f 1378/1378/1378 1476/1476/1476 1379/1379/1379
f 1379/1379/1379 1476/1476/1476 1477/1477/1477
f 1379/1379/1379 1477/1477/1477 1380/1380/1380
f 1380/1380/1380 1477/1477/1477 1478/1478/1478
f 1380/1380/1380 1478/1478/1478 1381/1381/1381
f 1381/1381/1381 1478/1478/1478 1479/1479/1479
f 1381/1381/1381 1479/1479/1479 1382/1382/1382
f 1382/1382/1382 1479/1479/1479 1480/1480/1480
f 1382/1382/1382 1480/1480/1480 1383/1383/1383
f 1383/1383/1383 1480/1480/1480 1481/1481/1481
f 1383/1383/1383 1481/1481/1481 1384/1384/1384
f 1384/1384/1384 1481/1481/1481 1482/1482/1482
f 1384/1384/1384 1482/1482/1482 1385/1385/1385
f 1385/1385/1385 1482/1482/1482 1483/1483/1483
f 1385/1385/1385 1483/1483/1483 1386/1386/1386
f 1386/1386/1386 1483/1483/1483 1484/1484/1484
f 1386/1386/1386 1484/1484/1484 1387/1387/1387
f 1387/1387/1387 1484/1484/1484 1485/1485/1485
f 1387/1387/1387 1485/1485/1485 1388/1388/1388
f 1388/1388/1388 1485/1485/1485 1486/1486/1486
f 1388/1388/1388 1486/1486/1486 1389/1389/1389
f 1389/1389/1389 1486/1486/1486 1487/1487/1487
f 1389/1389/1389 1487/1487/1487 1390/1390/1390
f 1390/1390/1390 1487/1487/1487 1488/1488/1488
f 1390/1390/1390 1488/1488/1488 1391/1391/1391
f 1391/1391/1391 1488/1488/1488 1489/1489/1489
f 1391/1391/1391 1489/1489/1489 1392/1392/1392
f 1392/1392/1392 1489/1489/1489 1490/1490/1490
f 1392/1392/1392 1490/1490/1490 1393/1393/1393
f 1393/1393/1393 1490/1490/1490 1491/1491/1491
f 1393/1393/1393 1491/1491/1491 1394/1394/1394
f 1394/1394/1394 1491/1491/1491 1492/1492/1492
f 1394/1394/1394 1492/1492/1492 1395/1395/1395
f 1395/1395/1395 1492/1492/1492 1493/1493/1493
f 1395/1395/1395 1493/1493/1493 1396/1396/1396
f 1396/1396/1396 1493/1493/1493 1494/1494/1494
f 1396/1396/1396 1494/1494/1494 1397/1397/1397
f 1397/1397/1397 1494/1494/1494 1495/1495/1495
f 1397/1397/1397 1495/1495/1495 1398/1398/1398
f 1398/1398/1398 1495/1495/1495 1496/1496/1496
f 1398/1398/1398 1496/1496/1496 1399/1399/1399
f 1399/1399/1399 1496/1496/1496 1497/1497/1497
f 1399/1399/1399 1497/1497/1497 1400/1400/1400
f 1400/1400/1400 1497/1497/1497 1498/1498/1498
f 1400/1400/1400 1498/1498/1498 1401/1401/1401
f 1401/1401/1401 1498/1498/1498 1499/1499/1499
f 1401/1401/1401 1499/1499/1499 1402/1402/1402
f 1402/1402/1402 1499/1499/1499 1500/1500/1500
f 1402/1402/1402 1500/1500/1500 1403/1403/1403
f 1403/1403/1403 1500/1500/1500 1501/1501/1501
f 1403/1403/1403 1501/1501/1501 1404/1404/1404
f 1404/1404/1404 1501/1501/1501 1502/1502/1502
f 1404/1404/1404 1502/1502/1502 1405/1405/1405
f 1405/1405/1405 1502/1502/1502 1503/1503/1503
f 1405/1405/1405 1503/1503/1503 1406/1406/1406
f 1406/1406/1406 1503/1503/1503 1504/1504/1504
f 1406/1406/1406 1504/1504/1504 1407/1407/1407
f 1407/1407/1407 1504/1504/1504 1505/1505/1505
f 1407/1407/1407 1505/1505/1505 1408/1408/1408
f 1408/1408/1408 1505/1505/1505 1506/1506/1506
f 1408/1408/1408 1506/1506/1506 1409/1409/1409
f 1409/1409/1409 1506/1506/1506 1507/1507/1507
f 1409/1409/1409 1507/1507/1507 1410/1410/1410
f 1410/1410/1410 1507/1507/1507 1508/1508/1508
f 1410/1410/1410 1508/1508/1508 1411/1411/1411
f 1411/1411/1411 1508/1508/1508 1509/1509/1509
f 1411/1411/1411 1509/1509/1509 1412/1412/1412
f 1412/1412/1412 1509/1509/1509 1510/1510/1510
f 1412/1412/1412 1510/1510/1510 1413/1413/1413
f 1413/1413/1413 1510/1510/1510 1511/1511/1511
f 1413/1413/1413 1511/1511/1511 1414/1414/1414
f 1414/1414/1414 1511/1511/1511 1512/1512/1512
f 1414/1414/1414 1512/1512/1512 1415/1415/1415
f 1415/1415/1415 1512/1512/1512 1513/1513/1513
f 1415/1415/1415 1513/1513/1513 1416/1416/1416
f 1416/1416/1416 1513/1513/1513 1514/1514/1514
f 1416/1416/1416 1514/1514/1514 1417/1417/1417
f 1417/1417/1417 1514/1514/1514 1515/1515/1515
f 1417/1417/1417 1515/1515/1515 1418/1418/1418
f 1418/1418/1418 1515/1515/1515 1516/1516/1516
f 1418/1418/1418 1516/1516/1516 1419/1419/1419
f 1419/1419/1419 1516/1516/1516 1517/1517/1517
f 1419/1419/1419 1517/1517/1517 1420/1420/1420
f 1420/1420/1420 1517/1517/1517 1518/1518/1518
f 1420/1420/1420 1518/1518/1518 1421/1421/1421
f 1421/1421/1421 1518/1518/1518 1519/1519/1519
f 1421/1421/1421 1519/1519/1519 1422/1422/1422
f 1422/1422/1422 1519/1519/1519 1520/1520/1520
f 1422/1422/1422 1520/1520/1520 1423/1423/1423
f 1423/1423/1423 1520/1520/1520 1521/1521/1521
f 1423/1423/1423 1521/1521/1521 1424/1424/1424
f 1424/1424/1424 1521/1521/1521 1522/1522/1522
f 1424/1424/1424 1522/1522/1522 1425/1425/1425
f 1425/1425/1425 1522/1522/1522 1523/1523/1523
f 1425/1425/1425 1523/1523/1523 1426/1426/1426
f 1426/1426/1426 1523/1523/1523 1524/1524/1524
f 1426/1426/1426 1524/1524/1524 1427/1427/1427
f 1427/1427/1427 1524/1524/1524 1525/1525/1525
f 1427/1427/1427 1525/1525/1525 1428/1428/1428
f 1428/1428/1428 1525/1525/1525 1526/1526/1526
f 1428/1428/1428 1526/1526/1526 1429/1429/1429
f 1429/1429/1429 1526/1526/1526 1527/1527/1527
f 1429/1429/1429 1527/1527/1527 1430/1430/1430
f 1430/1430/1430 1527/1527/1527 1528/1528/1528
f 1430/1430/1430 1528/1528/1528 1431/1431/1431
f 1431/1431/1431 1528/1528/1528 1529/1529/1529
f 1431/1431/1431 1529/1529/1529 1432/1432/1432
f 1432/1432/1432 1529/1529/1529 1530/1530/1530
f 1432/1432/1432 1530/1530/1530 1433/1433/1433
f 1433/1433/1433 1530/1530/1530 1531/1531/1531
f 1433/1433/1433 1531/1531/1531 1434/1434/1434
f 1434/1434/1434 1531/1531/1531 1532/1532/1532
f 1434/1434/1434 1532/1532/1532 1435/1435/1435
f 1435/1435/1435 1532/1532/1532 1533/1533/1533
f 1435/1435/1435 1533/1533/1533 1436/1436/1436
f 1436/1436/1436 1533/1533/1533 1534/1534/1534
f 1436/1436/1436 1534/1534/1534 1437/1437/1437
f 1437/1437/1437 1534/1534/1534 1535/1535/1535
f 1437/1437/1437 1535/1535/1535 1438/1438/1438
f 1438/1438/1438 1535/1535/1535 1536/1536/1536
f 1438/1438/1438 1536/1536/1536 1439/1439/1439
f 1439/1439/1439 1536/1536/1536 1537/1537/1537
f 1439/1439/1439 1537/1537/1537 1440/1440/1440
f 1440/1440/1440 1537/1537/1537 1538/1538/1538
f 1440/1440/1440 1538/1538/1538 1441/1441/1441
f 1441/1441/1441 1538/1538/1538 1539/1539/1539
f 1441/1441/1441 1539/1539/1539 1442/1442/1442
f 1442/1442/1442 1539/1539/1539 1540/1540/1540
f 1442/1442/1442 1540/1540/1540 1443/1443/1443
f 1443/1443/1443 1540/1540/1540 1541/1541/1541
f 1443/1443/1443 1541/1541/1541 1444/1444/1444
f 1444/1444/1444 1541/1541/1541 1542/1542/1542
f 1444/1444/1444 1542/1542/1542 1445/1445/1445
f 1445/1445/1445 1542/1542/1542 1543/1543/1543
f 1445/1445/1445 1543/1543/1543 1446/1446/1446
f 1446/1446/1446 1543/1543/1543 1544/1544/1544
f 1446/1446/1446 1544/1544/1544 1447/1447/1447
f 1447/1447/1447 1544/1544/1544 1545/1545/1545
f 1447/1447/1447 1545/1545/1545 1448/1448/1448
f 1448/1448/1448 1545/1545/1545 1546/1546/1546
f 1448/1448/1448 1546/1546/1546 1449/1449/1449
f 1449/1449/1449 1546/1546/1546 1547/1547/1547
f 1449/1449/1449 1547/1547/1547 1450/1450/1450
f 1450/1450/1450 1547/1547/1547 1548/1548/1548
f 1450/1450/1450 1548/1548/1548 1451/1451/1451
f 1451/1451/1451 1548/1548/1548 1549/1549/1549
f 1451/1451/1451 1549/1549/1549 1452/1452/1452
f 1452/1452/1452 1549/1549/1549 1550/1550/1550
f 1452/1452/1452 1550/1550/1550 1453/1453/1453
f 1453/1453/1453 1550/1550/1550 1551/1551/1551
f 1453/1453/1453 1551/1551/1551 1454/1454/1454
f 1455/1455/1455 1552/1552/1552 1553/1553/1553
f 1455/1455/1455 1553/1553/1553 1456/1456/1456
f 1456/1456/1456 1553/1553/1553 1554/1554/1554
f 1456/1456/1456 1554/1554/1554 1457/1457/1457
f 1457/1457/1457 1554/1554/1554 1555/1555/1555
f 1457/1457/1457 1555/1555/1555 1458/1458/1458
f 1458/1458/1458 1555/1555/1555 1556/1556/1556
f 1458/1458/1458 1556/1556/1556 1459/1459/1459
f 1459/1459/1459 1556/1556/1556 1557/1557/1557
f 1459/1459/1459 1557/1557/1557 1460/1460/1460
f 1460/1460/1460 1557/1557/1557 1558/1558/1558
f 1460/1460/1460 1558/1558/1558 1461/1461/1461
f 1461/1461/1461 1558/1558/1558 1559/1559/1559
f 1461/1461/1461 1559/1559/1559 1462/1462/1462
f 1462/1462/1462 1559/1559/1559 1560/1560/1560
f 1462/1462/1462 1560/1560/1560 1463/1463/1463
f 1463/1463/1463 1560/1560/1560 1561/1561/1561
f 1463/1463/1463 1561/1561/1561 1464/1464/1464
f 1464/1464/1464 1561/1561/1561 1562/1562/1562
f 1464/1464/1464 1562/1562/1562 1465/1465/1465
f 1465/1465/1465 1562/1562/1562 1563/1563/1563
f 1465/1465/1465 1563/1563/1563 1466/1466/1466
f 1466/1466/1466 1563/1563/1563 1564/1564/1564
f 1466/1466/1466 1564/1564/1564 1467/1467/1467
f 1467/1467/1467 1564/1564/1564 1565/1565/1565
f 1467/1467/1467 1565/1565/1565 1468/1468/1468
f 1468/1468/1468 1565/1565/1565 1566/1566/1566
f 1468/1468/1468 1566/1566/1566 1469/1469/1469
f 1469/1469/1469 1566/1566/1566 1567/1567/1567
f 1469/1469/1469 1567/1567/1567 1470/1470/1470
f 1470/1470/1470 1567/1567/1567 1568/1568/1568
f 1470/1470/1470 1568/1568/1568 1471/1471/1471
f 1471/1471/1471 1568/1568/1568 1569/1569/1569
f 1471/1471/1471 1569/1569/1569 1472/1472/1472
f 1472/1472/1472 1569/1569/1569 1570/1570/1570
f 1472/1472/1472 1570/1570/1570 1473/1473/1473
f 1473/1473/1473 1570/1570/1570 1571/1571/1571
f 1473/1473/1473 1571/1571/1571 1474/1474/1474
f 1474/1474/1474 1571/1571/1571 1572/1572/1572
f 1474/1474/1474 1572/1572/1572 1475/1475/1475
f 1475/1475/1475 1572/1572/1572 1573/1573/1573
f 1475/1475/1475 1573/1573/1573 1476/1476/1476
f 1476/1476/1476 1573/1573/1573 1574/1574/1574
f 1476/1476/1476 1574/1574/1574 1477/1477/1477
f 1477/1477/1477 1574/1574/1574 1575/1575/1575
f 1477/1477/1477 1575/1575/1575 1478/1478/1478
f 1478/1478/1478 1575/1575/1575 1576/1576/1576
f 1478/1478/1478 1576/1576/1576 1479/1479/1479
f 1479/1479/1479 1576/1576/1576 1577/1577/1577
f 1479/1479/1479 1577/1577/1577 1480/1480/1480
f 1480/1480/1480 1577/1577/1577 1578/1578/1578
f 1480/1480/1480 1578/1578/1578 1481/1481/1481
f 1481/1481/1481 1578/1578/1578 1579/1579/1579
f 1481/1481/1481 1579/1579/1579 1482/1482/1482
f 1482/1482/1482 1579/1579/1579 1580/1580/1580
f 1482/1482/1482 1580/1580/1580 1483/1483/1483
f 1483/1483/1483 1580/1580/1580 1581/1581/1581
f 1483/1483/1483 1581/1581/1581 1484/1484/1484
f 1484/1484/1484 1581/1581/1581 1582/1582/1582
f 1484/1484/1484 1582/1582/1582 1485/1485/1485
f 1485/1485/1485 1582/1582/1582 1583/1583/1583
f 1485/1485/1485 1583/1583/1583 1486/1486/1486
f 1486/1486/1486 1583/1583/1583 1584/1584/1584
f 1486/1486/1486 1584/1584/1584 1487/1487/1487
f 1487/1487/1487 1584/1584/1584 1585/1585/1585
f 1487/1487/1487 1585/1585/1585 1488/1488/1488
f 1488/1488/1488 1585/1585/1585 1586/1586/1586
f 1488/1488/1488 1586/1586/1586 1489/1489/1489
f 1489/1489/1489 1586/1586/1586 1587/1587/1587
f 1489/1489/1489 1587/1587/1587 1490/1490/1490
f 1490/1490/1490 1587/1587/1587 1588/1588/1588
f 1490/1490/1490 1588/1588/1588 1491/1491/1491
f 1491/1491/1491 1588/1588/1588 1589/1589/1589
f 1491/1491/1491 1589/1589/1589 1492/1492/1492
f 1492/1492/1492 1589/1589/1589 1590/1590/1590
f 1492/1492/1492 1590/1590/1590 1493/1493/1493
f 1493/1493/1493 1590/1590/1590 1591/1591/1591
f 1493/1493/1493 1591/1591/1591 1494/1494/1494
f 1494/1494/1494 1591/1591/1591 1592/1592/1592
f 1494/1494/1494 1592/1592/1592 1495/1495/1495
f 1495/1495/1495 1592/1592/1592 1593/1593/1593
f 1495/1495/1495 1593/1593/1593 1496/1496/1496
f 1496/1496/1496 1593/1593/1593 1594/1594/1594
f 1496/1496/1496 1594/1594/1594 1497/1497/1497
f 1497/1497/1497 1594/1594/1594 1595/1595/1595
f 1497/1497/1497 1595/1595/1595 1498/1498/1498
f 1498/1498/1498 1595/1595/1595 1596/1596/1596
f 1498/1498/1498 1596/1596/1596 1499/1499/1499
f 1499/1499/1499 1596/1596/1596 1597/1597/1597
f 1499/1499/1499 1597/1597/1597 1500/1500/1500
f 1500/1500/1500 1597/1597/1597 1598/1598/1598
f 1500/1500/1500 1598/1598/1598 1501/1501/1501
f 1501/1501/1501 1598/1598/1598 1599/1599/1599
f 1501/1501/1501 1599/1599/1599 1502/1502/1502
f 1502/1502/1502 1599/1599/1599 1600/1600/1600
f 1502/1502/1502 1600/1600/1600 1503/1503/1503
f 1503/1503/1503 1600/1600/1600 1601/1601/1601
f 1503/1503/1503 1601/1601/1601 1504/1504/1504
f 1504/1504/1504 1601/1601/1601 1602/1602/1602
f 1504/1504/1504 1602/1602/1602 1505/1505/1505
f 1505/1505/1505 1602/1602/1602 1603/1603/1603
f 1505/1505/1505 1603/1603/1603 1506/1506/1506
f 1506/1506/1506 1603/1603/1603 1604/1604/1604
f 1506/1506/1506 1604/1604/1604 1507/1507/1507
f 1507/1507/1507 1604/1604/1604 1605/1605/1605
f 1507/1507/1507 1605/1605/1605 1508/1508/1508
f 1508/1508/1508 1605/1605/1605 1606/1606/1606
f 1508/1508/1508 1606/1606/1606 1509/1509/1509
f 1509/1509/1509 1606/1606/1606 1607/1607/1607
f 1509/1509/1509 1607/1607/1607 1510/1510/1510
f 1510/1510/1510 1607/1607/1607 1608/1608/1608
f 1510/1510/1510 1608/1608/1608 1511/1511/1511
f 1511/1511/1511 1608/1608/1608 1609/1609/1609
f 1511/1511/1511 1609/1609/1609 1512/1512/1512
f 1512/1512/1512 1609/1609/1609 1610/1610/1610
f 1512/1512/1512 1610/1610/1610 1513/1513/1513
f 1513/1513/1513 1610/1610/1610 1611/1611/1611
f 1513/1513/1513 1611/1611/1611 1514/1514/1514
f 1514/1514/1514 1611/1611/1611 1612/1612/1612
f 1514/1514/1514 1612/1612/1612 1515/1515/1515
f 1515/1515/1515 1612/1612/1612 1613/1613/1613
f 1515/1515/1515 1613/1613/1613 1516/1516/1516
f 1516/1516/1516 1613/1613/1613 1614/1614/1614
f 1516/1516/1516 1614/1614/1614 1517/1517/1517
f 1517/1517/1517 1614/1614/1614 1615/1615/1615
f 1517/1517/1517 1615/1615/1615 1518/1518/1518
f 1518/1518/1518 1615/1615/1615 1616/1616/1616
f 1518/1518/1518 1616/1616/1616 1519/1519/1519
f 1519/1519/1519 1616/1616/1616 1617/1617/1617
f 1519/1519/1519 1617/1617/1617 1520/1520/1520
f 1520/1520/1520 1617/1617/1617 1618/1618/1618
f 1520/1520/1520 1618/1618/1618 1521/1521/1521
f 1521/1521/1521 1618/1618/1618 1619/1619/1619
f 1521/1521/1521 1619/1619/1619 1522/1522/1522
f 1522/1522/1522 1619/1619/1619 1620/1620/1620
f 1522/1522/1522 1620/1620/1620 1523/1523/1523
f 1523/1523/1523 1620/1620/1620 1621/1621/1621
f 1523/1523/1523 1621/1621/1621 1524/1524/1524
f 1524/1524/1524 1621/1621/1621 1622/1622/1622
f 1524/1524/1524 1622/1622/1622 1525/1525/1525
f 1525/1525/1525 1622/1622/1622 1623/1623/1623
f 1525/1525/1525 1623/1623/1623 1526/1526/1526
f 1526/1526/1526 1623/1623/1623 1624/1624/1624
f 1526/1526/1526 1624/1624/1624 1527/1527/1527
f 1527/1527/1527 1624/1624/1624 1625/1625/1625
f 1527/1527/1527 1625/1625/1625 1528/1528/1528
f 1528/1528/1528 1625/1625/1625 1626/1626/1626
f 1528/1528/1528 1626/1626/1626 1529/1529/1529
f 1529/1529/1529 1626/1626/1626 1627/1627/1627
f 1529/1529/1529 1627/1627/1627 1530/1530/1530
f 1530/1530/1530 1627/1627/1627 1628/1628/1628
f 1530/1530/1530 1628/1628/1628 1531/1531/1531
f 1531/1531/1531 1628/1628/1628 1629/1629/1629
f 1531/1531/1531 1629/1629/1629 1532/1532/1532
f 1532/1532/1532 1629/1629/1629 1630/1630/1630
f 1532/1532/1532 1630/1630/1630 1533/1533/1533
f 1533/1533/1533 1630/1630/1630 1631/1631/1631
f 1533/1533/1533 1631/1631/1631 1534/1534/1534
f 1534/1534/1534 1631/1631/1631 1632/1632/1632
f 1534/1534/1534 1632/1632/1632 1535/1535/1535
f 1535/1535/1535 1632/1632/1632 1633/1633/1633
f 1535/1535/1535 1633/1633/1633 1536/1536/1536
f 1536/1536/1536 1633/1633/1633 1634/1634/1634
f 1536/1536/1536 1634/1634/1634 1537/1537/1537
f 1537/1537/1537 1634/1634/1634 1635/1635/1635
f 1537/1537/1537 1635/1635/1635 1538/1538/1538
f 1538/1538/1538 1635/1635/1635 1636/1636/1636
f 1538/1538/1538 1636/1636/1636 1539/1539/1539
f 1539/1539/1539 1636/1636/1636 1637/1637/1637
f 1539/1539/1539 1637/1637/1637 1540/1540/1540
f 1540/1540/1540 1637/1637/1637 1638/1638/1638
f 1540/1540/1540 1638/1638/1638 1541/1541/1541
f 1541/1541/1541 1638/1638/1638 1639/1639/1639
f 1541/1541/1541 1639/1639/1639 1542/1542/1542
f 1542/1542/1542 1639/1639/1639 1640/1640/1640
f 1542/1542/1542 1640/1640/1640 1543/1543/1543
f 1543/1543/1543 1640/1640/1640 1641/1641/1641
f 1543/1543/1543 1641/1641/1641 1544/1544/1544
f 1544/1544/1544 1641/1641/1641 1642/1642/1642
f 1544/1544/1544 1642/1642/1642 1545/1545/1545
f 1545/1545/1545 1642/1642/1642 1643/1643/1643
f 1545/1545/1545 1643/1643/1643 1546/1546/1546
f 1546/1546/1546 1643/1643/1643 1644/1644/1644
f 1546/1546/1546 1644/1644/1644 1547/1547/1547
f 1547/1547/1547 1644/1644/1644 1645/1645/1645
f 1547/1547/1547 1645/1645/1645 1548/1548/1548
f 1548/1548/1548 1645/1645/1645 1646/1646/1646
f 1548/1548/1548 1646/1646/1646 1549/1549/1549
f 1549/1549/1549 1646/1646/1646 1647/1647/1647
f 1549/1549/1549 1647/1647/1647 1550/1550/1550
f 1550/1550/1550 1647/1647/1647 1648/1648/1648
f 1550/1550/1550 1648/1648/1648 1551/1551/1551
f 1552/1552/1552 1649/1649/1649 1650/1650/1650
f 1552/1552/1552 1650/1650/1650 1553/1553/1553
f 1553/1553/1553 1650/1650/1650 1651/1651/1651
f 1553/1553/1553 1651/1651/1651 1554/1554/1554
f 1554/1554/1554 1651/1651/1651 1652/1652/1652
f 1554/1554/1554 1652/1652/1652 1555/1555/1555
f 1555/1555/1555 1652/1652/1652 1653/1653/1653
f 1555/1555/1555 1653/1653/1653 1556/1556/1556
f 1556/1556/1556 1653/1653/1653 1654/1654/1654
f 1556/1556/1556 1654/1654/1654 1557/1557/1557
f 1557/1557/1557 1654/1654/1654 1655/1655/1655
f 1557/1557/1557 1655/1655/1655 1558/1558/1558
f 1558/1558/1558 1655/1655/1655 1656/1656/1656
f 1558/1558/1558 1656/1656/1656 1559/1559/1559
f 1559/1559/1559 1656/1656/1656 1657/1657/1657
f 1559/1559/1559 1657/1657/1657 1560/1560/1560
f 1560/1560/1560 1657/1657/1657 1658/1658/1658
f 1560/1560/1560 1658/1658/1658 1561/1561/1561
f 1561/1561/1561 1658/1658/1658 1659/1659/1659
f 1561/1561/1561 1659/1659/1659 1562/1562/1562
f 1562/1562/1562 1659/1659/1659 1660/1660/1660
f 1562/1562/1562 1660/1660/1660 1563/1563/1563
f 1563/1563/1563 1660/1660/1660 1661/1661/1661
f 1563/1563/1563 1661/1661/1661 1564/1564/1564
f 1564/1564/1564 1661/1661/1661 1662/1662/1662
f 1564/1564/1564 1662/1662/1662 1565/1565/1565
f 1565/1565/1565 1662/1662/1662 1663/1663/1663
f 1565/1565/1565 1663/1663/1663 1566/1566/1566
f 1566/1566/1566 1663/1663/1663 1664/1664/1664
f 1566/1566/1566 1664/1664/1664 1567/1567/1567
f 1567/1567/1567 1664/1664/1664 1665/1665/1665
f 1567/1567/1567 1665/1665/1665 1568/1568/1568
f 1568/1568/1568 1665/1665/1665 1666/1666/1666
f 1568/1568/1568 1666/1666/1666 1569/1569/1569
f 1569/1569/1569 1666/1666/1666 1667/1667/1667
f 1569/1569/1569 1667/1667/1667 1570/1570/1570
f 1570/1570/1570 1667/1667/1667 1668/1668/1668
f 1570/1570/1570 1668/1668/1668 1571/1571/1571
f 1571/1571/1571 1668/1668/1668 1669/1669/1669
f 1571/1571/1571 1669/1669/1669 1572/1572/1572
f 1572/1572/1572 1669/1669/1669 1670/1670/1670
f 1572/1572/1572 1670/1670/1670 1573/1573/1573
f 1573/1573/1573 1670/1670/1670 1671/1671/1671
f 1573/1573/1573 1671/1671/1671 1574/1574/1574
f 1574/1574/1574 1671/1671/1671 1672/1672/1672
f 1574/1574/1574 1672/1672/1672 1575/1575/1575
f 1575/1575/1575 1672/1672/1672 1673/1673/1673
f 1575/1575/1575 1673/1673/1673 1576/1576/1576
f 1576/1576/1576 1673/1673/1673 1674/1674/1674
f 1576/1576/1576 1674/1674/1674 1577/1577/1577
f 1577/1577/1577 1674/1674/1674 1675/1675/1675
f 1577/1577/1577 1675/1675/1675 1578/1578/1578
f 1578/1578/1578 1675/1675/1675 1676/1676/1676
f 1578/1578/1578 1676/1676/1676 1579/1579/1579
f 1579/1579/1579 1676/1676/1676 1677/1677/1677
f 1579/1579/1579 1677/1677/1677 1580/1580/1580
f 1580/1580/1580 1677/1677/1677 1678/1678/1678
f 1580/1580/1580 1678/1678/1678 1581/1581/1581
f 1581/1581/1581 1678/1678/1678 1679/1679/1679
f 1581/1581/1581 1679/1679/1679 1582/1582/1582
f 1582/1582/1582 1679/1679/1679 1680/1680/1680
f 1582/1582/1582 1680/1680/1680 1583/1583/1583
f 1583/1583/1583 1680/1680/1680 1681/1681/1681
f 1583/1583/1583 1681/1681/1681 1584/1584/1584
f 1584/1584/1584 1681/1681/1681 1682/1682/1682
f 1584/1584/1584 1682/1682/1682 1585/1585/1585
f 1585/1585/1585 1682/1682/1682 1683/1683/1683
f 1585/1585/1585 1683/1683/1683 1586/1586/1586
f 1586/1586/1586 1683/1683/1683 1684/1684/1684
f 1586/1586/1586 1684/1684/1684 1587/1587/1587
f 1587/1587/1587 1684/1684/1684 1685/1685/1685
f 1587/1587/1587 1685/1685/1685 1588/1588/1588
f 1588/1588/1588 1685/1685/1685 1686/1686/1686
f 1588/1588/1588 1686/1686/1686 1589/1589/1589
f 1589/1589/1589 1686/1686/1686 1687/1687/1687
f 1589/1589/1589 1687/1687/1687 1590/1590/1590
f 1590/1590/1590 1687/1687/1687 1688/1688/1688
f 1590/1590/1590 1688/1688/1688 1591/1591/1591
f 1591/1591/1591 1688/1688/1688 1689/1689/1689
f 1591/1591/1591 1689/1689/1689 1592/1592/1592
f 1592/1592/1592 1689/1689/1689 1690/1690/1690
f 1592/1592/1592 1690/1690/1690 1593/1593/1593
f 1593/1593/1593 1690/1690/1690 1691/1691/1691
f 1593/1593/1593 1691/1691/1691 1594/1594/1594
f 1594/1594/1594 1691/1691/1691 1692/1692/1692
f 1594/1594/1594 1692/1692/1692 1595/1595/1595
f 1595/1595/1595 1692/1692/1692 1693/1693/1693
f 1595/1595/1595 1693/1693/1693 1596/1596/1596
f 1596/1596/1596 1693/1693/1693 1694/1694/1694
f 1596/1596/1596 1694/1694/1694 1597/1597/1597
f 1597/1597/1597 1694/1694/1694 1695/1695/1695
f 1597/1597/1597 1695/1695/1695 1598/1598/1598
f 1598/1598/1598 1695/1695/1695 1696/1696/1696
f 1598/1598/1598 1696/1696/1696 1599/1599/1599
f 1599/1599/1599 1696/1696/1696 1697/1697/1697
f 1599/1599/1599 1697/1697/1697 1600/1600/1600
f 1600/1600/1600 1697/1697/1697 1698/1698/1698
f 1600/1600/1600 1698/1698/1698 1601/1601/1601
f 1601/1601/1601 1698/1698/1698 1699/1699/1699
f 1601/1601/1601 1699/1699/1699 1602/1602/1602
f 1602/1602/1602 1699/1699/1699 1700/1700/1700
f 1602/1602/1602 1700/1700/1700 1603/1603/1603
f 1603/1603/1603 1700/1700/1700 1701/1701/1701
f 1603/1603/1603 1701/1701/1701 1604/1604/1604
f 1604/1604/1604 1701/1701/1701 1702/1702/1702
f 1604/1604/1604 1702/1702/1702 1605/1605/1605
f 1605/1605/1605 1702/1702/1702 1703/1703/1703
f 1605/1605/1605 1703/1703/1703 1606/1606/1606
f 1606/1606/1606 1703/1703/1703 1704/1704/1704
f 1606/1606/1606 1704/1704/1704 1607/1607/1607
f 1607/1607/1607 1704/1704/1704 1705/1705/1705
f 1607/1607/1607 1705/1705/1705 1608/1608/1608
f 1608/1608/1608 1705/1705/1705 1706/1706/1706
f 1608/1608/1608 1706/1706/1706 1609/1609/1609
f 1609/1609/1609 1706/1706/1706 1707/1707/1707
f 1609/1609/1609 1707/1707/1707 1610/1610/1610
f 1610/1610/1610 1707/1707/1707 1708/1708/1708
f 1610/1610/1610 1708/1708/1708 1611/1611/1611
f 1611/1611/1611 1708/1708/1708 1709/1709/1709
f 1611/1611/1611 1709/1709/1709 1612/1612/1612
f 1612/1612/1612 1709/1709/1709 1710/1710/1710
f 1612/1612/1612 1710/1710/1710 1613/1613/1613
f 1613/1613/1613 1710/1710/1710 1711/1711/1711
f 1613/1613/1613 1711/1711/1711 1614/1614/1614
f 1614/1614/1614 1711/1711/1711 1712/1712/1712
f 1614/1614/1614 1712/1712/1712 1615/1615/1615
f 1615/1615/1615 1712/1712/1712 1713/1713/1713
f 1615/1615/1615 1713/1713/1713 1616/1616/1616
f 1616/1616/1616 1713/1713/1713 1714/1714/1714
f 1616/1616/1616 1714/1714/1714 1617/1617/1617
f 1617/1617/1617 1714/1714/1714 1715/1715/1715
f 1617/1617/1617 1715/1715/1715 1618/1618/1618
f 1618/1618/1618 1715/1715/1715 1716/1716/1716
f 1618/1618/1618 1716/1716/1716 1619/1619/1619
f 1619/1619/1619 1716/1716/1716 1717/1717/1717
f 1619/1619/1619 1717/1717/1717 1620/1620/1620
f 1620/1620/1620 1717/1717/1717 1718/1718/1718
f 1620/1620/1620 1718/1718/1718 1621/1621/1621
f 1621/1621/1621 1718/1718/1718 1719/1719/1719
f 1621/1621/1621 1719/1719/1719 1622/1622/1622
f 1622/1622/1622 1719/1719/1719 1720/1720/1720
f 1622/1622/1622 1720/1720/1720 1623/1623/1623
f 1623/1623/1623 1720/1720/1720 1721/1721/1721
f 1623/1623/1623 1721/1721/1721 1624/1624/1624
f 1624/1624/1624 1721/1721/1721 1722/1722/1722
f 1624/1624/1624 1722/1722/1722 1625/1625/1625
f 1625/1625/1625 1722/1722/1722 1723/1723/1723
f 1625/1625/1625 1723/1723/1723 1626/1626/1626
f 1626/1626/1626 1723/1723/1723 1724/1724/1724
f 1626/1626/1626 1724/1724/1724 1627/1627/1627
f 1627/1627/1627 1724/1724/1724 1725/1725/1725
f 1627/1627/1627 1725/1725/1725 1628/1628/1628
f 1628/1628/1628 1725/1725/1725 1726/1726/1726
f 1628/1628/1628 1726/1726/1726 1629/1629/1629
f 1629/1629/1629 1726/1726/1726 1727/1727/1727
f 1629/1629/1629 1727/1727/1727 1630/1630/1630
f 1630/1630/1630 1727/1727/1727 1728/1728/1728
f 1630/1630/1630 1728/1728/1728 1631/1631/1631
f 1631/1631/1631 1728/1728/1728 1729/1729/1729
f 1631/1631/1631 1729/1729/1729 1632/1632/1632
f 1632/1632/1632 1729/1729/1729 1730/1730/1730
f 1632/1632/1632 1730/1730/1730 1633/1633/1633
f 1633/1633/1633 1730/1730/1730 1731/1731/1731
f 1633/1633/1633 1731/1731/1731 1634/1634/1634
f 1634/1634/1634 1731/1731/1731 1732/1732/1732
f 1634/1634/1634 1732/1732/1732 1635/1635/1635
f 1635/1635/1635 1732/1732/1732 1733/1733/1733
f 1635/1635/1635 1733/1733/1733 1636/1636/1636
f 1636/1636/1636 1733/1733/1733 1734/1734/1734
f 1636/1636/1636 1734/1734/1734 1637/1637/1637
f 1637/1637/1637 1734/1734/1734 1735/1735/1735
f 1637/1637/1637 1735/1735/1735 1638/1638/1638
f 1638/1638/1638 1735/1735/1735 1736/1736/1736
f 1638/1638/1638 1736/1736/1736 1639/1639/1639
f 1639/1639/1639 1736/1736/1736 1737/1737/1737
f 1639/1639/1639 1737/1737/1737 1640/1640/1640
f 1640/1640/1640 1737/1737/1737 1738/1738/1738
f 1640/1640/1640 1738/1738/1738 1641/1641/1641
f 1641/1641/1641 1738/1738/1738 1739/1739/1739
f 1641/1641/1641 1739/1739/1739 1642/1642/1642
f 1642/1642/1642 1739/1739/1739 1740/1740/1740
f 1642/1642/1642 1740/1740/1740 1643/1643/1643
f 1643/1643/1643 1740/1740/1740 1741/1741/1741
f 1643/1643/1643 1741/1741/1741 1644/1644/1644
f 1644/1644/1644 1741/1741/1741 1742/1742/1742
f 1644/1644/1644 1742/1742/1742 1645/1645/1645
f 1645/1645/1645 1742/1742/1742 1743/1743/1743
f 1645/1645/1645 1743/1743/1743 1646/1646/1646
f 1646/1646/1646 1743/1743/1743 1744/1744/1744
f 1646/1646/1646 1744/1744/1744 1647/1647/1647
f 1647/1647/1647 1744/1744/1744 1745/1745/1745
f 1647/1647/1647 1745/1745/1745 1648/1648/1648
f 1649/1649/1649 1746/1746/1746 1747/1747/1747
f 1649/1649/1649 1747/1747/1747 1650/1650/1650
f 1650/1650/1650 1747/1747/1747 1748/1748/1748
f 1650/1650/1650 1748/1748/1748 1651/1651/1651
f 1651/1651/1651 1748/1748/1748 1749/1749/1749
f 1651/1651/1651 1749/1749/1749 1652/1652/1652
f 1652/1652/1652 1749/1749/1749 1750/1750/1750
f 1652/1652/1652 1750/1750/1750 1653/1653/1653
f 1653/1653/1653 1750/1750/1750 1751/1751/1751
f 1653/1653/1653 1751/1751/1751 1654/1654/1654
f 1654/1654/1654 1751/1751/1751 1752/1752/1752
f 1654/1654/1654 1752/1752/1752 1655/1655/1655
f 1655/1655/1655 1752/1752/1752 1753/1753/1753
f 1655/1655/1655 1753/1753/1753 1656/1656/1656
f 1656/1656/1656 1753/1753/1753 1754/1754/1754
f 1656/1656/1656 1754/1754/1754 1657/1657/1657
f 1657/1657/1657 1754/1754/1754 1755/1755/1755
f 1657/1657/1657 1755/1755/1755 1658/1658/1658
f 1658/1658/1658 1755/1755/1755 1756/1756/1756
f 1658/1658/1658 1756/1756/1756 1659/1659/1659
f 1659/1659/1659 1756/1756/1756 1757/1757/1757
f 1659/1659/1659 1757/1757/1757 1660/1660/1660
f 1660/1660/1660 1757/1757/1757 1758/1758/1758
f 1660/1660/1660 1758/1758/1758 1661/1661/1661
f 1661/1661/1661 1758/1758/1758 1759/1759/1759
f 1661/1661/1661 1759/1759/1759 1662/1662/1662
f 1662/1662/1662 1759/1759/1759 1760/1760/1760
f 1662/1662/1662 1760/1760/1760 1663/1663/1663
f 1663/1663/1663 1760/1760/1760 1761/1761/1761
f 1663/1663/1663 1761/1761/1761 1664/1664/1664
f 1664/1664/1664 1761/1761/1761 1762/1762/1762
f 1664/1664/1664 1762/1762/1762 1665/1665/1665
f 1665/1665/1665 1762/1762/1762 1763/1763/1763
f 1665/1665/1665 1763/1763/1763 1666/1666/1666
f 1666/1666/1666 1763/1763/1763 1764/1764/1764
f 1666/1666/1666 1764/1764/1764 1667/1667/1667
f 1667/1667/1667 1764/1764/1764 1765/1765/1765
f 1667/1667/1667 1765/1765/1765 1668/1668/1668
f 1668/1668/1668 1765/1765/1765 1766/1766/1766
f 1668/1668/1668 1766/1766/1766 1669/1669/1669
f 1669/1669/1669 1766/1766/1766 1767/1767/1767
f 1669/1669/1669 1767/1767/1767 1670/1670/1670
f 1670/1670/1670 1767/1767/1767 1768/1768/1768
f 1670/1670/1670 1768/1768/1768 1671/1671/1671
f 1671/1671/1671 1768/1768/1768 1769/1769/1769
f 1671/1671/1671 1769/1769/1769 1672/1672/1672
f 1672/1672/1672 1769/1769/1769 1770/1770/1770
f 1672/1672/1672 1770/1770/1770 1673/1673/1673
f 1673/1673/1673 1770/1770/1770 1771/1771/1771
f 1673/1673/1673 1771/1771/1771 1674/1674/1674
f 1674/1674/1674 1771/1771/1771 1772/1772/1772
f 1674/1674/1674 1772/1772/1772 1675/1675/1675
f 1675/1675/1675 1772/1772/1772 1773/1773/1773
f 1675/1675/1675 1773/1773/1773 1676/1676/1676
f 1676/1676/1676 1773/1773/1773 1774/1774/1774
f 1676/1676/1676 1774/1774/1774 1677/1677/1677
f 1677/1677/1677 1774/1774/1774 1775/1775/1775
f 1677/1677/1677 1775/1775/1775 1678/1678/1678
f 1678/1678/1678 1775/1775/1775 1776/1776/1776
f 1678/1678/1678 1776/1776/1776 1679/1679/1679
f 1679/1679/1679 1776/1776/1776 1777/1777/1777
f 1679/1679/1679 1777/1777/1777 1680/1680/1680
f 1680/1680/1680 1777/1777/1777 1778/1778/1778
f 1680/1680/1680 1778/1778/1778 1681/1681/1681
f 1681/1681/1681 1778/1778/1778 1779/1779/1779
f 1681/1681/1681 1779/1779/1779 1682/1682/1682
f 1682/1682/1682 1779/1779/1779 1780/1780/1780
f 1682/1682/1682 1780/1780/1780 1683/1683/1683
f 1683/1683/1683 1780/1780/1780 1781/1781/1781
f 1683/1683/1683 1781/1781/1781 1684/1684/1684
f 1684/1684/1684 1781/1781/1781 1782/1782/1782
f 1684/1684/1684 1782/1782/1782 1685/1685/1685
f 1685/1685/1685 1782/1782/1782 1783/1783/1783
f 1685/1685/1685 1783/1783/1783 1686/1686/1686
f 1686/1686/1686 1783/1783/1783 1784/1784/1784
f 1686/1686/1686 1784/1784/1784 1687/1687/1687
f 1687/1687/1687 1784/1784/1784 1785/1785/1785
f 1687/1687/1687 1785/1785/1785 1688/1688/1688
f 1688/1688/1688 1785/1785/1785 1786/1786/1786
f 1688/1688/1688 1786/1786/1786 1689/1689/1689
f 1689/1689/1689 1786/1786/1786 1787/1787/1787
f 1689/1689/1689 1787/1787/1787 1690/1690/1690
f 1690/1690/1690 1787/1787/1787 1788/1788/1788
f 1690/1690/1690 1788/1788/1788 1691/1691/1691
f 1691/1691/1691 1788/1788/1788 1789/1789/1789
f 1691/1691/1691 1789/1789/1789 1692/1692/1692
f 1692/1692/1692 1789/1789/1789 1790/1790/1790
f 1692/1692/1692 1790/1790/1790 1693/1693/1693
f 1693/1693/1693 1790/1790/1790 1791/1791/1791
f 1693/1693/1693 1791/1791/1791 1694/1694/1694
f 1694/1694/1694 1791/1791/1791 1792/1792/1792
f 1694/1694/1694 1792/1792/1792 1695/1695/1695
f 1695/1695/1695 1792/1792/1792 1793/1793/1793
f 1695/1695/1695 1793/1793/1793 1696/1696/1696
f 1696/1696/1696 1793/1793/1793 1794/1794/1794
f 1696/1696/1696 1794/1794/1794 1697/1697/1697
f 1697/1697/1697 1794/1794/1794 1795/1795/1795
f 1697/1697/1697 1795/1795/1795 1698/1698/1698
f 1698/1698/1698 1795/1795/1795 1796/1796/1796
f 1698/1698/1698 1796/1796/1796 1699/1699/1699
f 1699/1699/1699 1796/1796/1796 1797/1797/1797
f 1699/1699/1699 1797/1797/1797 1700/1700/1700
f 1700/1700/1700 1797/1797/1797 1798/1798/1798
f 1700/1700/1700 1798/1798/1798 1701/1701/1701
f 1701/1701/1701 1798/1798/1798 1799/1799/1799
f 1701/1701/1701 1799/1799/1799 1702/1702/1702
f 1702/1702/1702 1799/1799/1799 1800/1800/1800
f 1702/1702/1702 1800/1800/1800 1703/1703/1703
f 1703/1703/1703 1800/1800/1800 1801/1801/1801
f 1703/1703/1703 1801/1801/1801 1704/1704/1704
f 1704/1704/1704 1801/1801/1801 1802/1802/1802
f 1704/1704/1704 1802/1802/1802 1705/1705/1705
f 1705/1705/1705 1802/1802/1802 1803/1803/1803
f 1705/1705/1705 1803/1803/1803 1706/1706/1706
f 1706/1706/1706 1803/1803/1803 1804/1804/1804
f 1706/1706/1706 1804/1804/1804 1707/1707/1707
f 1707/1707/1707 1804/1804/1804 1805/1805/1805
f 1707/1707/1707 1805/1805/1805 1708/1708/1708
f 1708/1708/1708 1805/1805/1805 1806/1806/1806
f 1708/1708/1708 1806/1806/1806 1709/1709/1709
f 1709/1709/1709 1806/1806/1806 1807/1807/1807
f 1709/1709/1709 1807/1807/1807 1710/1710/1710
f 1710/1710/1710 1807/1807/1807 1808/1808/1808
f 1710/1710/1710 1808/1808/1808 1711/1711/1711
f 1711/1711/1711 1808/1808/1808 1809/1809/1809
f 1711/1711/1711 1809/1809/1809 1712/1712/1712
f 1712/1712/1712 1809/1809/1809 1810/1810/1810
f 1712/1712/1712 1810/1810/1810 1713/1713/1713
f 1713/1713/1713 1810/1810/1810 1811/1811/1811
f 1713/1713/1713 1811/1811/1811 1714/1714/1714
f 1714/1714/1714 1811/1811/1811 1812/1812/1812
f 1714/1714/1714 1812/1812/1812 1715/1715/1715
f 1715/1715/1715 1812/1812/1812 1813/1813/1813
f 1715/1715/1715 1813/1813/1813 1716/1716/1716
f 1716/1716/1716 1813/1813/1813 1814/1814/1814
f 1716/1716/1716 1814/1814/1814 1717/1717/1717
f 1717/1717/1717 1814/1814/1814 1815/1815/1815
f 1717/1717/1717 1815/1815/1815 1718/1718/1718
f 1718/1718/1718 1815/1815/1815 1816/1816/1816
f 1718/1718/1718 1816/1816/1816 1719/1719/1719
f 1719/1719/1719 1816/1816/1816 1817/1817/1817
f 1719/1719/1719 1817/1817/1817 1720/1720/1720
f 1720/1720/1720 1817/1817/1817 1818/1818/1818
f 1720/1720/1720 1818/1818/1818 1721/1721/1721
f 1721/1721/1721 1818/1818/1818 1819/1819/1819
f 1721/1721/1721 1819/1819/1819 1722/1722/1722
f 1722/1722/1722 1819/1819/1819 1820/1820/1820
f 1722/1722/1722 1820/1820/1820 1723/1723/1723
f 1723/1723/1723 1820/1820/1820 1821/1821/1821
f 1723/1723/1723 1821/1821/1821 1724/1724/1724
f 1724/1724/1724 1821/1821/1821 1822/1822/1822
f 1724/1724/1724 1822/1822/1822 1725/1725/1725
f 1725/1725/1725 1822/1822/1822 1823/1823/1823
f 1725/1725/1725 1823/1823/1823 1726/1726/1726
f 1726/1726/1726 1823/1823/1823 1824/1824/1824
f 1726/1726/1726 1824/1824/1824 1727/1727/1727
f 1727/1727/1727 1824/1824/1824 1825/1825/1825
f 1727/1727/1727 1825/1825/1825 1728/1728/1728
f 1728/1728/1728 1825/1825/1825 1826/1826/1826
f 1728/1728/1728 1826/1826/1826 1729/1729/1729
f 1729/1729/1729 1826/1826/1826 1827/1827/1827
f 1729/1729/1729 1827/1827/1827 1730/1730/1730
f 1730/1730/1730 1827/1827/1827 1828/1828/1828
f 1730/1730/1730 1828/1828/1828 1731/1731/1731
f 1731/1731/1731 1828/1828/1828 1829/1829/1829
f 1731/1731/1731 1829/1829/1829 1732/1732/1732
f 1732/1732/1732 1829/1829/1829 1830/1830/1830
f 1732/1732/1732 1830/1830/1830 1733/1733/1733
f 1733/1733/1733 1830/1830/1830 1831/1831/1831
f 1733/1733/1733 1831/1831/1831 1734/1734/1734
f 1734/1734/1734 1831/1831/1831 1832/1832/1832
f 1734/1734/1734 1832/1832/1832 1735/1735/1735
f 1735/1735/1735 1832/1832/1832 1833/1833/1833
f 1735/1735/1735 1833/1833/1833 1736/1736/1736
f 1736/1736/1736 1833/1833/1833 1834/1834/1834
f 1736/1736/1736 1834/1834/1834 1737/1737/1737
f 1737/1737/1737 1834/1834/1834 1835/1835/1835
f 1737/1737/1737 1835/1835/1835 1738/1738/1738
f 1738/1738/1738 1835/1835/1835 1836/1836/1836
f 1738/1738/1738 1836/1836/1836 1739/1739/1739
f 1739/1739/1739 1836/1836/1836 1837/1837/1837
f 1739/1739/1739 1837/1837/1837 1740/1740/1740
f 1740/1740/1740 1837/1837/1837 1838/1838/1838
f 1740/1740/1740 1838/1838/1838 1741/1741/1741
f 1741/1741/1741 1838/1838/1838 1839/1839/1839
f 1741/1741/1741 1839/1839/1839 1742/1742/1742
f 1742/1742/1742 1839/1839/1839 1840/1840/1840
f 1742/1742/1742 1840/1840/1840 1743/1743/1743
f 1743/1743/1743 1840/1840/1840 1841/1841/1841
f 1743/1743/1743 1841/1841/1841 1744/1744/1744
f 1744/1744/1744 1841/1841/1841 1842/1842/1842
f 1744/1744/1744 1842/1842/1842 1745/1745/1745
f 1746/1746/1746 1843/1843/1843 1844/1844/1844
f 1746/1746/1746 1844/1844/1844 1747/1747/1747
f 1747/1747/1747 1844/1844/1844 1845/1845/1845
f 1747/1747/1747 1845/1845/1845 1748/1748/1748
f 1748/1748/1748 1845/1845/1845 1846/1846/1846
f 1748/1748/1748 1846/1846/1846 1749/1749/1749
f 1749/1749/1749 1846/1846/1846 1847/1847/1847
f 1749/1749/1749 1847/1847/1847 1750/1750/1750
f 1750/1750/1750 1847/1847/1847 1848/1848/1848
f 1750/1750/1750 1848/1848/1848 1751/1751/1751
f 1751/1751/1751 1848/1848/1848 1849/1849/1849
f 1751/1751/1751 1849/1849/1849 1752/1752/1752
f 1752/1752/1752 1849/1849/1849 1850/1850/1850
f 1752/1752/1752 1850/1850/1850 1753/1753/1753
f 1753/1753/1753 1850/1850/1850 1851/1851/1851
f 1753/1753/1753 1851/1851/1851 1754/1754/1754
f 1754/1754/1754 1851/1851/1851 1852/1852/1852
f 1754/1754/1754 1852/1852/1852 1755/1755/1755
f 1755/1755/1755 1852/1852/1852 1853/1853/1853
f 1755/1755/1755 1853/1853/1853 1756/1756/1756
f 1756/1756/1756 1853/1853/1853 1854/1854/1854
f 1756/1756/1756 1854/1854/1854 1757/1757/1757
f 1757/1757/1757 1854/1854/1854 1855/1855/1855
f 1757/1757/1757 1855/1855/1855 1758/1758/1758
f 1758/1758/1758 1855/1855/1855 1856/1856/1856
f 1758/1758/1758 1856/1856/1856 1759/1759/1759
f 1759/1759/1759 1856/1856/1856 1857/1857/1857
f 1759/1759/1759 1857/1857/1857 1760/1760/1760
f 1760/1760/1760 1857/1857/1857 1858/1858/1858
f 1760/1760/1760 1858/1858/1858 1761/1761/1761
f 1761/1761/1761 1858/1858/1858 1859/1859/1859
f 1761/1761/1761 1859/1859/1859 1762/1762/1762
f 1762/1762/1762 1859/1859/1859 1860/1860/1860
f 1762/1762/1762 1860/1860/1860 1763/1763/1763
f 1763/1763/1763 1860/1860/1860 1861/1861/1861
f 1763/1763/1763 1861/1861/1861 1764/1764/1764
f 1764/1764/1764 1861/1861/1861 1862/1862/1862
f 1764/1764/1764 1862/1862/1862 1765/1765/1765
f 1765/1765/1765 1862/1862/1862 1863/1863/1863
f 1765/1765/1765 1863/1863/1863 1766/1766/1766
f 1766/1766/1766 1863/1863/1863 1864/1864/1864
f 1766/1766/1766 1864/1864/1864 1767/1767/1767
f 1767/1767/1767 1864/1864/1864 1865/1865/1865
f 1767/1767/1767 1865/1865/1865 1768/1768/1768
f 1768/1768/1768 1865/1865/1865 1866/1866/1866
f 1768/1768/1768 1866/1866/1866 1769/1769/1769
f 1769/1769/1769 1866/1866/1866 1867/1867/1867
f 1769/1769/1769 1867/1867/1867 1770/1770/1770
f 1770/1770/1770 1867/1867/1867 1868/1868/1868
f 1770/1770/1770 1868/1868/1868 1771/1771/1771
f 1771/1771/1771 1868/1868/1868 1869/1869/1869
f 1771/1771/1771 1869/1869/1869 1772/1772/1772
f 1772/1772/1772 1869/1869/1869 1870/1870/1870
f 1772/1772/1772 1870/1870/1870 1773/1773/1773
f 1773/1773/1773 1870/1870/1870 1871/1871/1871
f 1773/1773/1773 1871/1871/1871 1774/1774/1774
f 1774/1774/1774 1871/1871/1871 1872/1872/1872
f 1774/1774/1774 1872/1872/1872 1775/1775/1775
f 1775/1775/1775 1872/1872/1872 1873/1873/1873
f 1775/1775/1775 1873/1873/1873 1776/1776/1776
f 1776/1776/1776 1873/1873/1873 1874/1874/1874
f 1776/1776/1776 1874/1874/1874 1777/1777/1777
f 1777/1777/1777 1874/1874/1874 1875/1875/1875
f 1777/1777/1777 1875/1875/1875 1778/1778/1778
f 1778/1778/1778 1875/1875/1875 1876/1876/1876
f 1778/1778/1778 1876/1876/1876 1779/1779/1779
f 1779/1779/1779 1876/1876/1876 1877/1877/1877
f 1779/1779/1779 1877/1877/1877 1780/1780/1780
f 1780/1780/1780 1877/1877/1877 1878/1878/1878
f 1780/1780/1780 1878/1878/1878 1781/1781/1781
f 1781/1781/1781 1878/1878/1878 1879/1879/1879
f 1781/1781/1781 1879/1879/1879 1782/1782/1782
f 1782/1782/1782 1879/1879/1879 1880/1880/1880
f 1782/1782/1782 1880/1880/1880 1783/1783/1783
f 1783/1783/1783 1880/1880/1880 1881/1881/1881
f 1783/1783/1783 1881/1881/1881 1784/1784/1784
f 1784/1784/1784 1881/1881/1881 1882/1882/1882
f 1784/1784/1784 1882/1882/1882 1785/1785/1785
f 1785/1785/1785 1882/1882/1882 1883/1883/1883
f 1785/1785/1785 1883/1883/1883 1786/1786/1786
f 1786/1786/1786 1883/1883/1883 1884/1884/1884
f 1786/1786/1786 1884/1884/1884 1787/1787/1787
f 1787/1787/1787 1884/1884/1884 1885/1885/1885
f 1787/1787/1787 1885/1885/1885 1788/1788/1788
f 1788/1788/1788 1885/1885/1885 1886/1886/1886
f 1788/1788/1788 1886/1886/1886 1789/1789/1789
f 1789/1789/1789 1886/1886/1886 1887/1887/1887
f 1789/1789/1789 1887/1887/1887 1790/1790/1790
f 1790/1790/1790 1887/1887/1887 1888/1888/1888
f 1790/1790/1790 1888/1888/1888 1791/1791/1791
f 1791/1791/1791 1888/1888/1888 1889/1889/1889
f 1791/1791/1791 1889/1889/1889 1792/1792/1792
f 1792/1792/1792 1889/1889/1889 1890/1890/1890
f 1792/1792/1792 1890/1890/1890 1793/1793/1793
f 1793/1793/1793 1890/1890/1890 1891/1891/1891
f 1793/1793/1793 1891/1891/1891 1794/1794/1794
f 1794/1794/1794 1891/1891/1891 1892/1892/1892
f 1794/1794/1794 1892/1892/1892 1795/1795/1795
f 1795/1795/1795 1892/1892/1892 1893/1893/1893
f 1795/1795/1795 1893/1893/1893 1796/1796/1796
f 1796/1796/1796 1893/1893/1893 1894/1894/1894
f 1796/1796/1796 1894/1894/1894 1797/1797/1797
f 1797/1797/1797 1894/1894/1894 1895/1895/1895
f 1797/1797/1797 1895/1895/1895 1798/1798/1798
f 1798/1798/1798 1895/1895/1895 1896/1896/1896
f 1798/1798/1798 1896/1896/1896 1799/1799/1799
f 1799/1799/1799 1896/1896/1896 1897/1897/1897
f 1799/1799/1799 1897/1897/1897 1800/1800/1800
f 1800/1800/1800 1897/1897/1897 1898/1898/1898
f 1800/1800/1800 1898/1898/1898 1801/1801/1801
f 1801/1801/1801 1898/1898/1898 1899/1899/1899
f 1801/1801/1801 1899/1899/1899 1802/1802/1802
f 1802/1802/1802 1899/1899/1899 1900/1900/1900
f 1802/1802/1802 1900/1900/1900 1803/1803/1803
f 1803/1803/1803 1900/1900/1900 1901/1901/1901
f 1803/1803/1803 1901/1901/1901 1804/1804/1804
f 1804/1804/1804 1901/1901/1901 1902/1902/1902
f 1804/1804/1804 1902/1902/1902 1805/1805/1805
f 1805/1805/1805 1902/1902/1902 1903/1903/1903
f 1805/1805/1805 1903/1903/1903 1806/1806/1806
f 1806/1806/1806 1903/1903/1903 1904/1904/1904
f 1806/1806/1806 1904/1904/1904 1807/1807/1807
f 1807/1807/1807 1904/1904/1904 1905/1905/1905
f 1807/1807/1807 1905/1905/1905 1808/1808/1808
f 1808/1808/1808 1905/1905/1905 1906/1906/1906
f 1808/1808/1808 1906/1906/1906 1809/1809/1809
f 1809/1809/1809 1906/1906/1906 1907/1907/1907
f 1809/1809/1809 1907/1907/1907 1810/1810/1810
f 1810/1810/1810 1907/1907/1907 1908/1908/1908
f 1810/1810/1810 1908/1908/1908 1811/1811/1811
f 1811/1811/1811 1908/1908/1908 1909/1909/1909
f 1811/1811/1811 1909/1909/1909 1812/1812/1812
f 1812/1812/1812 1909/1909/1909 1910/1910/1910
f 1812/1812/1812 1910/1910/1910 1813/1813/1813
f 1813/1813/1813 1910/1910/1910 1911/1911/1911
f 1813/1813/1813 1911/1911/1911 1814/1814/1814
f 1814/1814/1814 1911/1911/1911 1912/1912/1912
f 1814/1814/1814 1912/1912/1912 1815/1815/1815
f 1815/1815/1815 1912/1912/1912 1913/1913/1913
f 1815/1815/1815 1913/1913/1913 1816/1816/1816
f 1816/1816/1816 1913/1913/1913 1914/1914/1914
f 1816/1816/1816 1914/1914/1914 1817/1817/1817
f 1817/1817/1817 1914/1914/1914 1915/1915/1915
f 1817/1817/1817 1915/1915/1915 1818/1818/1818
f 1818/1818/1818 1915/1915/1915 1916/1916/1916
f 1818/1818/1818 1916/1916/1916 1819/1819/1819
f 1819/1819/1819 1916/1916/1916 1917/1917/1917
f 1819/1819/1819 1917/1917/1917 1820/1820/1820
f 1820/1820/1820 1917/1917/1917 1918/1918/1918
f 1820/1820/1820 1918/1918/1918 1821/1821/1821
f 1821/1821/1821 1918/1918/1918 1919/1919/1919
f 1821/1821/1821 1919/1919/1919 1822/1822/1822
f 1822/1822/1822 1919/1919/1919 1920/1920/1920
f 1822/1822/1822 1920/1920/1920 1823/1823/1823
f 1823/1823/1823 1920/1920/1920 1921/1921/1921
f 1823/1823/1823 1921/1921/1921 1824/1824/1824
f 1824/1824/1824 1921/1921/1921 1922/1922/1922
f 1824/1824/1824 1922/1922/1922 1825/1825/1825
f 1825/1825/1825 1922/1922/1922 1923/1923/1923
f 1825/1825/1825 1923/1923/1923 1826/1826/1826
f 1826/1826/1826 1923/1923/1923 1924/1924/1924
f 1826/1826/1826 1924/1924/1924 1827/1827/1827
f 1827/1827/1827 1924/1924/1924 1925/1925/1925
f 1827/1827/1827 1925/1925/1925 1828/1828/1828
f 1828/1828/1828 1925/1925/1925 1926/1926/1926
f 1828/1828/1828 1926/1926/1926 1829/1829/1829
f 1829/1829/1829 1926/1926/1926 1927/1927/1927
f 1829/1829/1829 1927/1927/1927 1830/1830/1830
f 1830/1830/1830 1927/1927/1927 1928/1928/1928
f 1830/1830/1830 1928/1928/1928 1831/1831/1831
f 1831/1831/1831 1928/1928/1928 1929/1929/1929
f 1831/1831/1831 1929/1929/1929 1832/1832/1832
f 1832/1832/1832 1929/1929/1929 1930/1930/1930
f 1832/1832/1832 1930/1930/1930 1833/1833/1833
f 1833/1833/1833 1930/1930/1930 1931/1931/1931
f 1833/1833/1833 1931/1931/1931 1834/1834/1834
f 1834/1834/1834 1931/1931/1931 1932/1932/1932
f 1834/1834/1834 1932/1932/1932 1835/1835/1835
f 1835/1835/1835 1932/1932/1932 1933/1933/1933
f 1835/1835/1835 1933/1933/1933 1836/1836/1836
f 1836/1836/1836 1933/1933/1933 1934/1934/1934
f 1836/1836/1836 1934/1934/1934 1837/1837/1837
f 1837/1837/1837 1934/1934/1934 1935/1935/1935
f 1837/1837/1837 1935/1935/1935 1838/1838/1838
f 1838/1838/1838 1935/1935/1935 1936/1936/1936
f 1838/1838/1838 1936/1936/1936 1839/1839/1839
f 1839/1839/1839 1936/1936/1936 1937/1937/1937
f 1839/1839/1839 1937/1937/1937 1840/1840/1840
f 1840/1840/1840 1937/1937/1937 1938/1938/1938
f 1840/1840/1840 1938/1938/1938 1841/1841/1841
f 1841/1841/1841 1938/1938/1938 1939/1939/1939
f 1841/1841/1841 1939/1939/1939 1842/1842/1842
f 1843/1843/1843 1940/1940/1940 1941/1941/1941
f 1843/1843/1843 1941/1941/1941 1844/1844/1844
f 1844/1844/1844 1941/1941/1941 1942/1942/1942
f 1844/1844/1844 1942/1942/1942 1845/1845/1845
f 1845/1845/1845 1942/1942/1942 1943/1943/1943
f 1845/1845/1845 1943/1943/1943 1846/1846/1846
f 1846/1846/1846 1943/1943/1943 1944/1944/1944
f 1846/1846/1846 1944/1944/1944 1847/1847/1847
f 1847/1847/1847 1944/1944/1944 1945/1945/1945
f 1847/1847/1847 1945/1945/1945 1848/1848/1848
f 1848/1848/1848 1945/1945/1945 1946/1946/1946
f 1848/1848/1848 1946/1946/1946 1849/1849/1849
f 1849/1849/1849 1946/1946/1946 1947/1947/1947
f 1849/1849/1849 1947/1947/1947 1850/1850/1850
f 1850/1850/1850 1947/1947/1947 1948/1948/1948
f 1850/1850/1850 1948/1948/1948 1851/1851/1851
f 1851/1851/1851 1948/1948/1948 1949/1949/1949
f 1851/1851/1851 1949/1949/1949 1852/1852/1852
f 1852/1852/1852 1949/1949/1949 1950/1950/1950
f 1852/1852/1852 1950/1950/1950 1853/1853/1853
f 1853/1853/1853 1950/1950/1950 1951/1951/1951
f 1853/1853/1853 1951/1951/1951 1854/1854/1854
f 1854/1854/1854 1951/1951/1951 1952/1952/1952
f 1854/1854/1854 1952/1952/1952 1855/1855/1855
f 1855/1855/1855 1952/1952/1952 1953/1953/1953
f 1855/1855/1855 1953/1953/1953 1856/1856/1856
f 1856/1856/1856 1953/1953/1953 1954/1954/1954
f 1856/1856/1856 1954/1954/1954 1857/1857/1857
f 1857/1857/1857 1954/1954/1954 1955/1955/1955
f 1857/1857/1857 1955/1955/1955 1858/1858/1858
f 1858/1858/1858 1955/1955/1955 1956/1956/1956
f 1858/1858/1858 1956/1956/1956 1859/1859/1859
f 1859/1859/1859 1956/1956/1956 1957/1957/1957
f 1859/1859/1859 1957/1957/1957 1860/1860/1860
f 1860/1860/1860 1957/1957/1957 1958/1958/1958
f 1860/1860/1860 1958/1958/1958 1861/1861/1861
f 1861/1861/1861 1958/1958/1958 1959/1959/1959
f 1861/1861/1861 1959/1959/1959 1862/1862/1862
f 1862/1862/1862 1959/1959/1959 1960/1960/1960
f 1862/1862/1862 1960/1960/1960 1863/1863/1863
f 1863/1863/1863 1960/1960/1960 1961/1961/1961
f 1863/1863/1863 1961/1961/1961 1864/1864/1864
f 1864/1864/1864 1961/1961/1961 1962/1962/1962
f 1864/1864/1864 1962/1962/1962 1865/1865/1865
f 1865/1865/1865 1962/1962/1962 1963/1963/1963
f 1865/1865/1865 1963/1963/1963 1866/1866/1866
f 1866/1866/1866 1963/1963/1963 1964/1964/1964
f 1866/1866/1866 1964/1964/1964 1867/1867/1867
f 1867/1867/1867 1964/1964/1964 1965/1965/1965
f 1867/1867/1867 1965/1965/1965 1868/1868/1868
f 1868/1868/1868 1965/1965/1965 1966/1966/1966
f 1868/1868/1868 1966/1966/1966 1869/1869/1869
f 1869/1869/1869 1966/1966/1966 1967/1967/1967
f 1869/1869/1869 1967/1967/1967 1870/1870/1870
f 1870/1870/1870 1967/1967/1967 1968/1968/1968
f 1870/1870/1870 1968/1968/1968 1871/1871/1871
f 1871/1871/1871 1968/1968/1968 1969/1969/1969
f 1871/1871/1871 1969/1969/1969 1872/1872/1872
f 1872/1872/1872 1969/1969/1969 1970/1970/1970
f 1872/1872/1872 1970/1970/1970 1873/1873/1873
f 1873/1873/1873 1970/1970/1970 1971/1971/1971
f 1873/1873/1873 1971/1971/1971 1874/1874/1874
f 1874/1874/1874 1971/1971/1971 1972/1972/1972
f 1874/1874/1874 1972/1972/1972 1875/1875/1875
f 1875/1875/1875 1972/1972/1972 1973/1973/1973
f 1875/1875/1875 1973/1973/1973 1876/1876/1876
f 1876/1876/1876 1973/1973/1973 1974/1974/1974
f 1876/1876/1876 1974/1974/1974 1877/1877/1877
f 1877/1877/1877 1974/1974/1974 1975/1975/1975
f 1877/1877/1877 1975/1975/1975 1878/1878/1878
f 1878/1878/1878 1975/1975/1975 1976/1976/1976
f 1878/1878/1878 1976/1976/1976 1879/1879/1879
f 1879/1879/1879 1976/1976/1976 1977/1977/1977
f 1879/1879/1879 1977/1977/1977 1880/1880/1880
f 1880/1880/1880 1977/1977/1977 1978/1978/1978
f 1880/1880/1880 1978/1978/1978 1881/1881/1881
f 1881/1881/1881 1978/1978/1978 1979/1979/1979
f 1881/1881/1881 1979/1979/1979 1882/1882/1882
f 1882/1882/1882 1979/1979/1979 1980/1980/1980
f 1882/1882/1882 1980/1980/1980 1883/1883/1883
f 1883/1883/1883 1980/1980/1980 1981/1981/1981
f 1883/1883/1883 1981/1981/1981 1884/1884/1884
f 1884/1884/1884 1981/1981/1981 1982/1982/1982
f 1884/1884/1884 1982/1982/1982 1885/1885/1885
f 1885/1885/1885 1982/1982/1982 1983/1983/1983
f 1885/1885/1885 1983/1983/1983 1886/1886/1886
f 1886/1886/1886 1983/1983/1983 1984/1984/1984
f 1886/1886/1886 1984/1984/1984 1887/1887/1887
f 1887/1887/1887 1984/1984/1984 1985/1985/1985
f 1887/1887/1887 1985/1985/1985 1888/1888/1888
f 1888/1888/1888 1985/1985/1985 1986/1986/1986
f 1888/1888/1888 1986/1986/1986 1889/1889/1889
f 1889/1889/1889 1986/1986/1986 1987/1987/1987
f 1889/1889/1889 1987/1987/1987 1890/1890/1890
f 1890/1890/1890 1987/1987/1987 1988/1988/1988
f 1890/1890/1890 1988/1988/1988 1891/1891/1891
f 1891/1891/1891 1988/1988/1988 1989/1989/1989
f 1891/1891/1891 1989/1989/1989 1892/1892/1892
f 1892/1892/1892 1989/1989/1989 1990/1990/1990
f 1892/1892/1892 1990/1990/1990 1893/1893/1893
f 1893/1893/1893 1990/1990/1990 1991/1991/1991
f 1893/1893/1893 1991/1991/1991 1894/1894/1894
f 1894/1894/1894 1991/1991/1991 1992/1992/1992
f 1894/1894/1894 1992/1992/1992 1895/1895/1895
f 1895/1895/1895 1992/1992/1992 1993/1993/1993
f 1895/1895/1895 1993/1993/1993 1896/1896/1896
f 1896/1896/1896 1993/1993/1993 1994/1994/1994
f 1896/1896/1896 1994/1994/1994 1897/1897/1897
f 1897/1897/1897 1994/1994/1994 1995/1995/1995
f 1897/1897/1897 1995/1995/1995 1898/1898/1898
f 1898/1898/1898 1995/1995/1995 1996/1996/1996
f 1898/1898/1898 1996/1996/1996 1899/1899/1899
f 1899/1899/1899 1996/1996/1996 1997/1997/1997
f 1899/1899/1899 1997/1997/1997 1900/1900/1900
f 1900/1900/1900 1997/1997/1997 1998/1998/1998
f 1900/1900/1900 1998/1998/1998 1901/1901/1901
f 1901/1901/1901 1998/1998/1998 1999/1999/1999
f 1901/1901/1901 1999/1999/1999 1902/1902/1902
f 1902/1902/1902 1999/1999/1999 2000/2000/2000
f 1902/1902/1902 2000/2000/2000 1903/1903/1903
f 1903/1903/1903 2000/2000/2000 2001/2001/2001
f 1903/1903/1903 2001/2001/2001 1904/1904/1904
f 1904/1904/1904 2001/2001/2001 2002/2002/2002
f 1904/1904/1904 2002/2002/2002 1905/1905/1905
f 1905/1905/1905 2002/2002/2002 2003/2003/2003
f 1905/1905/1905 2003/2003/2003 1906/1906/1906
f 1906/1906/1906 2003/2003/2003 2004/2004/2004
f 1906/1906/1906 2004/2004/2004 1907/1907/1907
f 1907/1907/1907 2004/2004/2004 2005/2005/2005
f 1907/1907/1907 2005/2005/2005 1908/1908/1908
f 1908/1908/1908 2005/2005/2005 2006/2006/2006
f 1908/1908/1908 2006/2006/2006 1909/1909/1909
f 1909/1909/1909 2006/2006/2006 2007/2007/2007
f 1909/1909/1909 2007/2007/2007 1910/1910/1910
f 1910/1910/1910 2007/2007/2007 2008/2008/2008
f 1910/1910/1910 2008/2008/2008 1911/1911/1911
f 1911/1911/1911 2008/2008/2008 2009/2009/2009
f 1911/1911/1911 2009/2009/2009 1912/1912/1912
f 1912/1912/1912 2009/2009/2009 2010/2010/2010
f 1912/1912/1912 2010/2010/2010 1913/1913/1913
f 1913/1913/1913 2010/2010/2010 2011/2011/2011
f 1913/1913/1913 2011/2011/2011 1914/1914/1914
f 1914/1914/1914 2011/2011/2011 2012/2012/2012
f 1914/1914/1914 2012/2012/2012 1915/1915/1915
f 1915/1915/1915 2012/2012/2012 2013/2013/2013
f 1915/1915/1915 2013/2013/2013 1916/1916/1916
f 1916/1916/1916 2013/2013/2013 2014/2014/2014
f 1916/1916/1916 2014/2014/2014 1917/1917/1917
f 1917/1917/1917 2014/2014/2014 2015/2015/2015
f 1917/1917/1917 2015/2015/2015 1918/1918/1918
f 1918/1918/1918 2015/2015/2015 2016/2016/2016
f 1918/1918/1918 2016/2016/2016 1919/1919/1919
f 1919/1919/1919 2016/2016/2016 2017/2017/2017
f 1919/1919/1919 2017/2017/2017 1920/1920/1920
f 1920/1920/1920 2017/2017/2017 2018/2018/2018
f 1920/1920/1920 2018/2018/2018 1921/1921/1921
f 1921/1921/1921 2018/2018/2018 2019/2019/2019
f 1921/1921/1921 2019/2019/2019 1922/1922/1922
f 1922/1922/1922 2019/2019/2019 2020/2020/2020
f 1922/1922/1922 2020/2020/2020 1923/1923/1923
f 1923/1923/1923 2020/2020/2020 2021/2021/2021
f 1923/1923/1923 2021/2021/2021 1924/1924/1924
f 1924/1924/1924 2021/2021/2021 2022/2022/2022
f 1924/1924/1924 2022/2022/2022 1925/1925/1925
f 1925/1925/1925 2022/2022/2022 2023/2023/2023
f 1925/1925/1925 2023/2023/2023 1926/1926/1926
f 1926/1926/1926 2023/2023/2023 2024/2024/2024
f 1926/1926/1926 2024/2024/2024 1927/1927/1927
f 1927/1927/1927 2024/2024/2024 2025/2025/2025
f 1927/1927/1927 2025/2025/2025 1928/1928/1928
f 1928/1928/1928 2025/2025/2025 2026/2026/2026
f 1928/1928/1928 2026/2026/2026 1929/1929/1929
f 1929/1929/1929 2026/2026/2026 2027/2027/2027
f 1929/1929/1929 2027/2027/2027 1930/1930/1930
f 1930/1930/1930 2027/2027/2027 2028/2028/2028
f 1930/1930/1930 2028/2028/2028 1931/1931/1931
f 1931/1931/1931 2028/2028/2028 2029/2029/2029
f 1931/1931/1931 2029/2029/2029 1932/1932/1932
f 1932/1932/1932 2029/2029/2029 2030/2030/2030
f 1932/1932/1932 2030/2030/2030 1933/1933/1933
f 1933/1933/1933 2030/2030/2030 2031/2031/2031
f 1933/1933/1933 2031/2031/2031 1934/1934/1934
f 1934/1934/1934 2031/2031/2031 2032/2032/2032
f 1934/1934/1934 2032/2032/2032 1935/1935/1935
f 1935/1935/1935 2032/2032/2032 2033/2033/2033
f 1935/1935/1935 2033/2033/2033 1936/1936/1936
f 1936/1936/1936 2033/2033/2033 2034/2034/2034
f 1936/1936/1936 2034/2034/2034 1937/1937/1937
f 1937/1937/1937 2034/2034/2034 2035/2035/2035
f 1937/1937/1937 2035/2035/2035 1938/1938/1938
f 1938/1938/1938 2035/2035/2035 2036/2036/2036
f 1938/1938/1938 2036/2036/2036 1939/1939/1939
f 1940/1940/1940 2037/2037/2037 2038/2038/2038
f 1940/1940/1940 2038/2038/2038 1941/1941/1941
f 1941/1941/1941 2038/2038/2038 2039/2039/2039
f 1941/1941/1941 2039/2039/2039 1942/1942/1942
f 1942/1942/1942 2039/2039/2039 2040/2040/2040
f 1942/1942/1942 2040/2040/2040 1943/1943/1943
f 1943/1943/1943 2040/2040/2040 2041/2041/2041
f 1943/1943/1943 2041/2041/2041 1944/1944/1944
f 1944/1944/1944 2041/2041/2041 2042/2042/2042
f 1944/1944/1944 2042/2042/2042 1945/1945/1945
f 1945/1945/1945 2042/2042/2042 2043/2043/2043
f 1945/1945/1945 2043/2043/2043 1946/1946/1946
f 1946/1946/1946 2043/2043/2043 2044/2044/2044
f 1946/1946/1946 2044/2044/2044 1947/1947/1947
f 1947/1947/1947 2044/2044/2044 2045/2045/2045
f 1947/1947/1947 2045/2045/2045 1948/1948/1948
f 1948/1948/1948 2045/2045/2045 2046/2046/2046
f 1948/1948/1948 2046/2046/2046 1949/1949/1949
f 1949/1949/1949 2046/2046/2046 2047/2047/2047
f 1949/1949/1949 2047/2047/2047 1950/1950/1950
f 1950/1950/1950 2047/2047/2047 2048/2048/2048
f 1950/1950/1950 2048/2048/2048 1951/1951/1951
f 1951/1951/1951 2048/2048/2048 2049/2049/2049
f 1951/1951/1951 2049/2049/2049 1952/1952/1952
f 1952/1952/1952 2049/2049/2049 2050/2050/2050
f 1952/1952/1952 2050/2050/2050 1953/1953/1953
f 1953/1953/1953 2050/2050/2050 2051/2051/2051
f 1953/1953/1953 2051/2051/2051 1954/1954/1954
f 1954/1954/1954 2051/2051/2051 2052/2052/2052
f 1954/1954/1954 2052/2052/2052 1955/1955/1955
f 1955/1955/1955 2052/2052/2052 2053/2053/2053
f 1955/1955/1955 2053/2053/2053 1956/1956/1956
f 1956/1956/1956 2053/2053/2053 2054/2054/2054
f 1956/1956/1956 2054/2054/2054 1957/1957/1957
f 1957/1957/1957 2054/2054/2054 2055/2055/2055
f 1957/1957/1957 2055/2055/2055 1958/1958/1958
f 1958/1958/1958 2055/2055/2055 2056/2056/2056
f 1958/1958/1958 2056/2056/2056 1959/1959/1959
f 1959/1959/1959 2056/2056/2056 2057/2057/2057
f 1959/1959/1959 2057/2057/2057 1960/1960/1960
f 1960/1960/1960 2057/2057/2057 2058/2058/2058
f 1960/1960/1960 2058/2058/2058 1961/1961/1961
f 1961/1961/1961 2058/2058/2058 2059/2059/2059
f 1961/1961/1961 2059/2059/2059 1962/1962/1962
f 1962/1962/1962 2059/2059/2059 2060/2060/2060
f 1962/1962/1962 2060/2060/2060 1963/1963/1963
f 1963/1963/1963 2060/2060/2060 2061/2061/2061
f 1963/1963/1963 2061/2061/2061 1964/1964/1964
f 1964/1964/1964 2061/2061/2061 2062/2062/2062
f 1964/1964/1964 2062/2062/2062 1965/1965/1965
f 1965/1965/1965 2062/2062/2062 2063/2063/2063
f 1965/1965/1965 2063/2063/2063 1966/1966/1966
f 1966/1966/1966 2063/2063/2063 2064/2064/2064
f 1966/1966/1966 2064/2064/2064 1967/1967/1967
f 1967/1967/1967 2064/2064/2064 2065/2065/2065
f 1967/1967/1967 2065/2065/2065 1968/1968/1968
f 1968/1968/1968 2065/2065/2065 2066/2066/2066
f 1968/1968/1968 2066/2066/2066 1969/1969/1969
f 1969/1969/1969 2066/2066/2066 2067/2067/2067
f 1969/1969/1969 2067/2067/2067 1970/1970/1970
f 1970/1970/1970 2067/2067/2067 2068/2068/2068
f 1970/1970/1970 2068/2068/2068 1971/1971/1971
f 1971/1971/1971 2068/2068/2068 2069/2069/2069
f 1971/1971/1971 2069/2069/2069 1972/1972/1972
f 1972/1972/1972 2069/2069/2069 2070/2070/2070
f 1972/1972/1972 2070/2070/2070 1973/1973/1973
f 1973/1973/1973 2070/2070/2070 2071/2071/2071
f 1973/1973/1973 2071/2071/2071 1974/1974/1974
f 1974/1974/1974 2071/2071/2071 2072/2072/2072
f 1974/1974/1974 2072/2072/2072 1975/1975/1975
f 1975/1975/1975 2072/2072/2072 2073/2073/2073
f 1975/1975/1975 2073/2073/2073 1976/1976/1976
f 1976/1976/1976 2073/2073/2073 2074/2074/2074
f 1976/1976/1976 2074/2074/2074 1977/1977/1977
f 1977/1977/1977 2074/2074/2074 2075/2075/2075
f 1977/1977/1977 2075/2075/2075 1978/1978/1978
f 1978/1978/1978 2075/2075/2075 2076/2076/2076
f 1978/1978/1978 2076/2076/2076 1979/1979/1979
f 1979/1979/1979 2076/2076/2076 2077/2077/2077
f 1979/1979/1979 2077/2077/2077 1980/1980/1980
f 1980/1980/1980 2077/2077/2077 2078/2078/2078
f 1980/1980/1980 2078/2078/2078 1981/1981/1981
f 1981/1981/1981 2078/2078/2078 2079/2079/2079
f 1981/1981/1981 2079/2079/2079 1982/1982/1982
f 1982/1982/1982 2079/2079/2079 2080/2080/2080
f 1982/1982/1982 2080/2080/2080 1983/1983/1983
f 1983/1983/1983 2080/2080/2080 2081/2081/2081
f 1983/1983/1983 2081/2081/2081 1984/1984/1984
f 1984/1984/1984 2081/2081/2081 2082/2082/2082
f 1984/1984/1984 2082/2082/2082 1985/1985/1985
f 1985/1985/1985 2082/2082/2082 2083/2083/2083
f 1985/1985/1985 2083/2083/2083 1986/1986/1986
f 1986/1986/1986 2083/2083/2083 2084/2084/2084
f 1986/1986/1986 2084/2084/2084 1987/1987/1987
f 1987/1987/1987 2084/2084/2084 2085/2085/2085
f 1987/1987/1987 2085/2085/2085 1988/1988/1988
f 1988/1988/1988 2085/2085/2085 2086/2086/2086
f 1988/1988/1988 2086/2086/2086 1989/1989/1989
f 1989/1989/1989 2086/2086/2086 2087/2087/2087
f 1989/1989/1989 2087/2087/2087 1990/1990/1990
f 1990/1990/1990 2087/2087/2087 2088/2088/2088
f 1990/1990/1990 2088/2088/2088 1991/1991/1991
f 1991/1991/1991 2088/2088/2088 2089/2089/2089
f 1991/1991/1991 2089/2089/2089 1992/1992/1992
f 1992/1992/1992 2089/2089/2089 2090/2090/2090
f 1992/1992/1992 2090/2090/2090 1993/1993/1993
f 1993/1993/1993 2090/2090/2090 2091/2091/2091
f 1993/1993/1993 2091/2091/2091 1994/1994/1994
f 1994/1994/1994 2091/2091/2091 2092/2092/2092
f 1994/1994/1994 2092/2092/2092 1995/1995/1995
f 1995/1995/1995 2092/2092/2092 2093/2093/2093
f 1995/1995/1995 2093/2093/2093 1996/1996/1996
f 1996/1996/1996 2093/2093/2093 2094/2094/2094
f 1996/1996/1996 2094/2094/2094 1997/1997/1997
f 1997/1997/1997 2094/2094/2094 2095/2095/2095
f 1997/1997/1997 2095/2095/2095 1998/1998/1998
f 1998/1998/1998 2095/2095/2095 2096/2096/2096
f 1998/1998/1998 2096/2096/2096 1999/1999/1999
f 1999/1999/1999 2096/2096/2096 2097/2097/2097
f 1999/1999/1999 2097/2097/2097 2000/2000/2000
f 2000/2000/2000 2097/2097/2097 2098/2098/2098
f 2000/2000/2000 2098/2098/2098 2001/2001/2001
f 2001/2001/2001 2098/2098/2098 2099/2099/2099
f 2001/2001/2001 2099/2099/2099 2002/2002/2002
f 2002/2002/2002 2099/2099/2099 2100/2100/2100
f 2002/2002/2002 2100/2100/2100 2003/2003/2003
f 2003/2003/2003 2100/2100/2100 2101/2101/2101
f 2003/2003/2003 2101/2101/2101 2004/2004/2004
f 2004/2004/2004 2101/2101/2101 2102/2102/2102
f 2004/2004/2004 2102/2102/2102 2005/2005/2005
f 2005/2005/2005 2102/2102/2102 2103/2103/2103
f 2005/2005/2005 2103/2103/2103 2006/2006/2006
f 2006/2006/2006 2103/2103/2103 2104/2104/2104
f 2006/2006/2006 2104/2104/2104 2007/2007/2007
f 2007/2007/2007 2104/2104/2104 2105/2105/2105
f 2007/2007/2007 2105/2105/2105 2008/2008/2008
f 2008/2008/2008 2105/2105/2105 2106/2106/2106
f 2008/2008/2008 2106/2106/2106 2009/2009/2009
f 2009/2009/2009 2106/2106/2106 2107/2107/2107
f 2009/2009/2009 2107/2107/2107 2010/2010/2010
f 2010/2010/2010 2107/2107/2107 2108/2108/2108
f 2010/2010/2010 2108/2108/2108 2011/2011/2011
f 2011/2011/2011 2108/2108/2108 2109/2109/2109
f 2011/2011/2011 2109/2109/2109 2012/2012/2012
f 2012/2012/2012 2109/2109/2109 2110/2110/2110
f 2012/2012/2012 2110/2110/2110 2013/2013/2013
f 2013/2013/2013 2110/2110/2110 2111/2111/2111
f 2013/2013/2013 2111/2111/2111 2014/2014/2014
f 2014/2014/2014 2111/2111/2111 2112/2112/2112
f 2014/2014/2014 2112/2112/2112 2015/2015/2015
f 2015/2015/2015 2112/2112/2112 2113/2113/2113
f 2015/2015/2015 2113/2113/2113 2016/2016/2016
f 2016/2016/2016 2113/2113/2113 2114/2114/2114
f 2016/2016/2016 2114/2114/2114 2017/2017/2017
f 2017/2017/2017 2114/2114/2114 2115/2115/2115
f 2017/2017/2017 2115/2115/2115 2018/2018/2018
f 2018/2018/2018 2115/2115/2115 2116/2116/2116
f 2018/2018/2018 2116/2116/2116 2019/2019/2019
f 2019/2019/2019 2116/2116/2116 2117/2117/2117
f 2019/2019/2019 2117/2117/2117 2020/2020/2020
f 2020/2020/2020 2117/2117/2117 2118/2118/2118
f 2020/2020/2020 2118/2118/2118 2021/2021/2021
f 2021/2021/2021 2118/2118/2118 2119/2119/2119
f 2021/2021/2021 2119/2119/2119 2022/2022/2022
f 2022/2022/2022 2119/2119/2119 2120/2120/2120
f 2022/2022/2022 2120/2120/2120 2023/2023/2023
f 2023/2023/2023 2120/2120/2120 2121/2121/2121
f 2023/2023/2023 2121/2121/2121 2024/2024/2024
f 2024/2024/2024 2121/2121/2121 2122/2122/2122
f 2024/2024/2024 2122/2122/2122 2025/2025/2025
f 2025/2025/2025 2122/2122/2122 2123/2123/2123
f 2025/2025/2025 2123/2123/2123 2026/2026/2026
f 2026/2026/2026 2123/2123/2123 2124/2124/2124
f 2026/2026/2026 2124/2124/2124 2027/2027/2027
f 2027/2027/2027 2124/2124/2124 2125/2125/2125
f 2027/2027/2027 2125/2125/2125 2028/2028/2028
f 2028/2028/2028 2125/2125/2125 2126/2126/2126
f 2028/2028/2028 2126/2126/2126 2029/2029/2029
f 2029/2029/2029 2126/2126/2126 2127/2127/2127
f 2029/2029/2029 2127/2127/2127 2030/2030/2030
f 2030/2030/2030 2127/2127/2127 2128/2128/2128
f 2030/2030/2030 2128/2128/2128 2031/2031/2031
f 2031/2031/2031 2128/2128/2128 2129/2129/2129
f 2031/2031/2031 2129/2129/2129 2032/2032/2032
f 2032/2032/2032 2129/2129/2129 2130/2130/2130
f 2032/2032/2032 2130/2130/2130 2033/2033/2033
f 2033/2033/2033 2130/2130/2130 2131/2131/2131
f 2033/2033/2033 2131/2131/2131 2034/2034/2034
f 2034/2034/2034 2131/2131/2131 2132/2132/2132
f 2034/2034/2034 2132/2132/2132 2035/2035/2035
f 2035/2035/2035 2132/2132/2132 2133/2133/2133
f 2035/2035/2035 2133/2133/2133 2036/2036/2036
f 2037/2037/2037 2134/2134/2134 2135/2135/2135
f 2037/2037/2037 2135/2135/2135 2038/2038/2038
f 2038/2038/2038 2135/2135/2135 2136/2136/2136
f 2038/2038/2038 2136/2136/2136 2039/2039/2039
f 2039/2039/2039 2136/2136/2136 2137/2137/2137
f 2039/2039/2039 2137/2137/2137 2040/2040/2040
f 2040/2040/2040 2137/2137/2137 2138/2138/2138
f 2040/2040/2040 2138/2138/2138 2041/2041/2041
f 2041/2041/2041 2138/2138/2138 2139/2139/2139
f 2041/2041/2041 2139/2139/2139 2042/2042/2042
f 2042/2042/2042 2139/2139/2139 2140/2140/2140
f 2042/2042/2042 2140/2140/2140 2043/2043/2043
f 2043/2043/2043 2140/2140/2140 2141/2141/2141
f 2043/2043/2043 2141/2141/2141 2044/2044/2044
f 2044/2044/2044 2141/2141/2141 2142/2142/2142
f 2044/2044/2044 2142/2142/2142 2045/2045/2045
f 2045/2045/2045 2142/2142/2142 2143/2143/2143
f 2045/2045/2045 2143/2143/2143 2046/2046/2046
f 2046/2046/2046 2143/2143/2143 2144/2144/2144
f 2046/2046/2046 2144/2144/2144 2047/2047/2047
f 2047/2047/2047 2144/2144/2144 2145/2145/2145
f 2047/2047/2047 2145/2145/2145 2048/2048/2048
f 2048/2048/2048 2145/2145/2145 2146/2146/2146
f 2048/2048/2048 2146/2146/2146 2049/2049/2049
f 2049/2049/2049 2146/2146/2146 2147/2147/2147
f 2049/2049/2049 2147/2147/2147 2050/2050/2050
f 2050/2050/2050 2147/2147/2147 2148/2148/2148
f 2050/2050/2050 2148/2148/2148 2051/2051/2051
f 2051/2051/2051 2148/2148/2148 2149/2149/2149
f 2051/2051/2051 2149/2149/2149 2052/2052/2052
f 2052/2052/2052 2149/2149/2149 2150/2150/2150
f 2052/2052/2052 2150/2150/2150 2053/2053/2053
f 2053/2053/2053 2150/2150/2150 2151/2151/2151
f 2053/2053/2053 2151/2151/2151 2054/2054/2054
f 2054/2054/2054 2151/2151/2151 2152/2152/2152
f 2054/2054/2054 2152/2152/2152 2055/2055/2055
f 2055/2055/2055 2152/2152/2152 2153/2153/2153
f 2055/2055/2055 2153/2153/2153 2056/2056/2056
f 2056/2056/2056 2153/2153/2153 2154/2154/2154
f 2056/2056/2056 2154/2154/2154 2057/2057/2057
f 2057/2057/2057 2154/2154/2154 2155/2155/2155
f 2057/2057/2057 2155/2155/2155 2058/2058/2058
f 2058/2058/2058 2155/2155/2155 2156/2156/2156
f 2058/2058/2058 2156/2156/2156 2059/2059/2059
f 2059/2059/2059 2156/2156/2156 2157/2157/2157
f 2059/2059/2059 2157/2157/2157 2060/2060/2060
f 2060/2060/2060 2157/2157/2157 2158/2158/2158
f 2060/2060/2060 2158/2158/2158 2061/2061/2061
f 2061/2061/2061 2158/2158/2158 2159/2159/2159
f 2061/2061/2061 2159/2159/2159 2062/2062/2062
f 2062/2062/2062 2159/2159/2159 2160/2160/2160
f 2062/2062/2062 2160/2160/2160 2063/2063/2063
f 2063/2063/2063 2160/2160/2160 2161/2161/2161
f 2063/2063/2063 2161/2161/2161 2064/2064/2064
f 2064/2064/2064 2161/2161/2161 2162/2162/2162
f 2064/2064/2064 2162/2162/2162 2065/2065/2065
f 2065/2065/2065 2162/2162/2162 2163/2163/2163
f 2065/2065/2065 2163/2163/2163 2066/2066/2066
f 2066/2066/2066 2163/2163/2163 2164/2164/2164
f 2066/2066/2066 2164/2164/2164 2067/2067/2067
f 2067/2067/2067 2164/2164/2164 2165/2165/2165
f 2067/2067/2067 2165/2165/2165 2068/2068/2068
f 2068/2068/2068 2165/2165/2165 2166/2166/2166
f 2068/2068/2068 2166/2166/2166 2069/2069/2069
f 2069/2069/2069 2166/2166/2166 2167/2167/2167
f 2069/2069/2069 2167/2167/2167 2070/2070/2070
f 2070/2070/2070 2167/2167/2167 2168/2168/2168
f 2070/2070/2070 2168/2168/2168 2071/2071/2071
f 2071/2071/2071 2168/2168/2168 2169/2169/2169
f 2071/2071/2071 2169/2169/2169 2072/2072/2072
f 2072/2072/2072 2169/2169/2169 2170/2170/2170
f 2072/2072/2072 2170/2170/2170 2073/2073/2073
f 2073/2073/2073 2170/2170/2170 2171/2171/2171
f 2073/2073/2073 2171/2171/2171 2074/2074/2074
f 2074/2074/2074 2171/2171/2171 2172/2172/2172
f 2074/2074/2074 2172/2172/2172 2075/2075/2075
f 2075/2075/2075 2172/2172/2172 2173/2173/2173
f 2075/2075/2075 2173/2173/2173 2076/2076/2076
f 2076/2076/2076 2173/2173/2173 2174/2174/2174
f 2076/2076/2076 2174/2174/2174 2077/2077/2077
f 2077/2077/2077 2174/2174/2174 2175/2175/2175
f 2077/2077/2077 2175/2175/2175 2078/2078/2078
f 2078/2078/2078 2175/2175/2175 2176/2176/2176
f 2078/2078/2078 2176/2176/2176 2079/2079/2079
f 2079/2079/2079 2176/2176/2176 2177/2177/2177
f 2079/2079/2079 2177/2177/2177 2080/2080/2080
f 2080/2080/2080 2177/2177/2177 2178/2178/2178
f 2080/2080/2080 2178/2178/2178 2081/2081/2081
f 2081/2081/2081 2178/2178/2178 2179/2179/2179
f 2081/2081/2081 2179/2179/2179 2082/2082/2082
f 2082/2082/2082 2179/2179/2179 2180/2180/2180
f 2082/2082/2082 2180/2180/2180 2083/2083/2083
f 2083/2083/2083 2180/2180/2180 2181/2181/2181
f 2083/2083/2083 2181/2181/2181 2084/2084/2084
f 2084/2084/2084 2181/2181/2181 2182/2182/2182
f 2084/2084/2084 2182/2182/2182 2085/2085/2085
f 2085/2085/2085 2182/2182/2182 2183/2183/2183
f 2085/2085/2085 2183/2183/2183 2086/2086/2086
f 2086/2086/2086 2183/2183/2183 2184/2184/2184
f 2086/2086/2086 2184/2184/2184 2087/2087/2087
f 2087/2087/2087 2184/2184/2184 2185/2185/2185
f 2087/2087/2087 2185/2185/2185 2088/2088/2088
f 2088/2088/2088 2185/2185/2185 2186/2186/2186
f 2088/2088/2088 2186/2186/2186 2089/2089/2089
f 2089/2089/2089 2186/2186/2186 2187/2187/2187
f 2089/2089/2089 2187/2187/2187 2090/2090/2090
f 2090/2090/2090 2187/2187/2187 2188/2188/2188
f 2090/2090/2090 2188/2188/2188 2091/2091/2091
f 2091/2091/2091 2188/2188/2188 2189/2189/2189
f 2091/2091/2091 2189/2189/2189 2092/2092/2092
f 2092/2092/2092 2189/2189/2189 2190/2190/2190
f 2092/2092/2092 2190/2190/2190 2093/2093/2093
f 2093/2093/2093 2190/2190/2190 2191/2191/2191
f 2093/2093/2093 2191/2191/2191 2094/2094/2094
f 2094/2094/2094 2191/2191/2191 2192/2192/2192
f 2094/2094/2094 2192/2192/2192 2095/2095/2095
f 2095/2095/2095 2192/2192/2192 2193/2193/2193
f 2095/2095/2095 2193/2193/2193 2096/2096/2096
f 2096/2096/2096 2193/2193/2193 2194/2194/2194
f 2096/2096/2096 2194/2194/2194 2097/2097/2097
f 2097/2097/2097 2194/2194/2194 2195/2195/2195
f 2097/2097/2097 2195/2195/2195 2098/2098/2098
f 2098/2098/2098 2195/2195/2195 2196/2196/2196
f 2098/2098/2098 2196/2196/2196 2099/2099/2099
f 2099/2099/2099 2196/2196/2196 2197/2197/2197
f 2099/2099/2099 2197/2197/2197 2100/2100/2100
f 2100/2100/2100 2197/2197/2197 2198/2198/2198
f 2100/2100/2100 2198/2198/2198 2101/2101/2101
f 2101/2101/2101 2198/2198/2198 2199/2199/2199
f 2101/2101/2101 2199/2199/2199 2102/2102/2102
f 2102/2102/2102 2199/2199/2199 2200/2200/2200
f 2102/2102/2102 2200/2200/2200 2103/2103/2103
f 2103/2103/2103 2200/2200/2200 2201/2201/2201
f 2103/2103/2103 2201/2201/2201 2104/2104/2104
f 2104/2104/2104 2201/2201/2201 2202/2202/2202
f 2104/2104/2104 2202/2202/2202 2105/2105/2105
f 2105/2105/2105 2202/2202/2202 2203/2203/2203
f 2105/2105/2105 2203/2203/2203 2106/2106/2106
f 2106/2106/2106 2203/2203/2203 2204/2204/2204
f 2106/2106/2106 2204/2204/2204 2107/2107/2107
f 2107/2107/2107 2204/2204/2204 2205/2205/2205
f 2107/2107/2107 2205/2205/2205 2108/2108/2108
f 2108/2108/2108 2205/2205/2205 2206/2206/2206
f 2108/2108/2108 2206/2206/2206 2109/2109/2109
f 2109/2109/2109 2206/2206/2206 2207/2207/2207
f 2109/2109/2109 2207/2207/2207 2110/2110/2110
f 2110/2110/2110 2207/2207/2207 2208/2208/2208
f 2110/2110/2110 2208/2208/2208 2111/2111/2111
f 2111/2111/2111 2208/2208/2208 2209/2209/2209
f 2111/2111/2111 2209/2209/2209 2112/2112/2112
f 2112/2112/2112 2209/2209/2209 2210/2210/2210
f 2112/2112/2112 2210/2210/2210 2113/2113/2113
f 2113/2113/2113 2210/2210/2210 2211/2211/2211
f 2113/2113/2113 2211/2211/2211 2114/2114/2114
f 2114/2114/2114 2211/2211/2211 2212/2212/2212
f 2114/2114/2114 2212/2212/2212 2115/2115/2115
f 2115/2115/2115 2212/2212/2212 2213/2213/2213
f 2115/2115/2115 2213/2213/2213 2116/2116/2116
f 2116/2116/2116 2213/2213/2213 2214/2214/2214
f 2116/2116/2116 2214/2214/2214 2117/2117/2117
f 2117/2117/2117 2214/2214/2214 2215/2215/2215
f 2117/2117/2117 2215/2215/2215 2118/2118/2118
f 2118/2118/2118 2215/2215/2215 2216/2216/2216
f 2118/2118/2118 2216/2216/2216 2119/2119/2119
f 2119/2119/2119 2216/2216/2216 2217/2217/2217
f 2119/2119/2119 2217/2217/2217 2120/2120/2120
f 2120/2120/2120 2217/2217/2217 2218/2218/2218
f 2120/2120/2120 2218/2218/2218 2121/2121/2121
f 2121/2121/2121 2218/2218/2218 2219/2219/2219
f 2121/2121/2121 2219/2219/2219 2122/2122/2122
f 2122/2122/2122 2219/2219/2219 2220/2220/2220
f 2122/2122/2122 2220/2220/2220 2123/2123/2123
f 2123/2123/2123 2220/2220/2220 2221/2221/2221
f 2123/2123/2123 2221/2221/2221 2124/2124/2124
f 2124/2124/2124 2221/2221/2221 2222/2222/2222
f 2124/2124/2124 2222/2222/2222 2125/2125/2125
f 2125/2125/2125 2222/2222/2222 2223/2223/2223
f 2125/2125/2125 2223/2223/2223 2126/2126/2126
f 2126/2126/2126 2223/2223/2223 2224/2224/2224
f 2126/2126/2126 2224/2224/2224 2127/2127/2127
f 2127/2127/2127 2224/2224/2224 2225/2225/2225
f 2127/2127/2127 2225/2225/2225 2128/2128/2128
f 2128/2128/2128 2225/2225/2225 2226/2226/2226
f 2128/2128/2128 2226/2226/2226 2129/2129/2129
f 2129/2129/2129 2226/2226/2226 2227/2227/2227
f 2129/2129/2129 2227/2227/2227 2130/2130/2130
f 2130/2130/2130 2227/2227/2227 2228/2228/2228
f 2130/2130/2130 2228/2228/2228 2131/2131/2131
f 2131/2131/2131 2228/2228/2228 2229/2229/2229
f 2131/2131/2131 2229/2229/2229 2132/2132/2132
f 2132/2132/2132 2229/2229/2229 2230/2230/2230
f 2132/2132/2132 2230/2230/2230 2133/2133/2133
f 2134/2134/2134 2231/2231/2231 2232/2232/2232
f 2134/2134/2134 2232/2232/2232 2135/2135/2135
f 2135/2135/2135 2232/2232/2232 2233/2233/2233
f 2135/2135/2135 2233/2233/2233 2136/2136/2136
f 2136/2136/2136 2233/2233/2233 2234/2234/2234
f 2136/2136/2136 2234/2234/2234 2137/2137/2137
f 2137/2137/2137 2234/2234/2234 2235/2235/2235
f 2137/2137/2137 2235/2235/2235 2138/2138/2138
f 2138/2138/2138 2235/2235/2235 2236/2236/2236
f 2138/2138/2138 2236/2236/2236 2139/2139/2139
f 2139/2139/2139 2236/2236/2236 2237/2237/2237
f 2139/2139/2139 2237/2237/2237 2140/2140/2140
f 2140/2140/2140 2237/2237/2237 2238/2238/2238
f 2140/2140/2140 2238/2238/2238 2141/2141/2141
f 2141/2141/2141 2238/2238/2238 2239/2239/2239
f 2141/2141/2141 2239/2239/2239 2142/2142/2142
f 2142/2142/2142 2239/2239/2239 2240/2240/2240
f 2142/2142/2142 2240/2240/2240 2143/2143/2143
f 2143/2143/2143 2240/2240/2240 2241/2241/2241
f 2143/2143/2143 2241/2241/2241 2144/2144/2144
f 2144/2144/2144 2241/2241/2241 2242/2242/2242
f 2144/2144/2144 2242/2242/2242 2145/2145/2145
f 2145/2145/2145 2242/2242/2242 2243/2243/2243
f 2145/2145/2145 2243/2243/2243 2146/2146/2146
f 2146/2146/2146 2243/2243/2243 2244/2244/2244
f 2146/2146/2146 2244/2244/2244 2147/2147/2147
f 2147/2147/2147 2244/2244/2244 2245/2245/2245
f 2147/2147/2147 2245/2245/2245 2148/2148/2148
f 2148/2148/2148 2245/2245/2245 2246/2246/2246
f 2148/2148/2148 2246/2246/2246 2149/2149/2149
f 2149/2149/2149 2246/2246/2246 2247/2247/2247
f 2149/2149/2149 2247/2247/2247 2150/2150/2150
f 2150/2150/2150 2247/2247/2247 2248/2248/2248
f 2150/2150/2150 2248/2248/2248 2151/2151/2151
f 2151/2151/2151 2248/2248/2248 2249/2249/2249
f 2151/2151/2151 2249/2249/2249 2152/2152/2152
f 2152/2152/2152 2249/2249/2249 2250/2250/2250
f 2152/2152/2152 2250/2250/2250 2153/2153/2153
f 2153/2153/2153 2250/2250/2250 2251/2251/2251
f 2153/2153/2153 2251/2251/2251 2154/2154/2154
f 2154/2154/2154 2251/2251/2251 2252/2252/2252
f 2154/2154/2154 2252/2252/2252 2155/2155/2155
f 2155/2155/2155 2252/2252/2252 2253/2253/2253
f 2155/2155/2155 2253/2253/2253 2156/2156/2156
f 2156/2156/2156 2253/2253/2253 2254/2254/2254
f 2156/2156/2156 2254/2254/2254 2157/2157/2157
f 2157/2157/2157 2254/2254/2254 2255/2255/2255
f 2157/2157/2157 2255/2255/2255 2158/2158/2158
f 2158/2158/2158 2255/2255/2255 2256/2256/2256
f 2158/2158/2158 2256/2256/2256 2159/2159/2159
f 2159/2159/2159 2256/2256/2256 2257/2257/2257
f 2159/2159/2159 2257/2257/2257 2160/2160/2160
f 2160/2160/2160 2257/2257/2257 2258/2258/2258
f 2160/2160/2160 2258/2258/2258 2161/2161/2161
f 2161/2161/2161 2258/2258/2258 2259/2259/2259
f 2161/2161/2161 2259/2259/2259 2162/2162/2162
f 2162/2162/2162 2259/2259/2259 2260/2260/2260
f 2162/2162/2162 2260/2260/2260 2163/2163/2163
f 2163/2163/2163 2260/2260/2260 2261/2261/2261
f 2163/2163/2163 2261/2261/2261 2164/2164/2164
f 2164/2164/2164 2261/2261/2261 2262/2262/2262
f 2164/2164/2164 2262/2262/2262 2165/2165/2165
f 2165/2165/2165 2262/2262/2262 2263/2263/2263
f 2165/2165/2165 2263/2263/2263 2166/2166/2166
f 2166/2166/2166 2263/2263/2263 2264/2264/2264
f 2166/2166/2166 2264/2264/2264 2167/2167/2167
f 2167/2167/2167 2264/2264/2264 2265/2265/2265
f 2167/2167/2167 2265/2265/2265 2168/2168/2168
f 2168/2168/2168 2265/2265/2265 2266/2266/2266
f 2168/2168/2168 2266/2266/2266 2169/2169/2169
f 2169/2169/2169 2266/2266/2266 2267/2267/2267
f 2169/2169/2169 2267/2267/2267 2170/2170/2170
f 2170/2170/2170 2267/2267/2267 2268/2268/2268
f 2170/2170/2170 2268/2268/2268 2171/2171/2171
f 2171/2171/2171 2268/2268/2268 2269/2269/2269
f 2171/2171/2171 2269/2269/2269 2172/2172/2172
f 2172/2172/2172 2269/2269/2269 2270/2270/2270
f 2172/2172/2172 2270/2270/2270 2173/2173/2173
f 2173/2173/2173 2270/2270/2270 2271/2271/2271
f 2173/2173/2173 2271/2271/2271 2174/2174/2174
f 2174/2174/2174 2271/2271/2271 2272/2272/2272
f 2174/2174/2174 2272/2272/2272 2175/2175/2175
f 2175/2175/2175 2272/2272/2272 2273/2273/2273
f 2175/2175/2175 2273/2273/2273 2176/2176/2176
f 2176/2176/2176 2273/2273/2273 2274/2274/2274
f 2176/2176/2176 2274/2274/2274 2177/2177/2177
f 2177/2177/2177 2274/2274/2274 2275/2275/2275
f 2177/2177/2177 2275/2275/2275 2178/2178/2178
f 2178/2178/2178 2275/2275/2275 2276/2276/2276
f 2178/2178/2178 2276/2276/2276 2179/2179/2179
f 2179/2179/2179 2276/2276/2276 2277/2277/2277
f 2179/2179/2179 2277/2277/2277 2180/2180/2180
f 2180/2180/2180 2277/2277/2277 2278/2278/2278
f 2180/2180/2180 2278/2278/2278 2181/2181/2181
f 2181/2181/2181 2278/2278/2278 2279/2279/2279
f 2181/2181/2181 2279/2279/2279 2182/2182/2182
f 2182/2182/2182 2279/2279/2279 2280/2280/2280
f 2182/2182/2182 2280/2280/2280 2183/2183/2183
f 2183/2183/2183 2280/2280/2280 2281/2281/2281
f 2183/2183/2183 2281/2281/2281 2184/2184/2184
f 2184/2184/2184 2281/2281/2281 2282/2282/2282
f 2184/2184/2184 2282/2282/2282 2185/2185/2185
f 2185/2185/2185 2282/2282/2282 2283/2283/2283
f 2185/2185/2185 2283/2283/2283 2186/2186/2186
f 2186/2186/2186 2283/2283/2283 2284/2284/2284
f 2186/2186/2186 2284/2284/2284 2187/2187/2187
f 2187/2187/2187 2284/2284/2284 2285/2285/2285
f 2187/2187/2187 2285/2285/2285 2188/2188/2188
f 2188/2188/2188 2285/2285/2285 2286/2286/2286
f 2188/2188/2188 2286/2286/2286 2189/2189/2189
f 2189/2189/2189 2286/2286/2286 2287/2287/2287
f 2189/2189/2189 2287/2287/2287 2190/2190/2190
f 2190/2190/2190 2287/2287/2287 2288/2288/2288
f 2190/2190/2190 2288/2288/2288 2191/2191/2191
f 2191/2191/2191 2288/2288/2288 2289/2289/2289
f 2191/2191/2191 2289/2289/2289 2192/2192/2192
f 2192/2192/2192 2289/2289/2289 2290/2290/2290
f 2192/2192/2192 2290/2290/2290 2193/2193/2193
f 2193/2193/2193 2290/2290/2290 2291/2291/2291
f 2193/2193/2193 2291/2291/2291 2194/2194/2194
f 2194/2194/2194 2291/2291/2291 2292/2292/2292
f 2194/2194/2194 2292/2292/2292 2195/2195/2195
f 2195/2195/2195 2292/2292/2292 2293/2293/2293
f 2195/2195/2195 2293/2293/2293 2196/2196/2196
f 2196/2196/2196 2293/2293/2293 2294/2294/2294
f 2196/2196/2196 2294/2294/2294 2197/2197/2197
f 2197/2197/2197 2294/2294/2294 2295/2295/2295
f 2197/2197/2197 2295/2295/2295 2198/2198/2198
f 2198/2198/2198 2295/2295/2295 2296/2296/2296
f 2198/2198/2198 2296/2296/2296 2199/2199/2199
f 2199/2199/2199 2296/2296/2296 2297/2297/2297
f 2199/2199/2199 2297/2297/2297 2200/2200/2200
f 2200/2200/2200 2297/2297/2297 2298/2298/2298
f 2200/2200/2200 2298/2298/2298 2201/2201/2201
f 2201/2201/2201 2298/2298/2298 2299/2299/2299
f 2201/2201/2201 2299/2299/2299 2202/2202/2202
f 2202/2202/2202 2299/2299/2299 2300/2300/2300
f 2202/2202/2202 2300/2300/2300 2203/2203/2203
f 2203/2203/2203 2300/2300/2300 2301/2301/2301
f 2203/2203/2203 2301/2301/2301 2204/2204/2204
f 2204/2204/2204 2301/2301/2301 2302/2302/2302
f 2204/2204/2204 2302/2302/2302 2205/2205/2205
f 2205/2205/2205 2302/2302/2302 2303/2303/2303
f 2205/2205/2205 2303/2303/2303 2206/2206/2206
f 2206/2206/2206 2303/2303/2303 2304/2304/2304
f 2206/2206/2206 2304/2304/2304 2207/2207/2207
f 2207/2207/2207 2304/2304/2304 2305/2305/2305
f 2207/2207/2207 2305/2305/2305 2208/2208/2208
f 2208/2208/2208 2305/2305/2305 2306/2306/2306
f 2208/2208/2208 2306/2306/2306 2209/2209/2209
f 2209/2209/2209 2306/2306/2306 2307/2307/2307
f 2209/2209/2209 2307/2307/2307 2210/2210/2210
f 2210/2210/2210 2307/2307/2307 2308/2308/2308
f 2210/2210/2210 2308/2308/2308 2211/2211/2211
f 2211/2211/2211 2308/2308/2308 2309/2309/2309
f 2211/2211/2211 2309/2309/2309 2212/2212/2212
f 2212/2212/2212 2309/2309/2309 2310/2310/2310
f 2212/2212/2212 2310/2310/2310 2213/2213/2213
f 2213/2213/2213 2310/2310/2310 2311/2311/2311
f 2213/2213/2213 2311/2311/2311 2214/2214/2214
f 2214/2214/2214 2311/2311/2311 2312/2312/2312
f 2214/2214/2214 2312/2312/2312 2215/2215/2215
f 2215/2215/2215 2312/2312/2312 2313/2313/2313
f 2215/2215/2215 2313/2313/2313 2216/2216/2216
f 2216/2216/2216 2313/2313/2313 2314/2314/2314
f 2216/2216/2216 2314/2314/2314 2217/2217/2217
f 2217/2217/2217 2314/2314/2314 2315/2315/2315
f 2217/2217/2217 2315/2315/2315 2218/2218/2218
f 2218/2218/2218 2315/2315/2315 2316/2316/2316
f 2218/2218/2218 2316/2316/2316 2219/2219/2219
f 2219/2219/2219 2316/2316/2316 2317/2317/2317
f 2219/2219/2219 2317/2317/2317 2220/2220/2220
f 2220/2220/2220 2317/2317/2317 2318/2318/2318
f 2220/2220/2220 2318/2318/2318 2221/2221/2221
f 2221/2221/2221 2318/2318/2318 2319/2319/2319
f 2221/2221/2221 2319/2319/2319 2222/2222/2222
f 2222/2222/2222 2319/2319/2319 2320/2320/2320
f 2222/2222/2222 2320/2320/2320 2223/2223/2223
f 2223/2223/2223 2320/2320/2320 2321/2321/2321
f 2223/2223/2223 2321/2321/2321 2224/2224/2224
f 2224/2224/2224 2321/2321/2321 2322/2322/2322
f 2224/2224/2224 2322/2322/2322 2225/2225/2225
f 2225/2225/2225 2322/2322/2322 2323/2323/2323
f 2225/2225/2225 2323/2323/2323 2226/2226/2226
f 2226/2226/2226 2323/2323/2323 2324/2324/2324
f 2226/2226/2226 2324/2324/2324 2227/2227/2227
f 2227/2227/2227 2324/2324/2324 2325/2325/2325
f 2227/2227/2227 2325/2325/2325 2228/2228/2228
f 2228/2228/2228 2325/2325/2325 2326/2326/2326
f 2228/2228/2228 2326/2326/2326 2229/2229/2229
f 2229/2229/2229 2326/2326/2326 2327/2327/2327
f 2229/2229/2229 2327/2327/2327 2230/2230/2230
f 2231/2231/2231 2328/2328/2328 2329/2329/2329
f 2231/2231/2231 2329/2329/2329 2232/2232/2232
f 2232/2232/2232 2329/2329/2329 2330/2330/2330
f 2232/2232/2232 2330/2330/2330 2233/2233/2233
f 2233/2233/2233 2330/2330/2330 2331/2331/2331
f 2233/2233/2233 2331/2331/2331 2234/2234/2234
f 2234/2234/2234 2331/2331/2331 2332/2332/2332
f 2234/2234/2234 2332/2332/2332 2235/2235/2235
f 2235/2235/2235 2332/2332/2332 2333/2333/2333
f 2235/2235/2235 2333/2333/2333 2236/2236/2236
f 2236/2236/2236 2333/2333/2333 2334/2334/2334
f 2236/2236/2236 2334/2334/2334 2237/2237/2237
f 2237/2237/2237 2334/2334/2334 2335/2335/2335
f 2237/2237/2237 2335/2335/2335 2238/2238/2238
f 2238/2238/2238 2335/2335/2335 2336/2336/2336
f 2238/2238/2238 2336/2336/2336 2239/2239/2239
f 2239/2239/2239 2336/2336/2336 2337/2337/2337
f 2239/2239/2239 2337/2337/2337 2240/2240/2240
f 2240/2240/2240 2337/2337/2337 2338/2338/2338
f 2240/2240/2240 2338/2338/2338 2241/2241/2241
f 2241/2241/2241 2338/2338/2338 2339/2339/2339
f 2241/2241/2241 2339/2339/2339 2242/2242/2242
f 2242/2242/2242 2339/2339/2339 2340/2340/2340
f 2242/2242/2242 2340/2340/2340 2243/2243/2243
f 2243/2243/2243 2340/2340/2340 2341/2341/2341
f 2243/2243/2243 2341/2341/2341 2244/2244/2244
f 2244/2244/2244 2341/2341/2341 2342/2342/2342
f 2244/2244/2244 2342/2342/2342 2245/2245/2245
f 2245/2245/2245 2342/2342/2342 2343/2343/2343
f 2245/2245/2245 2343/2343/2343 2246/2246/2246
f 2246/2246/2246 2343/2343/2343 2344/2344/2344
f 2246/2246/2246 2344/2344/2344 2247/2247/2247
f 2247/2247/2247 2344/2344/2344 2345/2345/2345
f 2247/2247/2247 2345/2345/2345 2248/2248/2248
f 2248/2248/2248 2345/2345/2345 2346/2346/2346
f 2248/2248/2248 2346/2346/2346 2249/2249/2249
f 2249/2249/2249 2346/2346/2346 2347/2347/2347
f 2249/2249/2249 2347/2347/2347 2250/2250/2250
f 2250/2250/2250 2347/2347/2347 2348/2348/2348
f 2250/2250/2250 2348/2348/2348 2251/2251/2251
f 2251/2251/2251 2348/2348/2348 2349/2349/2349
f 2251/2251/2251 2349/2349/2349 2252/2252/2252
f 2252/2252/2252 2349/2349/2349 2350/2350/2350
f 2252/2252/2252 2350/2350/2350 2253/2253/2253
f 2253/2253/2253 2350/2350/2350 2351/2351/2351
f 2253/2253/2253 2351/2351/2351 2254/2254/2254
f 2254/2254/2254 2351/2351/2351 2352/2352/2352
f 2254/2254/2254 2352/2352/2352 2255/2255/2255
f 2255/2255/2255 2352/2352/2352 2353/2353/2353
f 2255/2255/2255 2353/2353/2353 2256/2256/2256
f 2256/2256/2256 2353/2353/2353 2354/2354/2354
f 2256/2256/2256 2354/2354/2354 2257/2257/2257
f 2257/2257/2257 2354/2354/2354 2355/2355/2355
f 2257/2257/2257 2355/2355/2355 2258/2258/2258
f 2258/2258/2258 2355/2355/2355 2356/2356/2356
f 2258/2258/2258 2356/2356/2356 2259/2259/2259
f 2259/2259/2259 2356/2356/2356 2357/2357/2357
f 2259/2259/2259 2357/2357/2357 2260/2260/2260
f 2260/2260/2260 2357/2357/2357 2358/2358/2358
f 2260/2260/2260 2358/2358/2358 2261/2261/2261
f 2261/2261/2261 2358/2358/2358 2359/2359/2359
f 2261/2261/2261 2359/2359/2359 2262/2262/2262
f 2262/2262/2262 2359/2359/2359 2360/2360/2360
f 2262/2262/2262 2360/2360/2360 2263/2263/2263
f 2263/2263/2263 2360/2360/2360 2361/2361/2361
f 2263/2263/2263 2361/2361/2361 2264/2264/2264
f 2264/2264/2264 2361/2361/2361 2362/2362/2362
f 2264/2264/2264 2362/2362/2362 2265/2265/2265
f 2265/2265/2265 2362/2362/2362 2363/2363/2363
f 2265/2265/2265 2363/2363/2363 2266/2266/2266
f 2266/2266/2266 2363/2363/2363 2364/2364/2364
f 2266/2266/2266 2364/2364/2364 2267/2267/2267
f 2267/2267/2267 2364/2364/2364 2365/2365/2365
f 2267/2267/2267 2365/2365/2365 2268/2268/2268
f 2268/2268/2268 2365/2365/2365 2366/2366/2366
f 2268/2268/2268 2366/2366/2366 2269/2269/2269
f 2269/2269/2269 2366/2366/2366 2367/2367/2367
f 2269/2269/2269 2367/2367/2367 2270/2270/2270
f 2270/2270/2270 2367/2367/2367 2368/2368/2368
f 2270/2270/2270 2368/2368/2368 2271/2271/2271
f 2271/2271/2271 2368/2368/2368 2369/2369/2369
f 2271/2271/2271 2369/2369/2369 2272/2272/2272
f 2272/2272/2272 2369/2369/2369 2370/2370/2370
f 2272/2272/2272 2370/2370/2370 2273/2273/2273
f 2273/2273/2273 2370/2370/2370 2371/2371/2371
f 2273/2273/2273 2371/2371/2371 2274/2274/2274
f 2274/2274/2274 2371/2371/2371 2372/2372/2372
f 2274/2274/2274 2372/2372/2372 2275/2275/2275
f 2275/2275/2275 2372/2372/2372 2373/2373/2373
f 2275/2275/2275 2373/2373/2373 2276/2276/2276
f 2276/2276/2276 2373/2373/2373 2374/2374/2374
f 2276/2276/2276 2374/2374/2374 2277/2277/2277
f 2277/2277/2277 2374/2374/2374 2375/2375/2375
f 2277/2277/2277 2375/2375/2375 2278/2278/2278
f 2278/2278/2278 2375/2375/2375 2376/2376/2376
f 2278/2278/2278 2376/2376/2376 2279/2279/2279
f 2279/2279/2279 2376/2376/2376 2377/2377/2377
f 2279/2279/2279 2377/2377/2377 2280/2280/2280
f 2280/2280/2280 2377/2377/2377 2378/2378/2378
f 2280/2280/2280 2378/2378/2378 2281/2281/2281
f 2281/2281/2281 2378/2378/2378 2379/2379/2379
f 2281/2281/2281 2379/2379/2379 2282/2282/2282
f 2282/2282/2282 2379/2379/2379 2380/2380/2380
f 2282/2282/2282 2380/2380/2380 2283/2283/2283
f 2283/2283/2283 2380/2380/2380 2381/2381/2381
f 2283/2283/2283 2381/2381/2381 2284/2284/2284
f 2284/2284/2284 2381/2381/2381 2382/2382/2382
f 2284/2284/2284 2382/2382/2382 2285/2285/2285
f 2285/2285/2285 2382/2382/2382 2383/2383/2383
f 2285/2285/2285 2383/2383/2383 2286/2286/2286
f 2286/2286/2286 2383/2383/2383 2384/2384/2384
f 2286/2286/2286 2384/2384/2384 2287/2287/2287
f 2287/2287/2287 2384/2384/2384 2385/2385/2385
f 2287/2287/2287 2385/2385/2385 2288/2288/2288
f 2288/2288/2288 2385/2385/2385 2386/2386/2386
f 2288/2288/2288 2386/2386/2386 2289/2289/2289
f 2289/2289/2289 2386/2386/2386 2387/2387/2387
f 2289/2289/2289 2387/2387/2387 2290/2290/2290
f 2290/2290/2290 2387/2387/2387 2388/2388/2388
f 2290/2290/2290 2388/2388/2388 2291/2291/2291
f 2291/2291/2291 2388/2388/2388 2389/2389/2389
f 2291/2291/2291 2389/2389/2389 2292/2292/2292
f 2292/2292/2292 2389/2389/2389 2390/2390/2390
f 2292/2292/2292 2390/2390/2390 2293/2293/2293
f 2293/2293/2293 2390/2390/2390 2391/2391/2391
f 2293/2293/2293 2391/2391/2391 2294/2294/2294
f 2294/2294/2294 2391/2391/2391 2392/2392/2392
f 2294/2294/2294 2392/2392/2392 2295/2295/2295
f 2295/2295/2295 2392/2392/2392 2393/2393/2393
f 2295/2295/2295 2393/2393/2393 2296/2296/2296
f 2296/2296/2296 2393/2393/2393 2394/2394/2394
f 2296/2296/2296 2394/2394/2394 2297/2297/2297
f 2297/2297/2297 2394/2394/2394 2395/2395/2395
f 2297/2297/2297 2395/2395/2395 2298/2298/2298
f 2298/2298/2298 2395/2395/2395 2396/2396/2396
f 2298/2298/2298 2396/2396/2396 2299/2299/2299
f 2299/2299/2299 2396/2396/2396 2397/2397/2397
f 2299/2299/2299 2397/2397/2397 2300/2300/2300
f 2300/2300/2300 2397/2397/2397 2398/2398/2398
f 2300/2300/2300 2398/2398/2398 2301/2301/2301
f 2301/2301/2301 2398/2398/2398 2399/2399/2399
f 2301/2301/2301 2399/2399/2399 2302/2302/2302
f 2302/2302/2302 2399/2399/2399 2400/2400/2400
f 2302/2302/2302 2400/2400/2400 2303/2303/2303
f 2303/2303/2303 2400/2400/2400 2401/2401/2401
f 2303/2303/2303 2401/2401/2401 2304/2304/2304
f 2304/2304/2304 2401/2401/2401 2402/2402/2402
f 2304/2304/2304 2402/2402/2402 2305/2305/2305
f 2305/2305/2305 2402/2402/2402 2403/2403/2403
f 2305/2305/2305 2403/2403/2403 2306/2306/2306
f 2306/2306/2306 2403/2403/2403 2404/2404/2404
f 2306/2306/2306 2404/2404/2404 2307/2307/2307
f 2307/2307/2307 2404/2404/2404 2405/2405/2405
f 2307/2307/2307 2405/2405/2405 2308/2308/2308
f 2308/2308/2308 2405/2405/2405 2406/2406/2406
f 2308/2308/2308 2406/2406/2406 2309/2309/2309
f 2309/2309/2309 2406/2406/2406 2407/2407/2407
f 2309/2309/2309 2407/2407/2407 2310/2310/2310
f 2310/2310/2310 2407/2407/2407 2408/2408/2408
f 2310/2310/2310 2408/2408/2408 2311/2311/2311
f 2311/2311/2311 2408/2408/2408 2409/2409/2409
f 2311/2311/2311 2409/2409/2409 2312/2312/2312
f 2312/2312/2312 2409/2409/2409 2410/2410/2410
f 2312/2312/2312 2410/2410/2410 2313/2313/2313
f 2313/2313/2313 2410/2410/2410 2411/2411/2411
f 2313/2313/2313 2411/2411/2411 2314/2314/2314
f 2314/2314/2314 2411/2411/2411 2412/2412/2412
f 2314/2314/2314 2412/2412/2412 2315/2315/2315
f 2315/2315/2315 2412/2412/2412 2413/2413/2413
f 2315/2315/2315 2413/2413/2413 2316/2316/2316
f 2316/2316/2316 2413/2413/2413 2414/2414/2414
f 2316/2316/2316 2414/2414/2414 2317/2317/2317
f 2317/2317/2317 2414/2414/2414 2415/2415/2415
f 2317/2317/2317 2415/2415/2415 2318/2318/2318
f 2318/2318/2318 2415/2415/2415 2416/2416/2416
f 2318/2318/2318 2416/2416/2416 2319/2319/2319
f 2319/2319/2319 2416/2416/2416 2417/2417/2417
f 2319/2319/2319 2417/2417/2417 2320/2320/2320
f 2320/2320/2320 2417/2417/2417 2418/2418/2418
f 2320/2320/2320 2418/2418/2418 2321/2321/2321
f 2321/2321/2321 2418/2418/2418 2419/2419/2419
f 2321/2321/2321 2419/2419/2419 2322/2322/2322
f 2322/2322/2322 2419/2419/2419 2420/2420/2420
f 2322/2322/2322 2420/2420/2420 2323/2323/2323
f 2323/2323/2323 2420/2420/2420 2421/2421/2421
f 2323/2323/2323 2421/2421/2421 2324/2324/2324
f 2324/2324/2324 2421/2421/2421 2422/2422/2422
f 2324/2324/2324 2422/2422/2422 2325/2325/2325
f 2325/2325/2325 2422/2422/2422 2423/2423/2423
f 2325/2325/2325 2423/2423/2423 2326/2326/2326
f 2326/2326/2326 2423/2423/2423 2424/2424/2424
f 2326/2326/2326 2424/2424/2424 2327/2327/2327
f 2328/2328/2328 2425/2425/2425 2426/2426/2426
f 2328/2328/2328 2426/2426/2426 2329/2329/2329
f 2329/2329/2329 2426/2426/2426 2427/2427/2427
f 2329/2329/2329 2427/2427/2427 2330/2330/2330
f 2330/2330/2330 2427/2427/2427 2428/2428/2428
f 2330/2330/2330 2428/2428/2428 2331/2331/2331
f 2331/2331/2331 2428/2428/2428 2429/2429/2429
f 2331/2331/2331 2429/2429/2429 2332/2332/2332
f 2332/2332/2332 2429/2429/2429 2430/2430/2430
f 2332/2332/2332 2430/2430/2430 2333/2333/2333
f 2333/2333/2333 2430/2430/2430 2431/2431/2431
f 2333/2333/2333 2431/2431/2431 2334/2334/2334
f 2334/2334/2334 2431/2431/2431 2432/2432/2432
f 2334/2334/2334 2432/2432/2432 2335/2335/2335
f 2335/2335/2335 2432/2432/2432 2433/2433/2433
f 2335/2335/2335 2433/2433/2433 2336/2336/2336
f 2336/2336/2336 2433/2433/2433 2434/2434/2434
f 2336/2336/2336 2434/2434/2434 2337/2337/2337
f 2337/2337/2337 2434/2434/2434 2435/2435/2435
f 2337/2337/2337 2435/2435/2435 2338/2338/2338
f 2338/2338/2338 2435/2435/2435 2436/2436/2436
f 2338/2338/2338 2436/2436/2436 2339/2339/2339
f 2339/2339/2339 2436/2436/2436 2437/2437/2437
f 2339/2339/2339 2437/2437/2437 2340/2340/2340
f 2340/2340/2340 2437/2437/2437 2438/2438/2438
f 2340/2340/2340 2438/2438/2438 2341/2341/2341
f 2341/2341/2341 2438/2438/2438 2439/2439/2439
f 2341/2341/2341 2439/2439/2439 2342/2342/2342
f 2342/2342/2342 2439/2439/2439 2440/2440/2440
f 2342/2342/2342 2440/2440/2440 2343/2343/2343
f 2343/2343/2343 2440/2440/2440 2441/2441/2441
f 2343/2343/2343 2441/2441/2441 2344/2344/2344
f 2344/2344/2344 2441/2441/2441 2442/2442/2442
f 2344/2344/2344 2442/2442/2442 2345/2345/2345
f 2345/2345/2345 2442/2442/2442 2443/2443/2443
f 2345/2345/2345 2443/2443/2443 2346/2346/2346
f 2346/2346/2346 2443/2443/2443 2444/2444/2444
f 2346/2346/2346 2444/2444/2444 2347/2347/2347
f 2347/2347/2347 2444/2444/2444 2445/2445/2445
f 2347/2347/2347 2445/2445/2445 2348/2348/2348
f 2348/2348/2348 2445/2445/2445 2446/2446/2446
f 2348/2348/2348 2446/2446/2446 2349/2349/2349
f 2349/2349/2349 2446/2446/2446 2447/2447/2447
f 2349/2349/2349 2447/2447/2447 2350/2350/2350
f 2350/2350/2350 2447/2447/2447 2448/2448/2448
f 2350/2350/2350 2448/2448/2448 2351/2351/2351
f 2351/2351/2351 2448/2448/2448 2449/2449/2449
f 2351/2351/2351 2449/2449/2449 2352/2352/2352
f 2352/2352/2352 2449/2449/2449 2450/2450/2450
f 2352/2352/2352 2450/2450/2450 2353/2353/2353
f 2353/2353/2353 2450/2450/2450 2451/2451/2451
f 2353/2353/2353 2451/2451/2451 2354/2354/2354
f 2354/2354/2354 2451/2451/2451 2452/2452/2452
f 2354/2354/2354 2452/2452/2452 2355/2355/2355
f 2355/2355/2355 2452/2452/2452 2453/2453/2453
f 2355/2355/2355 2453/2453/2453 2356/2356/2356
f 2356/2356/2356 2453/2453/2453 2454/2454/2454
f 2356/2356/2356 2454/2454/2454 2357/2357/2357
f 2357/2357/2357 2454/2454/2454 2455/2455/2455
f 2357/2357/2357 2455/2455/2455 2358/2358/2358
f 2358/2358/2358 2455/2455/2455 2456/2456/2456
f 2358/2358/2358 2456/2456/2456 2359/2359/2359
f 2359/2359/2359 2456/2456/2456 2457/2457/2457
f 2359/2359/2359 2457/2457/2457 2360/2360/2360
f 2360/2360/2360 2457/2457/2457 2458/2458/2458
f 2360/2360/2360 2458/2458/2458 2361/2361/2361
f 2361/2361/2361 2458/2458/2458 2459/2459/2459
f 2361/2361/2361 2459/2459/2459 2362/2362/2362
f 2362/2362/2362 2459/2459/2459 2460/2460/2460
f 2362/2362/2362 2460/2460/2460 2363/2363/2363
f 2363/2363/2363 2460/2460/2460 2461/2461/2461
f 2363/2363/2363 2461/2461/2461 2364/2364/2364
f 2364/2364/2364 2461/2461/2461 2462/2462/2462
f 2364/2364/2364 2462/2462/2462 2365/2365/2365
f 2365/2365/2365 2462/2462/2462 2463/2463/2463
f 2365/2365/2365 2463/2463/2463 2366/2366/2366
f 2366/2366/2366 2463/2463/2463 2464/2464/2464
f 2366/2366/2366 2464/2464/2464 2367/2367/2367
f 2367/2367/2367 2464/2464/2464 2465/2465/2465
f 2367/2367/2367 2465/2465/2465 2368/2368/2368
f 2368/2368/2368 2465/2465/2465 2466/2466/2466
f 2368/2368/2368 2466/2466/2466 2369/2369/2369
f 2369/2369/2369 2466/2466/2466 2467/2467/2467
f 2369/2369/2369 2467/2467/2467 2370/2370/2370
f 2370/2370/2370 2467/2467/2467 2468/2468/2468
f 2370/2370/2370 2468/2468/2468 2371/2371/2371
f 2371/2371/2371 2468/2468/2468 2469/2469/2469
f 2371/2371/2371 2469/2469/2469 2372/2372/2372
f 2372/2372/2372 2469/2469/2469 2470/2470/2470
f 2372/2372/2372 2470/2470/2470 2373/2373/2373
f 2373/2373/2373 2470/2470/2470 2471/2471/2471
f 2373/2373/2373 2471/2471/2471 2374/2374/2374
f 2374/2374/2374 2471/2471/2471 2472/2472/2472
f 2374/2374/2374 2472/2472/2472 2375/2375/2375
f 2375/2375/2375 2472/2472/2472 2473/2473/2473
f 2375/2375/2375 2473/2473/2473 2376/2376/2376
f 2376/2376/2376 2473/2473/2473 2474/2474/2474
f 2376/2376/2376 2474/2474/2474 2377/2377/2377
f 2377/2377/2377 2474/2474/2474 2475/2475/2475
f 2377/2377/2377 2475/2475/2475 2378/2378/2378
f 2378/2378/2378 2475/2475/2475 2476/2476/2476
f 2378/2378/2378 2476/2476/2476 2379/2379/2379
f 2379/2379/2379 2476/2476/2476 2477/2477/2477
f 2379/2379/2379 2477/2477/2477 2380/2380/2380
f 2380/2380/2380 2477/2477/2477 2478/2478/2478
f 2380/2380/2380 2478/2478/2478 2381/2381/2381
f 2381/2381/2381 2478/2478/2478 2479/2479/2479
f 2381/2381/2381 2479/2479/2479 2382/2382/2382
f 2382/2382/2382 2479/2479/2479 2480/2480/2480
f 2382/2382/2382 2480/2480/2480 2383/2383/2383
f 2383/2383/2383 2480/2480/2480 2481/2481/2481
f 2383/2383/2383 2481/2481/2481 2384/2384/2384
f 2384/2384/2384 2481/2481/2481 2482/2482/2482
f 2384/2384/2384 2482/2482/2482 2385/2385/2385
f 2385/2385/2385 2482/2482/2482 2483/2483/2483
f 2385/2385/2385 2483/2483/2483 2386/2386/2386
f 2386/2386/2386 2483/2483/2483 2484/2484/2484
f 2386/2386/2386 2484/2484/2484 2387/2387/2387
f 2387/2387/2387 2484/2484/2484 2485/2485/2485
f 2387/2387/2387 2485/2485/2485 2388/2388/2388
f 2388/2388/2388 2485/2485/2485 2486/2486/2486
f 2388/2388/2388 2486/2486/2486 2389/2389/2389
f 2389/2389/2389 2486/2486/2486 2487/2487/2487
f 2389/2389/2389 2487/2487/2487 2390/2390/2390
f 2390/2390/2390 2487/2487/2487 2488/2488/2488
f 2390/2390/2390 2488/2488/2488 2391/2391/2391
f 2391/2391/2391 2488/2488/2488 2489/2489/2489
f 2391/2391/2391 2489/2489/2489 2392/2392/2392
f 2392/2392/2392 2489/2489/2489 2490/2490/2490
f 2392/2392/2392 2490/2490/2490 2393/2393/2393
f 2393/2393/2393 2490/2490/2490 2491/2491/2491
f 2393/2393/2393 2491/2491/2491 2394/2394/2394
f 2394/2394/2394 2491/2491/2491 2492/2492/2492
f 2394/2394/2394 2492/2492/2492 2395/2395/2395
f 2395/2395/2395 2492/2492/2492 2493/2493/2493
f 2395/2395/2395 2493/2493/2493 2396/2396/2396
f 2396/2396/2396 2493/2493/2493 2494/2494/2494
f 2396/2396/2396 2494/2494/2494 2397/2397/2397
f 2397/2397/2397 2494/2494/2494 2495/2495/2495
f 2397/2397/2397 2495/2495/2495 2398/2398/2398
f 2398/2398/2398 2495/2495/2495 2496/2496/2496
f 2398/2398/2398 2496/2496/2496 2399/2399/2399
f 2399/2399/2399 2496/2496/2496 2497/2497/2497
f 2399/2399/2399 2497/2497/2497 2400/2400/2400
f 2400/2400/2400 2497/2497/2497 2498/2498/2498
f 2400/2400/2400 2498/2498/2498 2401/2401/2401
f 2401/2401/2401 2498/2498/2498 2499/2499/2499
f 2401/2401/2401 2499/2499/2499 2402/2402/2402
f 2402/2402/2402 2499/2499/2499 2500/2500/2500
f 2402/2402/2402 2500/2500/2500 2403/2403/2403
f 2403/2403/2403 2500/2500/2500 2501/2501/2501
f 2403/2403/2403 2501/2501/2501 2404/2404/2404
f 2404/2404/2404 2501/2501/2501 2502/2502/2502
f 2404/2404/2404 2502/2502/2502 2405/2405/2405
f 2405/2405/2405 2502/2502/2502 2503/2503/2503
f 2405/2405/2405 2503/2503/2503 2406/2406/2406
f 2406/2406/2406 2503/2503/2503 2504/2504/2504
f 2406/2406/2406 2504/2504/2504 2407/2407/2407
f 2407/2407/2407 2504/2504/2504 2505/2505/2505
f 2407/2407/2407 2505/2505/2505 2408/2408/2408
f 2408/2408/2408 2505/2505/2505 2506/2506/2506
f 2408/2408/2408 2506/2506/2506 2409/2409/2409
f 2409/2409/2409 2506/2506/2506 2507/2507/2507
f 2409/2409/2409 2507/2507/2507 2410/2410/2410
f 2410/2410/2410 2507/2507/2507 2508/2508/2508
f 2410/2410/2410 2508/2508/2508 2411/2411/2411
f 2411/2411/2411 2508/2508/2508 2509/2509/2509
f 2411/2411/2411 2509/2509/2509 2412/2412/2412
f 2412/2412/2412 2509/2509/2509 2510/2510/2510
f 2412/2412/2412 2510/2510/2510 2413/2413/2413
f 2413/2413/2413 2510/2510/2510 2511/2511/2511
f 2413/2413/2413 2511/2511/2511 2414/2414/2414
f 2414/2414/2414 2511/2511/2511 2512/2512/2512
f 2414/2414/2414 2512/2512/2512 2415/2415/2415
f 2415/2415/2415 2512/2512/2512 2513/2513/2513
f 2415/2415/2415 2513/2513/2513 2416/2416/2416
f 2416/2416/2416 2513/2513/2513 2514/2514/2514
f 2416/2416/2416 2514/2514/2514 2417/2417/2417
f 2417/2417/2417 2514/2514/2514 2515/2515/2515
f 2417/2417/2417 2515/2515/2515 2418/2418/2418
f 2418/2418/2418 2515/2515/2515 2516/2516/2516
f 2418/2418/2418 2516/2516/2516 2419/2419/2419
f 2419/2419/2419 2516/2516/2516 2517/2517/2517
f 2419/2419/2419 2517/2517/2517 2420/2420/2420
f 2420/2420/2420 2517/2517/2517 2518/2518/2518
f 2420/2420/2420 2518/2518/2518 2421/2421/2421
f 2421/2421/2421 2518/2518/2518 2519/2519/2519
f 2421/2421/2421 2519/2519/2519 2422/2422/2422
f 2422/2422/2422 2519/2519/2519 2520/2520/2520
f 2422/2422/2422 2520/2520/2520 2423/2423/2423
f 2423/2423/2423 2520/2520/2520 2521/2521/2521
f 2423/2423/2423 2521/2521/2521 2424/2424/2424
f 2425/2425/2425 2522/2522/2522 2523/2523/2523
f 2425/2425/2425 2523/2523/2523 2426/2426/2426
f 2426/2426/2426 2523/2523/2523 2524/2524/2524
f 2426/2426/2426 2524/2524/2524 2427/2427/2427
f 2427/2427/2427 2524/2524/2524 2525/2525/2525
f 2427/2427/2427 2525/2525/2525 2428/2428/2428
f 2428/2428/2428 2525/2525/2525 2526/2526/2526
f 2428/2428/2428 2526/2526/2526 2429/2429/2429
f 2429/2429/2429 2526/2526/2526 2527/2527/2527
f 2429/2429/2429 2527/2527/2527 2430/2430/2430
f 2430/2430/2430 2527/2527/2527 2528/2528/2528
f 2430/2430/2430 2528/2528/2528 2431/2431/2431
f 2431/2431/2431 2528/2528/2528 2529/2529/2529
f 2431/2431/2431 2529/2529/2529 2432/2432/2432
f 2432/2432/2432 2529/2529/2529 2530/2530/2530
f 2432/2432/2432 2530/2530/2530 2433/2433/2433
f 2433/2433/2433 2530/2530/2530 2531/2531/2531
f 2433/2433/2433 2531/2531/2531 2434/2434/2434
f 2434/2434/2434 2531/2531/2531 2532/2532/2532
f 2434/2434/2434 2532/2532/2532 2435/2435/2435
f 2435/2435/2435 2532/2532/2532 2533/2533/2533
f 2435/2435/2435 2533/2533/2533 2436/2436/2436
f 2436/2436/2436 2533/2533/2533 2534/2534/2534
f 2436/2436/2436 2534/2534/2534 2437/2437/2437
f 2437/2437/2437 2534/2534/2534 2535/2535/2535
f 2437/2437/2437 2535/2535/2535 2438/2438/2438
f 2438/2438/2438 2535/2535/2535 2536/2536/2536
f 2438/2438/2438 2536/2536/2536 2439/2439/2439
f 2439/2439/2439 2536/2536/2536 2537/2537/2537
f 2439/2439/2439 2537/2537/2537 2440/2440/2440
f 2440/2440/2440 2537/2537/2537 2538/2538/2538
f 2440/2440/2440 2538/2538/2538 2441/2441/2441
f 2441/2441/2441 2538/2538/2538 2539/2539/2539
f 2441/2441/2441 2539/2539/2539 2442/2442/2442
f 2442/2442/2442 2539/2539/2539 2540/2540/2540
f 2442/2442/2442 2540/2540/2540 2443/2443/2443
f 2443/2443/2443 2540/2540/2540 2541/2541/2541
f 2443/2443/2443 2541/2541/2541 2444/2444/2444
f 2444/2444/2444 2541/2541/2541 2542/2542/2542
f 2444/2444/2444 2542/2542/2542 2445/2445/2445
f 2445/2445/2445 2542/2542/2542 2543/2543/2543
f 2445/2445/2445 2543/2543/2543 2446/2446/2446
f 2446/2446/2446 2543/2543/2543 2544/2544/2544
f 2446/2446/2446 2544/2544/2544 2447/2447/2447
f 2447/2447/2447 2544/2544/2544 2545/2545/2545
f 2447/2447/2447 2545/2545/2545 2448/2448/2448
f 2448/2448/2448 2545/2545/2545 2546/2546/2546
f 2448/2448/2448 2546/2546/2546 2449/2449/2449
f 2449/2449/2449 2546/2546/2546 2547/2547/2547
f 2449/2449/2449 2547/2547/2547 2450/2450/2450
f 2450/2450/2450 2547/2547/2547 2548/2548/2548
f 2450/2450/2450 2548/2548/2548 2451/2451/2451
f 2451/2451/2451 2548/2548/2548 2549/2549/2549
f 2451/2451/2451 2549/2549/2549 2452/2452/2452
f 2452/2452/2452 2549/2549/2549 2550/2550/2550
f 2452/2452/2452 2550/2550/2550 2453/2453/2453
f 2453/2453/2453 2550/2550/2550 2551/2551/2551
f 2453/2453/2453 2551/2551/2551 2454/2454/2454
f 2454/2454/2454 2551/2551/2551 2552/2552/2552
f 2454/2454/2454 2552/2552/2552 2455/2455/2455
f 2455/2455/2455 2552/2552/2552 2553/2553/2553
f 2455/2455/2455 2553/2553/2553 2456/2456/2456
f 2456/2456/2456 2553/2553/2553 2554/2554/2554
f 2456/2456/2456 2554/2554/2554 2457/2457/2457
f 2457/2457/2457 2554/2554/2554 2555/2555/2555
f 2457/2457/2457 2555/2555/2555 2458/2458/2458
f 2458/2458/2458 2555/2555/2555 2556/2556/2556
f 2458/2458/2458 2556/2556/2556 2459/2459/2459
f 2459/2459/2459 2556/2556/2556 2557/2557/2557
f 2459/2459/2459 2557/2557/2557 2460/2460/2460
f 2460/2460/2460 2557/2557/2557 2558/2558/2558
f 2460/2460/2460 2558/2558/2558 2461/2461/2461
f 2461/2461/2461 2558/2558/2558 2559/2559/2559
f 2461/2461/2461 2559/2559/2559 2462/2462/2462
f 2462/2462/2462 2559/2559/2559 2560/2560/2560
f 2462/2462/2462 2560/2560/2560 2463/2463/2463
f 2463/2463/2463 2560/2560/2560 2561/2561/2561
f 2463/2463/2463 2561/2561/2561 2464/2464/2464
f 2464/2464/2464 2561/2561/2561 2562/2562/2562
f 2464/2464/2464 2562/2562/2562 2465/2465/2465
f 2465/2465/2465 2562/2562/2562 2563/2563/2563
f 2465/2465/2465 2563/2563/2563 2466/2466/2466
f 2466/2466/2466 2563/2563/2563 2564/2564/2564
f 2466/2466/2466 2564/2564/2564 2467/2467/2467
f 2467/2467/2467 2564/2564/2564 2565/2565/2565
f 2467/2467/2467 2565/2565/2565 2468/2468/2468
f 2468/2468/2468 2565/2565/2565 2566/2566/2566
f 2468/2468/2468 2566/2566/2566 2469/2469/2469
f 2469/2469/2469 2566/2566/2566 2567/2567/2567
f 2469/2469/2469 2567/2567/2567 2470/2470/2470
f 2470/2470/2470 2567/2567/2567 2568/2568/2568
f 2470/2470/2470 2568/2568/2568 2471/2471/2471
f 2471/2471/2471 2568/2568/2568 2569/2569/2569
f 2471/2471/2471 2569/2569/2569 2472/2472/2472
f 2472/2472/2472 2569/2569/2569 2570/2570/2570
f 2472/2472/2472 2570/2570/2570 2473/2473/2473
f 2473/2473/2473 2570/2570/2570 2571/2571/2571
f 2473/2473/2473 2571/2571/2571 2474/2474/2474
f 2474/2474/2474 2571/2571/2571 2572/2572/2572
f 2474/2474/2474 2572/2572/2572 2475/2475/2475
f 2475/2475/2475 2572/2572/2572 2573/2573/2573
f 2475/2475/2475 2573/2573/2573 2476/2476/2476
f 2476/2476/2476 2573/2573/2573 2574/2574/2574
f 2476/2476/2476 2574/2574/2574 2477/2477/2477
f 2477/2477/2477 2574/2574/2574 2575/2575/2575
f 2477/2477/2477 2575/2575/2575 2478/2478/2478
f 2478/2478/2478 2575/2575/2575 2576/2576/2576
f 2478/2478/2478 2576/2576/2576 2479/2479/2479
f 2479/2479/2479 2576/2576/2576 2577/2577/2577
f 2479/2479/2479 2577/2577/2577 2480/2480/2480
f 2480/2480/2480 2577/2577/2577 2578/2578/2578
f 2480/2480/2480 2578/2578/2578 2481/2481/2481
f 2481/2481/2481 2578/2578/2578 2579/2579/2579
f 2481/2481/2481 2579/2579/2579 2482/2482/2482
f 2482/2482/2482 2579/2579/2579 2580/2580/2580
f 2482/2482/2482 2580/2580/2580 2483/2483/2483
f 2483/2483/2483 2580/2580/2580 2581/2581/2581
f 2483/2483/2483 2581/2581/2581 2484/2484/2484
f 2484/2484/2484 2581/2581/2581 2582/2582/2582
f 2484/2484/2484 2582/2582/2582 2485/2485/2485
f 2485/2485/2485 2582/2582/2582 2583/2583/2583
f 2485/2485/2485 2583/2583/2583 2486/2486/2486
f 2486/2486/2486 2583/2583/2583 2584/2584/2584
f 2486/2486/2486 2584/2584/2584 2487/2487/2487
f 2487/2487/2487 2584/2584/2584 2585/2585/2585
f 2487/2487/2487 2585/2585/2585 2488/2488/2488
f 2488/2488/2488 2585/2585/2585 2586/2586/2586
f 2488/2488/2488 2586/2586/2586 2489/2489/2489
f 2489/2489/2489 2586/2586/2586 2587/2587/2587
f 2489/2489/2489 2587/2587/2587 2490/2490/2490
f 2490/2490/2490 2587/2587/2587 2588/2588/2588
f 2490/2490/2490 2588/2588/2588 2491/2491/2491
f 2491/2491/2491 2588/2588/2588 2589/2589/2589
f 2491/2491/2491 2589/2589/2589 2492/2492/2492
f 2492/2492/2492 2589/2589/2589 2590/2590/2590
f 2492/2492/2492 2590/2590/2590 2493/2493/2493
f 2493/2493/2493 2590/2590/2590 2591/2591/2591
f 2493/2493/2493 2591/2591/2591 2494/2494/2494
f 2494/2494/2494 2591/2591/2591 2592/2592/2592
f 2494/2494/2494 2592/2592/2592 2495/2495/2495
f 2495/2495/2495 2592/2592/2592 2593/2593/2593
f 2495/2495/2495 2593/2593/2593 2496/2496/2496
f 2496/2496/2496 2593/2593/2593 2594/2594/2594
f 2496/2496/2496 2594/2594/2594 2497/2497/2497
f 2497/2497/2497 2594/2594/2594 2595/2595/2595
f 2497/2497/2497 2595/2595/2595 2498/2498/2498
f 2498/2498/2498 2595/2595/2595 2596/2596/2596
f 2498/2498/2498 2596/2596/2596 2499/2499/2499
f 2499/2499/2499 2596/2596/2596 2597/2597/2597
f 2499/2499/2499 2597/2597/2597 2500/2500/2500
f 2500/2500/2500 2597/2597/2597 2598/2598/2598
f 2500/2500/2500 2598/2598/2598 2501/2501/2501
f 2501/2501/2501 2598/2598/2598 2599/2599/2599
f 2501/2501/2501 2599/2599/2599 2502/2502/2502
f 2502/2502/2502 2599/2599/2599 2600/2600/2600
f 2502/2502/2502 2600/2600/2600 2503/2503/2503
f 2503/2503/2503 2600/2600/2600 2601/2601/2601
f 2503/2503/2503 2601/2601/2601 2504/2504/2504
f 2504/2504/2504 2601/2601/2601 2602/2602/2602
f 2504/2504/2504 2602/2602/2602 2505/2505/2505
f 2505/2505/2505 2602/2602/2602 2603/2603/2603
f 2505/2505/2505 2603/2603/2603 2506/2506/2506
f 2506/2506/2506 2603/2603/2603 2604/2604/2604
f 2506/2506/2506 2604/2604/2604 2507/2507/2507
f 2507/2507/2507 2604/2604/2604 2605/2605/2605
f 2507/2507/2507 2605/2605/2605 2508/2508/2508
f 2508/2508/2508 2605/2605/2605 2606/2606/2606
f 2508/2508/2508 2606/2606/2606 2509/2509/2509
f 2509/2509/2509 2606/2606/2606 2607/2607/2607
f 2509/2509/2509 2607/2607/2607 2510/2510/2510
f 2510/2510/2510 2607/2607/2607 2608/2608/2608
f 2510/2510/2510 2608/2608/2608 2511/2511/2511
f 2511/2511/2511 2608/2608/2608 2609/2609/2609
f 2511/2511/2511 2609/2609/2609 2512/2512/2512
f 2512/2512/2512 2609/2609/2609 2610/2610/2610
f 2512/2512/2512 2610/2610/2610 2513/2513/2513
f 2513/2513/2513 2610/2610/2610 2611/2611/2611
f 2513/2513/2513 2611/2611/2611 2514/2514/2514
f 2514/2514/2514 2611/2611/2611 2612/2612/2612
f 2514/2514/2514 2612/2612/2612 2515/2515/2515
f 2515/2515/2515 2612/2612/2612 2613/2613/2613
f 2515/2515/2515 2613/2613/2613 2516/2516/2516
f 2516/2516/2516 2613/2613/2613 2614/2614/2614
f 2516/2516/2516 2614/2614/2614 2517/2517/2517
f 2517/2517/2517 2614/2614/2614 2615/2615/2615
f 2517/2517/2517 2615/2615/2615 2518/2518/2518
f 2518/2518/2518 2615/2615/2615 2616/2616/2616
f 2518/2518/2518 2616/2616/2616 2519/2519/2519
f 2519/2519/2519 2616/2616/2616 2617/2617/2617
f 2519/2519/2519 2617/2617/2617 2520/2520/2520
f 2520/2520/2520 2617/2617/2617 2618/2618/2618
f 2520/2520/2520 2618/2618/2618 2521/2521/2521
f 2522/2522/2522 2619/2619/2619 2620/2620/2620
f 2522/2522/2522 2620/2620/2620 2523/2523/2523
f 2523/2523/2523 2620/2620/2620 2621/2621/2621
f 2523/2523/2523 2621/2621/2621 2524/2524/2524
f 2524/2524/2524 2621/2621/2621 2622/2622/2622
f 2524/2524/2524 2622/2622/2622 2525/2525/2525
f 2525/2525/2525 2622/2622/2622 2623/2623/2623
f 2525/2525/2525 2623/2623/2623 2526/2526/2526
f 2526/2526/2526 2623/2623/2623 2624/2624/2624
f 2526/2526/2526 2624/2624/2624 2527/2527/2527
f 2527/2527/2527 2624/2624/2624 2625/2625/2625
f 2527/2527/2527 2625/2625/2625 2528/2528/2528
f 2528/2528/2528 2625/2625/2625 2626/2626/2626
f 2528/2528/2528 2626/2626/2626 2529/2529/2529
f 2529/2529/2529 2626/2626/2626 2627/2627/2627
f 2529/2529/2529 2627/2627/2627 2530/2530/2530
f 2530/2530/2530 2627/2627/2627 2628/2628/2628
f 2530/2530/2530 2628/2628/2628 2531/2531/2531
f 2531/2531/2531 2628/2628/2628 2629/2629/2629
f 2531/2531/2531 2629/2629/2629 2532/2532/2532
f 2532/2532/2532 2629/2629/2629 2630/2630/2630
f 2532/2532/2532 2630/2630/2630 2533/2533/2533
f 2533/2533/2533 2630/2630/2630 2631/2631/2631
f 2533/2533/2533 2631/2631/2631 2534/2534/2534
f 2534/2534/2534 2631/2631/2631 2632/2632/2632
f 2534/2534/2534 2632/2632/2632 2535/2535/2535
f 2535/2535/2535 2632/2632/2632 2633/2633/2633
f 2535/2535/2535 2633/2633/2633 2536/2536/2536
f 2536/2536/2536 2633/2633/2633 2634/2634/2634
f 2536/2536/2536 2634/2634/2634 2537/2537/2537
f 2537/2537/2537 2634/2634/2634 2635/2635/2635
f 2537/2537/2537 2635/2635/2635 2538/2538/2538
f 2538/2538/2538 2635/2635/2635 2636/2636/2636
f 2538/2538/2538 2636/2636/2636 2539/2539/2539
f 2539/2539/2539 2636/2636/2636 2637/2637/2637
f 2539/2539/2539 2637/2637/2637 2540/2540/2540
f 2540/2540/2540 2637/2637/2637 2638/2638/2638
f 2540/2540/2540 2638/2638/2638 2541/2541/2541
f 2541/2541/2541 2638/2638/2638 2639/2639/2639
f 2541/2541/2541 2639/2639/2639 2542/2542/2542
f 2542/2542/2542 2639/2639/2639 2640/2640/2640
f 2542/2542/2542 2640/2640/2640 2543/2543/2543
f 2543/2543/2543 2640/2640/2640 2641/2641/2641
f 2543/2543/2543 2641/2641/2641 2544/2544/2544
f 2544/2544/2544 2641/2641/2641 2642/2642/2642
f 2544/2544/2544 2642/2642/2642 2545/2545/2545
f 2545/2545/2545 2642/2642/2642 2643/2643/2643
f 2545/2545/2545 2643/2643/2643 2546/2546/2546
f 2546/2546/2546 2643/2643/2643 2644/2644/2644
f 2546/2546/2546 2644/2644/2644 2547/2547/2547
f 2547/2547/2547 2644/2644/2644 2645/2645/2645
f 2547/2547/2547 2645/2645/2645 2548/2548/2548
f 2548/2548/2548 2645/2645/2645 2646/2646/2646
f 2548/2548/2548 2646/2646/2646 2549/2549/2549
f 2549/2549/2549 2646/2646/2646 2647/2647/2647
f 2549/2549/2549 2647/2647/2647 2550/2550/2550
f 2550/2550/2550 2647/2647/2647 2648/2648/2648
f 2550/2550/2550 2648/2648/2648 2551/2551/2551
f 2551/2551/2551 2648/2648/2648 2649/2649/2649
f 2551/2551/2551 2649/2649/2649 2552/2552/2552
f 2552/2552/2552 2649/2649/2649 2650/2650/2650
f 2552/2552/2552 2650/2650/2650 2553/2553/2553
f 2553/2553/2553 2650/2650/2650 2651/2651/2651
f 2553/2553/2553 2651/2651/2651 2554/2554/2554
f 2554/2554/2554 2651/2651/2651 2652/2652/2652
f 2554/2554/2554 2652/2652/2652 2555/2555/2555
f 2555/2555/2555 2652/2652/2652 2653/2653/2653
f 2555/2555/2555 2653/2653/2653 2556/2556/2556
f 2556/2556/2556 2653/2653/2653 2654/2654/2654
f 2556/2556/2556 2654/2654/2654 2557/2557/2557
f 2557/2557/2557 2654/2654/2654 2655/2655/2655
f 2557/2557/2557 2655/2655/2655 2558/2558/2558
f 2558/2558/2558 2655/2655/2655 2656/2656/2656
f 2558/2558/2558 2656/2656/2656 2559/2559/2559
f 2559/2559/2559 2656/2656/2656 2657/2657/2657
f 2559/2559/2559 2657/2657/2657 2560/2560/2560
f 2560/2560/2560 2657/2657/2657 2658/2658/2658
f 2560/2560/2560 2658/2658/2658 2561/2561/2561
f 2561/2561/2561 2658/2658/2658 2659/2659/2659
f 2561/2561/2561 2659/2659/2659 2562/2562/2562
f 2562/2562/2562 2659/2659/2659 2660/2660/2660
f 2562/2562/2562 2660/2660/2660 2563/2563/2563
f 2563/2563/2563 2660/2660/2660 2661/2661/2661
f 2563/2563/2563 2661/2661/2661 2564/2564/2564
f 2564/2564/2564 2661/2661/2661 2662/2662/2662
f 2564/2564/2564 2662/2662/2662 2565/2565/2565
f 2565/2565/2565 2662/2662/2662 2663/2663/2663
f 2565/2565/2565 2663/2663/2663 2566/2566/2566
f 2566/2566/2566 2663/2663/2663 2664/2664/2664
f 2566/2566/2566 2664/2664/2664 2567/2567/2567
f 2567/2567/2567 2664/2664/2664 2665/2665/2665
f 2567/2567/2567 2665/2665/2665 2568/2568/2568
f 2568/2568/2568 2665/2665/2665 2666/2666/2666
f 2568/2568/2568 2666/2666/2666 2569/2569/2569
f 2569/2569/2569 2666/2666/2666 2667/2667/2667
f 2569/2569/2569 2667/2667/2667 2570/2570/2570
f 2570/2570/2570 2667/2667/2667 2668/2668/2668
f 2570/2570/2570 2668/2668/2668 2571/2571/2571
f 2571/2571/2571 2668/2668/2668 2669/2669/2669
f 2571/2571/2571 2669/2669/2669 2572/2572/2572
f 2572/2572/2572 2669/2669/2669 2670/2670/2670
f 2572/2572/2572 2670/2670/2670 2573/2573/2573
f 2573/2573/2573 2670/2670/2670 2671/2671/2671
f 2573/2573/2573 2671/2671/2671 2574/2574/2574
f 2574/2574/2574 2671/2671/2671 2672/2672/2672
f 2574/2574/2574 2672/2672/2672 2575/2575/2575
f 2575/2575/2575 2672/2672/2672 2673/2673/2673
f 2575/2575/2575 2673/2673/2673 2576/2576/2576
f 2576/2576/2576 2673/2673/2673 2674/2674/2674
f 2576/2576/2576 2674/2674/2674 2577/2577/2577
f 2577/2577/2577 2674/2674/2674 2675/2675/2675
f 2577/2577/2577 2675/2675/2675 2578/2578/2578
f 2578/2578/2578 2675/2675/2675 2676/2676/2676
f 2578/2578/2578 2676/2676/2676 2579/2579/2579
f 2579/2579/2579 2676/2676/2676 2677/2677/2677
f 2579/2579/2579 2677/2677/2677 2580/2580/2580
f 2580/2580/2580 2677/2677/2677 2678/2678/2678
f 2580/2580/2580 2678/2678/2678 2581/2581/2581
f 2581/2581/2581 2678/2678/2678 2679/2679/2679
f 2581/2581/2581 2679/2679/2679 2582/2582/2582
f 2582/2582/2582 2679/2679/2679 2680/2680/2680
f 2582/2582/2582 2680/2680/2680 2583/2583/2583
f 2583/2583/2583 2680/2680/2680 2681/2681/2681
f 2583/2583/2583 2681/2681/2681 2584/2584/2584
f 2584/2584/2584 2681/2681/2681 2682/2682/2682
f 2584/2584/2584 2682/2682/2682 2585/2585/2585
f 2585/2585/2585 2682/2682/2682 2683/2683/2683
f 2585/2585/2585 2683/2683/2683 2586/2586/2586
f 2586/2586/2586 2683/2683/2683 2684/2684/2684
f 2586/2586/2586 2684/2684/2684 2587/2587/2587
f 2587/2587/2587 2684/2684/2684 2685/2685/2685
f 2587/2587/2587 2685/2685/2685 2588/2588/2588
f 2588/2588/2588 2685/2685/2685 2686/2686/2686
f 2588/2588/2588 2686/2686/2686 2589/2589/2589
f 2589/2589/2589 2686/2686/2686 2687/2687/2687
f 2589/2589/2589 2687/2687/2687 2590/2590/2590
f 2590/2590/2590 2687/2687/2687 2688/2688/2688
f 2590/2590/2590 2688/2688/2688 2591/2591/2591
f 2591/2591/2591 2688/2688/2688 2689/2689/2689
f 2591/2591/2591 2689/2689/2689 2592/2592/2592
f 2592/2592/2592 2689/2689/2689 2690/2690/2690
f 2592/2592/2592 2690/2690/2690 2593/2593/2593
f 2593/2593/2593 2690/2690/2690 2691/2691/2691
f 2593/2593/2593 2691/2691/2691 2594/2594/2594
f 2594/2594/2594 2691/2691/2691 2692/2692/2692
f 2594/2594/2594 2692/2692/2692 2595/2595/2595
f 2595/2595/2595 2692/2692/2692 2693/2693/2693
f 2595/2595/2595 2693/2693/2693 2596/2596/2596
f 2596/2596/2596 2693/2693/2693 2694/2694/2694
f 2596/2596/2596 2694/2694/2694 2597/2597/2597
f 2597/2597/2597 2694/2694/2694 2695/2695/2695
f 2597/2597/2597 2695/2695/2695 2598/2598/2598
f 2598/2598/2598 2695/2695/2695 2696/2696/2696
f 2598/2598/2598 2696/2696/2696 2599/2599/2599
f 2599/2599/2599 2696/2696/2696 2697/2697/2697
f 2599/2599/2599 2697/2697/2697 2600/2600/2600
f 2600/2600/2600 2697/2697/2697 2698/2698/2698
f 2600/2600/2600 2698/2698/2698 2601/2601/2601
f 2601/2601/2601 2698/2698/2698 2699/2699/2699
f 2601/2601/2601 2699/2699/2699 2602/2602/2602
f 2602/2602/2602 2699/2699/2699 2700/2700/2700
f 2602/2602/2602 2700/2700/2700 2603/2603/2603
f 2603/2603/2603 2700/2700/2700 2701/2701/2701
f 2603/2603/2603 2701/2701/2701 2604/2604/2604
f 2604/2604/2604 2701/2701/2701 2702/2702/2702
f 2604/2604/2604 2702/2702/2702 2605/2605/2605
f 2605/2605/2605 2702/2702/2702 2703/2703/2703
f 2605/2605/2605 2703/2703/2703 2606/2606/2606
f 2606/2606/2606 2703/2703/2703 2704/2704/2704
f 2606/2606/2606 2704/2704/2704 2607/2607/2607
f 2607/2607/2607 2704/2704/2704 2705/2705/2705
f 2607/2607/2607 2705/2705/2705 2608/2608/2608
f 2608/2608/2608 2705/2705/2705 2706/2706/2706
f 2608/2608/2608 2706/2706/2706 2609/2609/2609
f 2609/2609/2609 2706/2706/2706 2707/2707/2707
f 2609/2609/2609 2707/2707/2707 2610/2610/2610
f 2610/2610/2610 2707/2707/2707 2708/2708/2708
f 2610/2610/2610 2708/2708/2708 2611/2611/2611
f 2611/2611/2611 2708/2708/2708 2709/2709/2709
f 2611/2611/2611 2709/2709/2709 2612/2612/2612
f 2612/2612/2612 2709/2709/2709 2710/2710/2710
f 2612/2612/2612 2710/2710/2710 2613/2613/2613
f 2613/2613/2613 2710/2710/2710 2711/2711/2711
f 2613/2613/2613 2711/2711/2711 2614/2614/2614
f 2614/2614/2614 2711/2711/2711 2712/2712/2712
f 2614/2614/2614 2712/2712/2712 2615/2615/2615
f 2615/2615/2615 2712/2712/2712 2713/2713/2713
f 2615/2615/2615 2713/2713/2713 2616/2616/2616
f 2616/2616/2616 2713/2713/2713 2714/2714/2714
f 2616/2616/2616 2714/2714/2714 2617/2617/2617
f 2617/2617/2617 2714/2714/2714 2715/2715/2715
f 2617/2617/2617 2715/2715/2715 2618/2618/2618
f 2619/2619/2619 2716/2716/2716 2717/2717/2717
f 2619/2619/2619 2717/2717/2717 2620/2620/2620
f 2620/2620/2620 2717/2717/2717 2718/2718/2718
f 2620/2620/2620 2718/2718/2718 2621/2621/2621
f 2621/2621/2621 2718/2718/2718 2719/2719/2719
f 2621/2621/2621 2719/2719/2719 2622/2622/2622
f 2622/2622/2622 2719/2719/2719 2720/2720/2720
f 2622/2622/2622 2720/2720/2720 2623/2623/2623
f 2623/2623/2623 2720/2720/2720 2721/2721/2721
f 2623/2623/2623 2721/2721/2721 2624/2624/2624
f 2624/2624/2624 2721/2721/2721 2722/2722/2722
f 2624/2624/2624 2722/2722/2722 2625/2625/2625
f 2625/2625/2625 2722/2722/2722 2723/2723/2723
f 2625/2625/2625 2723/2723/2723 2626/2626/2626
f 2626/2626/2626 2723/2723/2723 2724/2724/2724
f 2626/2626/2626 2724/2724/2724 2627/2627/2627
f 2627/2627/2627 2724/2724/2724 2725/2725/2725
f 2627/2627/2627 2725/2725/2725 2628/2628/2628
f 2628/2628/2628 2725/2725/2725 2726/2726/2726
f 2628/2628/2628 2726/2726/2726 2629/2629/2629
f 2629/2629/2629 2726/2726/2726 2727/2727/2727
f 2629/2629/2629 2727/2727/2727 2630/2630/2630
f 2630/2630/2630 2727/2727/2727 2728/2728/2728
f 2630/2630/2630 2728/2728/2728 2631/2631/2631
f 2631/2631/2631 2728/2728/2728 2729/2729/2729
f 2631/2631/2631 2729/2729/2729 2632/2632/2632
f 2632/2632/2632 2729/2729/2729 2730/2730/2730
f 2632/2632/2632 2730/2730/2730 2633/2633/2633
f 2633/2633/2633 2730/2730/2730 2731/2731/2731
f 2633/2633/2633 2731/2731/2731 2634/2634/2634
f 2634/2634/2634 2731/2731/2731 2732/2732/2732
f 2634/2634/2634 2732/2732/2732 2635/2635/2635
f 2635/2635/2635 2732/2732/2732 2733/2733/2733
f 2635/2635/2635 2733/2733/2733 2636/2636/2636
f 2636/2636/2636 2733/2733/2733 2734/2734/2734
f 2636/2636/2636 2734/2734/2734 2637/2637/2637
f 2637/2637/2637 2734/2734/2734 2735/2735/2735
f 2637/2637/2637 2735/2735/2735 2638/2638/2638
f 2638/2638/2638 2735/2735/2735 2736/2736/2736
f 2638/2638/2638 2736/2736/2736 2639/2639/2639
f 2639/2639/2639 2736/2736/2736 2737/2737/2737
f 2639/2639/2639 2737/2737/2737 2640/2640/2640
f 2640/2640/2640 2737/2737/2737 2738/2738/2738
f 2640/2640/2640 2738/2738/2738 2641/2641/2641
f 2641/2641/2641 2738/2738/2738 2739/2739/2739
f 2641/2641/2641 2739/2739/2739 2642/2642/2642
f 2642/2642/2642 2739/2739/2739 2740/2740/2740
f 2642/2642/2642 2740/2740/2740 2643/2643/2643
f 2643/2643/2643 2740/2740/2740 2741/2741/2741
f 2643/2643/2643 2741/2741/2741 2644/2644/2644
f 2644/2644/2644 2741/2741/2741 2742/2742/2742
f 2644/2644/2644 2742/2742/2742 2645/2645/2645
f 2645/2645/2645 2742/2742/2742 2743/2743/2743
f 2645/2645/2645 2743/2743/2743 2646/2646/2646
f 2646/2646/2646 2743/2743/2743 2744/2744/2744
f 2646/2646/2646 2744/2744/2744 2647/2647/2647
f 2647/2647/2647 2744/2744/2744 2745/2745/2745
f 2647/2647/2647 2745/2745/2745 2648/2648/2648
f 2648/2648/2648 2745/2745/2745 2746/2746/2746
f 2648/2648/2648 2746/2746/2746 2649/2649/2649
f 2649/2649/2649 2746/2746/2746 2747/2747/2747
f 2649/2649/2649 2747/2747/2747 2650/2650/2650
f 2650/2650/2650 2747/2747/2747 2748/2748/2748
f 2650/2650/2650 2748/2748/2748 2651/2651/2651
f 2651/2651/2651 2748/2748/2748 2749/2749/2749
f 2651/2651/2651 2749/2749/2749 2652/2652/2652
f 2652/2652/2652 2749/2749/2749 2750/2750/2750
f 2652/2652/2652 2750/2750/2750 2653/2653/2653
f 2653/2653/2653 2750/2750/2750 2751/2751/2751
f 2653/2653/2653 2751/2751/2751 2654/2654/2654
f 2654/2654/2654 2751/2751/2751 2752/2752/2752
f 2654/2654/2654 2752/2752/2752 2655/2655/2655
f 2655/2655/2655 2752/2752/2752 2753/2753/2753
f 2655/2655/2655 2753/2753/2753 2656/2656/2656
f 2656/2656/2656 2753/2753/2753 2754/2754/2754
f 2656/2656/2656 2754/2754/2754 2657/2657/2657
f 2657/2657/2657 2754/2754/2754 2755/2755/2755
f 2657/2657/2657 2755/2755/2755 2658/2658/2658
f 2658/2658/2658 2755/2755/2755 2756/2756/2756
f 2658/2658/2658 2756/2756/2756 2659/2659/2659
f 2659/2659/2659 2756/2756/2756 2757/2757/2757
f 2659/2659/2659 2757/2757/2757 2660/2660/2660
f 2660/2660/2660 2757/2757/2757 2758/2758/2758
f 2660/2660/2660 2758/2758/2758 2661/2661/2661
f 2661/2661/2661 2758/2758/2758 2759/2759/2759
f 2661/2661/2661 2759/2759/2759 2662/2662/2662
f 2662/2662/2662 2759/2759/2759 2760/2760/2760
f 2662/2662/2662 2760/2760/2760 2663/2663/2663
f 2663/2663/2663 2760/2760/2760 2761/2761/2761
f 2663/2663/2663 2761/2761/2761 2664/2664/2664
f 2664/2664/2664 2761/2761/2761 2762/2762/2762
f 2664/2664/2664 2762/2762/2762 2665/2665/2665
f 2665/2665/2665 2762/2762/2762 2763/2763/2763
f 2665/2665/2665 2763/2763/2763 2666/2666/2666
f 2666/2666/2666 2763/2763/2763 2764/2764/2764
f 2666/2666/2666 2764/2764/2764 2667/2667/2667
f 2667/2667/2667 2764/2764/2764 2765/2765/2765
f 2667/2667/2667 2765/2765/2765 2668/2668/2668
f 2668/2668/2668 2765/2765/2765 2766/2766/2766
f 2668/2668/2668 2766/2766/2766 2669/2669/2669
f 2669/2669/2669 2766/2766/2766 2767/2767/2767
f 2669/2669/2669 2767/2767/2767 2670/2670/2670
f 2670/2670/2670 2767/2767/2767 2768/2768/2768
f 2670/2670/2670 2768/2768/2768 2671/2671/2671
f 2671/2671/2671 2768/2768/2768 2769/2769/2769
f 2671/2671/2671 2769/2769/2769 2672/2672/2672
f 2672/2672/2672 2769/2769/2769 2770/2770/2770
f 2672/2672/2672 2770/2770/2770 2673/2673/2673
f 2673/2673/2673 2770/2770/2770 2771/2771/2771
f 2673/2673/2673 2771/2771/2771 2674/2674/2674
f 2674/2674/2674 2771/2771/2771 2772/2772/2772
f 2674/2674/2674 2772/2772/2772 2675/2675/2675
f 2675/2675/2675 2772/2772/2772 2773/2773/2773
f 2675/2675/2675 2773/2773/2773 2676/2676/2676
f 2676/2676/2676 2773/2773/2773 2774/2774/2774
f 2676/2676/2676 2774/2774/2774 2677/2677/2677
f 2677/2677/2677 2774/2774/2774 2775/2775/2775
f 2677/2677/2677 2775/2775/2775 2678/2678/2678
f 2678/2678/2678 2775/2775/2775 2776/2776/2776
f 2678/2678/2678 2776/2776/2776 2679/2679/2679
f 2679/2679/2679 2776/2776/2776 2777/2777/2777
f 2679/2679/2679 2777/2777/2777 2680/2680/2680
f 2680/2680/2680 2777/2777/2777 2778/2778/2778
f 2680/2680/2680 2778/2778/2778 2681/2681/2681
f 2681/2681/2681 2778/2778/2778 2779/2779/2779
f 2681/2681/2681 2779/2779/2779 2682/2682/2682
f 2682/2682/2682 2779/2779/2779 2780/2780/2780
f 2682/2682/2682 2780/2780/2780 2683/2683/2683
f 2683/2683/2683 2780/2780/2780 2781/2781/2781
f 2683/2683/2683 2781/2781/2781 2684/2684/2684
f 2684/2684/2684 2781/2781/2781 2782/2782/2782
f 2684/2684/2684 2782/2782/2782 2685/2685/2685
f 2685/2685/2685 2782/2782/2782 2783/2783/2783
f 2685/2685/2685 2783/2783/2783 2686/2686/2686
f 2686/2686/2686 2783/2783/2783 2784/2784/2784
f 2686/2686/2686 2784/2784/2784 2687/2687/2687
f 2687/2687/2687 2784/2784/2784 2785/2785/2785
f 2687/2687/2687 2785/2785/2785 2688/2688/2688
f 2688/2688/2688 2785/2785/2785 2786/2786/2786
f 2688/2688/2688 2786/2786/2786 2689/2689/2689
f 2689/2689/2689 2786/2786/2786 2787/2787/2787
f 2689/2689/2689 2787/2787/2787 2690/2690/2690
f 2690/2690/2690 2787/2787/2787 2788/2788/2788
f 2690/2690/2690 2788/2788/2788 2691/2691/2691
f 2691/2691/2691 2788/2788/2788 2789/2789/2789
f 2691/2691/2691 2789/2789/2789 2692/2692/2692
f 2692/2692/2692 2789/2789/2789 2790/2790/2790
f 2692/2692/2692 2790/2790/2790 2693/2693/2693
f 2693/2693/2693 2790/2790/2790 2791/2791/2791
f 2693/2693/2693 2791/2791/2791 2694/2694/2694
f 2694/2694/2694 2791/2791/2791 2792/2792/2792
f 2694/2694/2694 2792/2792/2792 2695/2695/2695
f 2695/2695/2695 2792/2792/2792 2793/2793/2793
f 2695/2695/2695 2793/2793/2793 2696/2696/2696
f 2696/2696/2696 2793/2793/2793 2794/2794/2794
f 2696/2696/2696 2794/2794/2794 2697/2697/2697
f 2697/2697/2697 2794/2794/2794 2795/2795/2795
f 2697/2697/2697 2795/2795/2795 2698/2698/2698
f 2698/2698/2698 2795/2795/2795 2796/2796/2796
f 2698/2698/2698 2796/2796/2796 2699/2699/2699
f 2699/2699/2699 2796/2796/2796 2797/2797/2797
f 2699/2699/2699 2797/2797/2797 2700/2700/2700
f 2700/2700/2700 2797/2797/2797 2798/2798/2798
f 2700/2700/2700 2798/2798/2798 2701/2701/2701
f 2701/2701/2701 2798/2798/2798 2799/2799/2799
f 2701/2701/2701 2799/2799/2799 2702/2702/2702
f 2702/2702/2702 2799/2799/2799 2800/2800/2800
f 2702/2702/2702 2800/2800/2800 2703/2703/2703
f 2703/2703/2703 2800/2800/2800 2801/2801/2801
f 2703/2703/2703 2801/2801/2801 2704/2704/2704
f 2704/2704/2704 2801/2801/2801 2802/2802/2802
f 2704/2704/2704 2802/2802/2802 2705/2705/2705
f 2705/2705/2705 2802/2802/2802 2803/2803/2803
f 2705/2705/2705 2803/2803/2803 2706/2706/2706
f 2706/2706/2706 2803/2803/2803 2804/2804/2804
f 2706/2706/2706 2804/2804/2804 2707/2707/2707
f 2707/2707/2707 2804/2804/2804 2805/2805/2805
f 2707/2707/2707 2805/2805/2805 2708/2708/2708
f 2708/2708/2708 2805/2805/2805 2806/2806/2806
f 2708/2708/2708 2806/2806/2806 2709/2709/2709
f 2709/2709/2709 2806/2806/2806 2807/2807/2807
f 2709/2709/2709 2807/2807/2807 2710/2710/2710
f 2710/2710/2710 2807/2807/2807 2808/2808/2808
f 2710/2710/2710 2808/2808/2808 2711/2711/2711
f 2711/2711/2711 2808/2808/2808 2809/2809/2809
f 2711/2711/2711 2809/2809/2809 2712/2712/2712
f 2712/2712/2712 2809/2809/2809 2810/2810/2810
f 2712/2712/2712 2810/2810/2810 2713/2713/2713
f 2713/2713/2713 2810/2810/2810 2811/2811/2811
f 2713/2713/2713 2811/2811/2811 2714/2714/2714
f 2714/2714/2714 2811/2811/2811 2812/2812/2812
f 2714/2714/2714 2812/2812/2812 2715/2715/2715
f 2716/2716/2716 2813/2813/2813 2814/2814/2814
f 2716/2716/2716 2814/2814/2814 2717/2717/2717
f 2717/2717/2717 2814/2814/2814 2815/2815/2815
f 2717/2717/2717 2815/2815/2815 2718/2718/2718
f 2718/2718/2718 2815/2815/2815 2816/2816/2816
f 2718/2718/2718 2816/2816/2816 2719/2719/2719
f 2719/2719/2719 2816/2816/2816 2817/2817/2817
f 2719/2719/2719 2817/2817/2817 2720/2720/2720
f 2720/2720/2720 2817/2817/2817 2818/2818/2818
f 2720/2720/2720 2818/2818/2818 2721/2721/2721
f 2721/2721/2721 2818/2818/2818 2819/2819/2819
f 2721/2721/2721 2819/2819/2819 2722/2722/2722
f 2722/2722/2722 2819/2819/2819 2820/2820/2820
f 2722/2722/2722 2820/2820/2820 2723/2723/2723
f 2723/2723/2723 2820/2820/2820 2821/2821/2821
f 2723/2723/2723 2821/2821/2821 2724/2724/2724
f 2724/2724/2724 2821/2821/2821 2822/2822/2822
f 2724/2724/2724 2822/2822/2822 2725/2725/2725
f 2725/2725/2725 2822/2822/2822 2823/2823/2823
f 2725/2725/2725 2823/2823/2823 2726/2726/2726
f 2726/2726/2726 2823/2823/2823 2824/2824/2824
f 2726/2726/2726 2824/2824/2824 2727/2727/2727
f 2727/2727/2727 2824/2824/2824 2825/2825/2825
f 2727/2727/2727 2825/2825/2825 2728/2728/2728
f 2728/2728/2728 2825/2825/2825 2826/2826/2826
f 2728/2728/2728 2826/2826/2826 2729/2729/2729
f 2729/2729/2729 2826/2826/2826 2827/2827/2827
f 2729/2729/2729 2827/2827/2827 2730/2730/2730
f 2730/2730/2730 2827/2827/2827 2828/2828/2828
f 2730/2730/2730 2828/2828/2828 2731/2731/2731
f 2731/2731/2731 2828/2828/2828 2829/2829/2829
f 2731/2731/2731 2829/2829/2829 2732/2732/2732
f 2732/2732/2732 2829/2829/2829 2830/2830/2830
f 2732/2732/2732 2830/2830/2830 2733/2733/2733
f 2733/2733/2733 2830/2830/2830 2831/2831/2831
f 2733/2733/2733 2831/2831/2831 2734/2734/2734
f 2734/2734/2734 2831/2831/2831 2832/2832/2832
f 2734/2734/2734 2832/2832/2832 2735/2735/2735
f 2735/2735/2735 2832/2832/2832 2833/2833/2833
f 2735/2735/2735 2833/2833/2833 2736/2736/2736
f 2736/2736/2736 2833/2833/2833 2834/2834/2834
f 2736/2736/2736 2834/2834/2834 2737/2737/2737
f 2737/2737/2737 2834/2834/2834 2835/2835/2835
f 2737/2737/2737 2835/2835/2835 2738/2738/2738
f 2738/2738/2738 2835/2835/2835 2836/2836/2836
f 2738/2738/2738 2836/2836/2836 2739/2739/2739
f 2739/2739/2739 2836/2836/2836 2837/2837/2837
f 2739/2739/2739 2837/2837/2837 2740/2740/2740
f 2740/2740/2740 2837/2837/2837 2838/2838/2838
f 2740/2740/2740 2838/2838/2838 2741/2741/2741
f 2741/2741/2741 2838/2838/2838 2839/2839/2839
f 2741/2741/2741 2839/2839/2839 2742/2742/2742
f 2742/2742/2742 2839/2839/2839 2840/2840/2840
f 2742/2742/2742 2840/2840/2840 2743/2743/2743
f 2743/2743/2743 2840/2840/2840 2841/2841/2841
f 2743/2743/2743 2841/2841/2841 2744/2744/2744
f 2744/2744/2744 2841/2841/2841 2842/2842/2842
f 2744/2744/2744 2842/2842/2842 2745/2745/2745
f 2745/2745/2745 2842/2842/2842 2843/2843/2843
f 2745/2745/2745 2843/2843/2843 2746/2746/2746
f 2746/2746/2746 2843/2843/2843 2844/2844/2844
f 2746/2746/2746 2844/2844/2844 2747/2747/2747
f 2747/2747/2747 2844/2844/2844 2845/2845/2845
f 2747/2747/2747 2845/2845/2845 2748/2748/2748
f 2748/2748/2748 2845/2845/2845 2846/2846/2846
f 2748/2748/2748 2846/2846/2846 2749/2749/2749
f 2749/2749/2749 2846/2846/2846 2847/2847/2847
f 2749/2749/2749 2847/2847/2847 2750/2750/2750
f 2750/2750/2750 2847/2847/2847 2848/2848/2848
f 2750/2750/2750 2848/2848/2848 2751/2751/2751
f 2751/2751/2751 2848/2848/2848 2849/2849/2849
f 2751/2751/2751 2849/2849/2849 2752/2752/2752
f 2752/2752/2752 2849/2849/2849 2850/2850/2850
f 2752/2752/2752 2850/2850/2850 2753/2753/2753
f 2753/2753/2753 2850/2850/2850 2851/2851/2851
f 2753/2753/2753 2851/2851/2851 2754/2754/2754
f 2754/2754/2754 2851/2851/2851 2852/2852/2852
f 2754/2754/2754 2852/2852/2852 2755/2755/2755
f 2755/2755/2755 2852/2852/2852 2853/2853/2853
f 2755/2755/2755 2853/2853/2853 2756/2756/2756
f 2756/2756/2756 2853/2853/2853 2854/2854/2854
f 2756/2756/2756 2854/2854/2854 2757/2757/2757
f 2757/2757/2757 2854/2854/2854 2855/2855/2855
f 2757/2757/2757 2855/2855/2855 2758/2758/2758
f 2758/2758/2758 2855/2855/2855 2856/2856/2856
f 2758/2758/2758 2856/2856/2856 2759/2759/2759
f 2759/2759/2759 2856/2856/2856 2857/2857/2857
f 2759/2759/2759 2857/2857/2857 2760/2760/2760
f 2760/2760/2760 2857/2857/2857 2858/2858/2858
f 2760/2760/2760 2858/2858/2858 2761/2761/2761
f 2761/2761/2761 2858/2858/2858 2859/2859/2859
f 2761/2761/2761 2859/2859/2859 2762/2762/2762
f 2762/2762/2762 2859/2859/2859 2860/2860/2860
f 2762/2762/2762 2860/2860/2860 2763/2763/2763
f 2763/2763/2763 2860/2860/2860 2861/2861/2861
f 2763/2763/2763 2861/2861/2861 2764/2764/2764
f 2764/2764/2764 2861/2861/2861 2862/2862/2862
f 2764/2764/2764 2862/2862/2862 2765/2765/2765
f 2765/2765/2765 2862/2862/2862 2863/2863/2863
f 2765/2765/2765 2863/2863/2863 2766/2766/2766
f 2766/2766/2766 2863/2863/2863 2864/2864/2864
f 2766/2766/2766 2864/2864/2864 2767/2767/2767
f 2767/2767/2767 2864/2864/2864 2865/2865/2865
f 2767/2767/2767 2865/2865/2865 2768/2768/2768
f 2768/2768/2768 2865/2865/2865 2866/2866/2866
f 2768/2768/2768 2866/2866/2866 2769/2769/2769
f 2769/2769/2769 2866/2866/2866 2867/2867/2867
f 2769/2769/2769 2867/2867/2867 2770/2770/2770
f 2770/2770/2770 2867/2867/2867 2868/2868/2868
f 2770/2770/2770 2868/2868/2868 2771/2771/2771
f 2771/2771/2771 2868/2868/2868 2869/2869/2869
f 2771/2771/2771 2869/2869/2869 2772/2772/2772
f 2772/2772/2772 2869/2869/2869 2870/2870/2870
f 2772/2772/2772 2870/2870/2870 2773/2773/2773
f 2773/2773/2773 2870/2870/2870 2871/2871/2871
f 2773/2773/2773 2871/2871/2871 2774/2774/2774
f 2774/2774/2774 2871/2871/2871 2872/2872/2872
f 2774/2774/2774 2872/2872/2872 2775/2775/2775
f 2775/2775/2775 2872/2872/2872 2873/2873/2873
f 2775/2775/2775 2873/2873/2873 2776/2776/2776
f 2776/2776/2776 2873/2873/2873 2874/2874/2874
f 2776/2776/2776 2874/2874/2874 2777/2777/2777
f 2777/2777/2777 2874/2874/2874 2875/2875/2875
f 2777/2777/2777 2875/2875/2875 2778/2778/2778
f 2778/2778/2778 2875/2875/2875 2876/2876/2876
f 2778/2778/2778 2876/2876/2876 2779/2779/2779
f 2779/2779/2779 2876/2876/2876 2877/2877/2877
f 2779/2779/2779 2877/2877/2877 2780/2780/2780
f 2780/2780/2780 2877/2877/2877 2878/2878/2878
f 2780/2780/2780 2878/2878/2878 2781/2781/2781
f 2781/2781/2781 2878/2878/2878 2879/2879/2879
f 2781/2781/2781 2879/2879/2879 2782/2782/2782
f 2782/2782/2782 2879/2879/2879 2880/2880/2880
f 2782/2782/2782 2880/2880/2880 2783/2783/2783
f 2783/2783/2783 2880/2880/2880 2881/2881/2881
f 2783/2783/2783 2881/2881/2881 2784/2784/2784
f 2784/2784/2784 2881/2881/2881 2882/2882/2882
f 2784/2784/2784 2882/2882/2882 2785/2785/2785
f 2785/2785/2785 2882/2882/2882 2883/2883/2883
f 2785/2785/2785 2883/2883/2883 2786/2786/2786
f 2786/2786/2786 2883/2883/2883 2884/2884/2884
f 2786/2786/2786 2884/2884/2884 2787/2787/2787
f 2787/2787/2787 2884/2884/2884 2885/2885/2885
f 2787/2787/2787 2885/2885/2885 2788/2788/2788
f 2788/2788/2788 2885/2885/2885 2886/2886/2886
f 2788/2788/2788 2886/2886/2886 2789/2789/2789
f 2789/2789/2789 2886/2886/2886 2887/2887/2887
f 2789/2789/2789 2887/2887/2887 2790/2790/2790
f 2790/2790/2790 2887/2887/2887 2888/2888/2888
f 2790/2790/2790 2888/2888/2888 2791/2791/2791
f 2791/2791/2791 2888/2888/2888 2889/2889/2889
f 2791/2791/2791 2889/2889/2889 2792/2792/2792
f 2792/2792/2792 2889/2889/2889 2890/2890/2890
f 2792/2792/2792 2890/2890/2890 2793/2793/2793
f 2793/2793/2793 2890/2890/2890 2891/2891/2891
f 2793/2793/2793 2891/2891/2891 2794/2794/2794
f 2794/2794/2794 2891/2891/2891 2892/2892/2892
f 2794/2794/2794 2892/2892/2892 2795/2795/2795
f 2795/2795/2795 2892/2892/2892 2893/2893/2893
f 2795/2795/2795 2893/2893/2893 2796/2796/2796
f 2796/2796/2796 2893/2893/2893 2894/2894/2894
f 2796/2796/2796 2894/2894/2894 2797/2797/2797
f 2797/2797/2797 2894/2894/2894 2895/2895/2895
f 2797/2797/2797 2895/2895/2895 2798/2798/2798
f 2798/2798/2798 2895/2895/2895 2896/2896/2896
f 2798/2798/2798 2896/2896/2896 2799/2799/2799
f 2799/2799/2799 2896/2896/2896 2897/2897/2897
f 2799/2799/2799 2897/2897/2897 2800/2800/2800
f 2800/2800/2800 2897/2897/2897 2898/2898/2898
f 2800/2800/2800 2898/2898/2898 2801/2801/2801
f 2801/2801/2801 2898/2898/2898 2899/2899/2899
f 2801/2801/2801 2899/2899/2899 2802/2802/2802
f 2802/2802/2802 2899/2899/2899 2900/2900/2900
f 2802/2802/2802 2900/2900/2900 2803/2803/2803
f 2803/2803/2803 2900/2900/2900 2901/2901/2901
f 2803/2803/2803 2901/2901/2901 2804/2804/2804
f 2804/2804/2804 2901/2901/2901 2902/2902/2902
f 2804/2804/2804 2902/2902/2902 2805/2805/2805
f 2805/2805/2805 2902/2902/2902 2903/2903/2903
f 2805/2805/2805 2903/2903/2903 2806/2806/2806
f 2806/2806/2806 2903/2903/2903 2904/2904/2904
f 2806/2806/2806 2904/2904/2904 2807/2807/2807
f 2807/2807/2807 2904/2904/2904 2905/2905/2905
f 2807/2807/2807 2905/2905/2905 2808/2808/2808
f 2808/2808/2808 2905/2905/2905 2906/2906/2906
f 2808/2808/2808 2906/2906/2906 2809/2809/2809
f 2809/2809/2809 2906/2906/2906 2907/2907/2907
f 2809/2809/2809 2907/2907/2907 2810/2810/2810
f 2810/2810/2810 2907/2907/2907 2908/2908/2908
f 2810/2810/2810 2908/2908/2908 2811/2811/2811
f 2811/2811/2811 2908/2908/2908 2909/2909/2909
f 2811/2811/2811 2909/2909/2909 2812/2812/2812
f 2813/2813/2813 2910/2910/2910 2911/2911/2911
f 2813/2813/2813 2911/2911/2911 2814/2814/2814
f 2814/2814/2814 2911/2911/2911 2912/2912/2912
f 2814/2814/2814 2912/2912/2912 2815/2815/2815
f 2815/2815/2815 2912/2912/2912 2913/2913/2913
f 2815/2815/2815 2913/2913/2913 2816/2816/2816
f 2816/2816/2816 2913/2913/2913 2914/2914/2914
f 2816/2816/2816 2914/2914/2914 2817/2817/2817
f 2817/2817/2817 2914/2914/2914 2915/2915/2915
f 2817/2817/2817 2915/2915/2915 2818/2818/2818
f 2818/2818/2818 2915/2915/2915 2916/2916/2916
f 2818/2818/2818 2916/2916/2916 2819/2819/2819
f 2819/2819/2819 2916/2916/2916 2917/2917/2917
f 2819/2819/2819 2917/2917/2917 2820/2820/2820
f 2820/2820/2820 2917/2917/2917 2918/2918/2918
f 2820/2820/2820 2918/2918/2918 2821/2821/2821
f 2821/2821/2821 2918/2918/2918 2919/2919/2919
f 2821/2821/2821 2919/2919/2919 2822/2822/2822
f 2822/2822/2822 2919/2919/2919 2920/2920/2920
f 2822/2822/2822 2920/2920/2920 2823/2823/2823
f 2823/2823/2823 2920/2920/2920 2921/2921/2921
f 2823/2823/2823 2921/2921/2921 2824/2824/2824
f 2824/2824/2824 2921/2921/2921 2922/2922/2922
f 2824/2824/2824 2922/2922/2922 2825/2825/2825
f 2825/2825/2825 2922/2922/2922 2923/2923/2923
f 2825/2825/2825 2923/2923/2923 2826/2826/2826
f 2826/2826/2826 2923/2923/2923 2924/2924/2924
f 2826/2826/2826 2924/2924/2924 2827/2827/2827
f 2827/2827/2827 2924/2924/2924 2925/2925/2925
f 2827/2827/2827 2925/2925/2925 2828/2828/2828
f 2828/2828/2828 2925/2925/2925 2926/2926/2926
f 2828/2828/2828 2926/2926/2926 2829/2829/2829
f 2829/2829/2829 2926/2926/2926 2927/2927/2927
f 2829/2829/2829 2927/2927/2927 2830/2830/2830
f 2830/2830/2830 2927/2927/2927 2928/2928/2928
f 2830/2830/2830 2928/2928/2928 2831/2831/2831
f 2831/2831/2831 2928/2928/2928 2929/2929/2929
f 2831/2831/2831 2929/2929/2929 2832/2832/2832
f 2832/2832/2832 2929/2929/2929 2930/2930/2930
f 2832/2832/2832 2930/2930/2930 2833/2833/2833
f 2833/2833/2833 2930/2930/2930 2931/2931/2931
f 2833/2833/2833 2931/2931/2931 2834/2834/2834
f 2834/2834/2834 2931/2931/2931 2932/2932/2932
f 2834/2834/2834 2932/2932/2932 2835/2835/2835
f 2835/2835/2835 2932/2932/2932 2933/2933/2933
f 2835/2835/2835 2933/2933/2933 2836/2836/2836
f 2836/2836/2836 2933/2933/2933 2934/2934/2934
f 2836/2836/2836 2934/2934/2934 2837/2837/2837
f 2837/2837/2837 2934/2934/2934 2935/2935/2935
f 2837/2837/2837 2935/2935/2935 2838/2838/2838
f 2838/2838/2838 2935/2935/2935 2936/2936/2936
f 2838/2838/2838 2936/2936/2936 2839/2839/2839
f 2839/2839/2839 2936/2936/2936 2937/2937/2937
f 2839/2839/2839 2937/2937/2937 2840/2840/2840
f 2840/2840/2840 2937/2937/2937 2938/2938/2938
f 2840/2840/2840 2938/2938/2938 2841/2841/2841
f 2841/2841/2841 2938/2938/2938 2939/2939/2939
f 2841/2841/2841 2939/2939/2939 2842/2842/2842
f 2842/2842/2842 2939/2939/2939 2940/2940/2940
f 2842/2842/2842 2940/2940/2940 2843/2843/2843
f 2843/2843/2843 2940/2940/2940 2941/2941/2941
f 2843/2843/2843 2941/2941/2941 2844/2844/2844
f 2844/2844/2844 2941/2941/2941 2942/2942/2942
f 2844/2844/2844 2942/2942/2942 2845/2845/2845
f 2845/2845/2845 2942/2942/2942 2943/2943/2943
f 2845/2845/2845 2943/2943/2943 2846/2846/2846
f 2846/2846/2846 2943/2943/2943 2944/2944/2944
f 2846/2846/2846 2944/2944/2944 2847/2847/2847
f 2847/2847/2847 2944/2944/2944 2945/2945/2945
f 2847/2847/2847 2945/2945/2945 2848/2848/2848
f 2848/2848/2848 2945/2945/2945 2946/2946/2946
f 2848/2848/2848 2946/2946/2946 2849/2849/2849
f 2849/2849/2849 2946/2946/2946 2947/2947/2947
f 2849/2849/2849 2947/2947/2947 2850/2850/2850
f 2850/2850/2850 2947/2947/2947 2948/2948/2948
f 2850/2850/2850 2948/2948/2948 2851/2851/2851
f 2851/2851/2851 2948/2948/2948 2949/2949/2949
f 2851/2851/2851 2949/2949/2949 2852/2852/2852
f 2852/2852/2852 2949/2949/2949 2950/2950/2950
f 2852/2852/2852 2950/2950/2950 2853/2853/2853
f 2853/2853/2853 2950/2950/2950 2951/2951/2951
f 2853/2853/2853 2951/2951/2951 2854/2854/2854
f 2854/2854/2854 2951/2951/2951 2952/2952/2952
f 2854/2854/2854 2952/2952/2952 2855/2855/2855
f 2855/2855/2855 2952/2952/2952 2953/2953/2953
f 2855/2855/2855 2953/2953/2953 2856/2856/2856
f 2856/2856/2856 2953/2953/2953 2954/2954/2954
f 2856/2856/2856 2954/2954/2954 2857/2857/2857
f 2857/2857/2857 2954/2954/2954 2955/2955/2955
f 2857/2857/2857 2955/2955/2955 2858/2858/2858
f 2858/2858/2858 2955/2955/2955 2956/2956/2956
f 2858/2858/2858 2956/2956/2956 2859/2859/2859
f 2859/2859/2859 2956/2956/2956 2957/2957/2957
f 2859/2859/2859 2957/2957/2957 2860/2860/2860
f 2860/2860/2860 2957/2957/2957 2958/2958/2958
f 2860/2860/2860 2958/2958/2958 2861/2861/2861
f 2861/2861/2861 2958/2958/2958 2959/2959/2959
f 2861/2861/2861 2959/2959/2959 2862/2862/2862
f 2862/2862/2862 2959/2959/2959 2960/2960/2960
f 2862/2862/2862 2960/2960/2960 2863/2863/2863
f 2863/2863/2863 2960/2960/2960 2961/2961/2961
f 2863/2863/2863 2961/2961/2961 2864/2864/2864
f 2864/2864/2864 2961/2961/2961 2962/2962/2962
f 2864/2864/2864 2962/2962/2962 2865/2865/2865
f 2865/2865/2865 2962/2962/2962 2963/2963/2963
f 2865/2865/2865 2963/2963/2963 2866/2866/2866
f 2866/2866/2866 2963/2963/2963 2964/2964/2964
f 2866/2866/2866 2964/2964/2964 2867/2867/2867
f 2867/2867/2867 2964/2964/2964 2965/2965/2965
f 2867/2867/2867 2965/2965/2965 2868/2868/2868
f 2868/2868/2868 2965/2965/2965 2966/2966/2966
f 2868/2868/2868 2966/2966/2966 2869/2869/2869
f 2869/2869/2869 2966/2966/2966 2967/2967/2967
f 2869/2869/2869 2967/2967/2967 2870/2870/2870
f 2870/2870/2870 2967/2967/2967 2968/2968/2968
f 2870/2870/2870 2968/2968/2968 2871/2871/2871
f 2871/2871/2871 2968/2968/2968 2969/2969/2969
f 2871/2871/2871 2969/2969/2969 2872/2872/2872
f 2872/2872/2872 2969/2969/2969 2970/2970/2970
f 2872/2872/2872 2970/2970/2970 2873/2873/2873
f 2873/2873/2873 2970/2970/2970 2971/2971/2971
f 2873/2873/2873 2971/2971/2971 2874/2874/2874
f 2874/2874/2874 2971/2971/2971 2972/2972/2972
f 2874/2874/2874 2972/2972/2972 2875/2875/2875
f 2875/2875/2875 2972/2972/2972 2973/2973/2973
f 2875/2875/2875 2973/2973/2973 2876/2876/2876
f 2876/2876/2876 2973/2973/2973 2974/2974/2974
f 2876/2876/2876 2974/2974/2974 2877/2877/2877
f 2877/2877/2877 2974/2974/2974 2975/2975/2975
f 2877/2877/2877 2975/2975/2975 2878/2878/2878
f 2878/2878/2878 2975/2975/2975 2976/2976/2976
f 2878/2878/2878 2976/2976/2976 2879/2879/2879
f 2879/2879/2879 2976/2976/2976 2977/2977/2977
f 2879/2879/2879 2977/2977/2977 2880/2880/2880
f 2880/2880/2880 2977/2977/2977 2978/2978/2978
f 2880/2880/2880 2978/2978/2978 2881/2881/2881
f 2881/2881/2881 2978/2978/2978 2979/2979/2979
f 2881/2881/2881 2979/2979/2979 2882/2882/2882
f 2882/2882/2882 2979/2979/2979 2980/2980/2980
f 2882/2882/2882 2980/2980/2980 2883/2883/2883
f 2883/2883/2883 2980/2980/2980 2981/2981/2981
f 2883/2883/2883 2981/2981/2981 2884/2884/2884
f 2884/2884/2884 2981/2981/2981 2982/2982/2982
f 2884/2884/2884 2982/2982/2982 2885/2885/2885
f 2885/2885/2885 2982/2982/2982 2983/2983/2983
f 2885/2885/2885 2983/2983/2983 2886/2886/2886
f 2886/2886/2886 2983/2983/2983 2984/2984/2984
f 2886/2886/2886 2984/2984/2984 2887/2887/2887
f 2887/2887/2887 2984/2984/2984 2985/2985/2985
f 2887/2887/2887 2985/2985/2985 2888/2888/2888
f 2888/2888/2888 2985/2985/2985 2986/2986/2986
f 2888/2888/2888 2986/2986/2986 2889/2889/2889
f 2889/2889/2889 2986/2986/2986 2987/2987/2987
f 2889/2889/2889 2987/2987/2987 2890/2890/2890
f 2890/2890/2890 2987/2987/2987 2988/2988/2988
f 2890/2890/2890 2988/2988/2988 2891/2891/2891
f 2891/2891/2891 2988/2988/2988 2989/2989/2989
f 2891/2891/2891 2989/2989/2989 2892/2892/2892
f 2892/2892/2892 2989/2989/2989 2990/2990/2990
f 2892/2892/2892 2990/2990/2990 2893/2893/2893
f 2893/2893/2893 2990/2990/2990 2991/2991/2991
f 2893/2893/2893 2991/2991/2991 2894/2894/2894
f 2894/2894/2894 2991/2991/2991 2992/2992/2992
f 2894/2894/2894 2992/2992/2992 2895/2895/2895
f 2895/2895/2895 2992/2992/2992 2993/2993/2993
f 2895/2895/2895 2993/2993/2993 2896/2896/2896
f 2896/2896/2896 2993/2993/2993 2994/2994/2994
f 2896/2896/2896 2994/2994/2994 2897/2897/2897
f 2897/2897/2897 2994/2994/2994 2995/2995/2995
f 2897/2897/2897 2995/2995/2995 2898/2898/2898
f 2898/2898/2898 2995/2995/2995 2996/2996/2996
f 2898/2898/2898 2996/2996/2996 2899/2899/2899
f 2899/2899/2899 2996/2996/2996 2997/2997/2997
f 2899/2899/2899 2997/2997/2997 2900/2900/2900
f 2900/2900/2900 2997/2997/2997 2998/2998/2998
f 2900/2900/2900 2998/2998/2998 2901/2901/2901
f 2901/2901/2901 2998/2998/2998 2999/2999/2999
f 2901/2901/2901 2999/2999/2999 2902/2902/2902
f 2902/2902/2902 2999/2999/2999 3000/3000/3000
f 2902/2902/2902 3000/3000/3000 2903/2903/2903
f 2903/2903/2903 3000/3000/3000 3001/3001/3001
f 2903/2903/2903 3001/3001/3001 2904/2904/2904
f 2904/2904/2904 3001/3001/3001 3002/3002/3002
f 2904/2904/2904 3002/3002/3002 2905/2905/2905
f 2905/2905/2905 3002/3002/3002 3003/3003/3003
f 2905/2905/2905 3003/3003/3003 2906/2906/2906
f 2906/2906/2906 3003/3003/3003 3004/3004/3004
f 2906/2906/2906 3004/3004/3004 2907/2907/2907
f 2907/2907/2907 3004/3004/3004 3005/3005/3005
f 2907/2907/2907 3005/3005/3005 2908/2908/2908
f 2908/2908/2908 3005/3005/3005 3006/3006/3006
f 2908/2908/2908 3006/3006/3006 2909/2909/2909
f 2910/2910/2910 3007/3007/3007 3008/3008/3008
f 2910/2910/2910 3008/3008/3008 2911/2911/2911
f 2911/2911/2911 3008/3008/3008 3009/3009/3009
f 2911/2911/2911 3009/3009/3009 2912/2912/2912
f 2912/2912/2912 3009/3009/3009 3010/3010/3010
f 2912/2912/2912 3010/3010/3010 2913/2913/2913
f 2913/2913/2913 3010/3010/3010 3011/3011/3011
f 2913/2913/2913 3011/3011/3011 2914/2914/2914
f 2914/2914/2914 3011/3011/3011 3012/3012/3012
f 2914/2914/2914 3012/3012/3012 2915/2915/2915
f 2915/2915/2915 3012/3012/3012 3013/3013/3013
f 2915/2915/2915 3013/3013/3013 2916/2916/2916
f 2916/2916/2916 3013/3013/3013 3014/3014/3014
f 2916/2916/2916 3014/3014/3014 2917/2917/2917
f 2917/2917/2917 3014/3014/3014 3015/3015/3015
f 2917/2917/2917 3015/3015/3015 2918/2918/2918
f 2918/2918/2918 3015/3015/3015 3016/3016/3016
f 2918/2918/2918 3016/3016/3016 2919/2919/2919
f 2919/2919/2919 3016/3016/3016 3017/3017/3017
f 2919/2919/2919 3017/3017/3017 2920/2920/2920
f 2920/2920/2920 3017/3017/3017 3018/3018/3018
f 2920/2920/2920 3018/3018/3018 2921/2921/2921
f 2921/2921/2921 3018/3018/3018 3019/3019/3019
f 2921/2921/2921 3019/3019/3019 2922/2922/2922
f 2922/2922/2922 3019/3019/3019 3020/3020/3020
f 2922/2922/2922 3020/3020/3020 2923/2923/2923
f 2923/2923/2923 3020/3020/3020 3021/3021/3021
f 2923/2923/2923 3021/3021/3021 2924/2924/2924
f 2924/2924/2924 3021/3021/3021 3022/3022/3022
f 2924/2924/2924 3022/3022/3022 2925/2925/2925
f 2925/2925/2925 3022/3022/3022 3023/3023/3023
f 2925/2925/2925 3023/3023/3023 2926/2926/2926
f 2926/2926/2926 3023/3023/3023 3024/3024/3024
f 2926/2926/2926 3024/3024/3024 2927/2927/2927
f 2927/2927/2927 3024/3024/3024 3025/3025/3025
f 2927/2927/2927 3025/3025/3025 2928/2928/2928
f 2928/2928/2928 3025/3025/3025 3026/3026/3026
f 2928/2928/2928 3026/3026/3026 2929/2929/2929
f 2929/2929/2929 3026/3026/3026 3027/3027/3027
f 2929/2929/2929 3027/3027/3027 2930/2930/2930
f 2930/2930/2930 3027/3027/3027 3028/3028/3028
f 2930/2930/2930 3028/3028/3028 2931/2931/2931
f 2931/2931/2931 3028/3028/3028 3029/3029/3029
f 2931/2931/2931 3029/3029/3029 2932/2932/2932
f 2932/2932/2932 3029/3029/3029 3030/3030/3030
f 2932/2932/2932 3030/3030/3030 2933/2933/2933
f 2933/2933/2933 3030/3030/3030 3031/3031/3031
f 2933/2933/2933 3031/3031/3031 2934/2934/2934
f 2934/2934/2934 3031/3031/3031 3032/3032/3032
f 2934/2934/2934 3032/3032/3032 2935/2935/2935
f 2935/2935/2935 3032/3032/3032 3033/3033/3033
f 2935/2935/2935 3033/3033/3033 2936/2936/2936
f 2936/2936/2936 3033/3033/3033 3034/3034/3034
f 2936/2936/2936 3034/3034/3034 2937/2937/2937
f 2937/2937/2937 3034/3034/3034 3035/3035/3035
f 2937/2937/2937 3035/3035/3035 2938/2938/2938
f 2938/2938/2938 3035/3035/3035 3036/3036/3036
f 2938/2938/2938 3036/3036/3036 2939/2939/2939
f 2939/2939/2939 3036/3036/3036 3037/3037/3037
f 2939/2939/2939 3037/3037/3037 2940/2940/2940
f 2940/2940/2940 3037/3037/3037 3038/3038/3038
f 2940/2940/2940 3038/3038/3038 2941/2941/2941
f 2941/2941/2941 3038/3038/3038 3039/3039/3039
f 2941/2941/2941 3039/3039/3039 2942/2942/2942
f 2942/2942/2942 3039/3039/3039 3040/3040/3040
f 2942/2942/2942 3040/3040/3040 2943/2943/2943
f 2943/2943/2943 3040/3040/3040 3041/3041/3041
f 2943/2943/2943 3041/3041/3041 2944/2944/2944
f 2944/2944/2944 3041/3041/3041 3042/3042/3042
f 2944/2944/2944 3042/3042/3042 2945/2945/2945
f 2945/2945/2945 3042/3042/3042 3043/3043/3043
f 2945/2945/2945 3043/3043/3043 2946/2946/2946
f 2946/2946/2946 3043/3043/3043 3044/3044/3044
f 2946/2946/2946 3044/3044/3044 2947/2947/2947
f 2947/2947/2947 3044/3044/3044 3045/3045/3045
f 2947/2947/2947 3045/3045/3045 2948/2948/2948
f 2948/2948/2948 3045/3045/3045 3046/3046/3046
f 2948/2948/2948 3046/3046/3046 2949/2949/2949
f 2949/2949/2949 3046/3046/3046 3047/3047/3047
f 2949/2949/2949 3047/3047/3047 2950/2950/2950
f 2950/2950/2950 3047/3047/3047 3048/3048/3048
f 2950/2950/2950 3048/3048/3048 2951/2951/2951
f 2951/2951/2951 3048/3048/3048 3049/3049/3049
f 2951/2951/2951 3049/3049/3049 2952/2952/2952
f 2952/2952/2952 3049/3049/3049 3050/3050/3050
f 2952/2952/2952 3050/3050/3050 2953/2953/2953
f 2953/2953/2953 3050/3050/3050 3051/3051/3051
f 2953/2953/2953 3051/3051/3051 2954/2954/2954
f 2954/2954/2954 3051/3051/3051 3052/3052/3052
f 2954/2954/2954 3052/3052/3052 2955/2955/2955
f 2955/2955/2955 3052/3052/3052 3053/3053/3053
f 2955/2955/2955 3053/3053/3053 2956/2956/2956
f 2956/2956/2956 3053/3053/3053 3054/3054/3054
f 2956/2956/2956 3054/3054/3054 2957/2957/2957
f 2957/2957/2957 3054/3054/3054 3055/3055/3055
f 2957/2957/2957 3055/3055/3055 2958/2958/2958
f 2958/2958/2958 3055/3055/3055 3056/3056/3056
f 2958/2958/2958 3056/3056/3056 2959/2959/2959
f 2959/2959/2959 3056/3056/3056 3057/3057/3057
f 2959/2959/2959 3057/3057/3057 2960/2960/2960
f 2960/2960/2960 3057/3057/3057 3058/3058/3058
f 2960/2960/2960 3058/3058/3058 2961/2961/2961
f 2961/2961/2961 3058/3058/3058 3059/3059/3059
f 2961/2961/2961 3059/3059/3059 2962/2962/2962
f 2962/2962/2962 3059/3059/3059 3060/3060/3060
f 2962/2962/2962 3060/3060/3060 2963/2963/2963
f 2963/2963/2963 3060/3060/3060 3061/3061/3061
f 2963/2963/2963 3061/3061/3061 2964/2964/2964
f 2964/2964/2964 3061/3061/3061 3062/3062/3062
f 2964/2964/2964 3062/3062/3062 2965/2965/2965
f 2965/2965/2965 3062/3062/3062 3063/3063/3063
f 2965/2965/2965 3063/3063/3063 2966/2966/2966
f 2966/2966/2966 3063/3063/3063 3064/3064/3064
f 2966/2966/2966 3064/3064/3064 2967/2967/2967
f 2967/2967/2967 3064/3064/3064 3065/3065/3065
f 2967/2967/2967 3065/3065/3065 2968/2968/2968
f 2968/2968/2968 3065/3065/3065 3066/3066/3066
f 2968/2968/2968 3066/3066/3066 2969/2969/2969
f 2969/2969/2969 3066/3066/3066 3067/3067/3067
f 2969/2969/2969 3067/3067/3067 2970/2970/2970
f 2970/2970/2970 3067/3067/3067 3068/3068/3068
f 2970/2970/2970 3068/3068/3068 2971/2971/2971
f 2971/2971/2971 3068/3068/3068 3069/3069/3069
f 2971/2971/2971 3069/3069/3069 2972/2972/2972
f 2972/2972/2972 3069/3069/3069 3070/3070/3070
f 2972/2972/2972 3070/3070/3070 2973/2973/2973
f 2973/2973/2973 3070/3070/3070 3071/3071/3071
f 2973/2973/2973 3071/3071/3071 2974/2974/2974
f 2974/2974/2974 3071/3071/3071 3072/3072/3072
f 2974/2974/2974 3072/3072/3072 2975/2975/2975
f 2975/2975/2975 3072/3072/3072 3073/3073/3073
f 2975/2975/2975 3073/3073/3073 2976/2976/2976
f 2976/2976/2976 3073/3073/3073 3074/3074/3074
f 2976/2976/2976 3074/3074/3074 2977/2977/2977
f 2977/2977/2977 3074/3074/3074 3075/3075/3075
f 2977/2977/2977 3075/3075/3075 2978/2978/2978
f 2978/2978/2978 3075/3075/3075 3076/3076/3076
f 2978/2978/2978 3076/3076/3076 2979/2979/2979
f 2979/2979/2979 3076/3076/3076 3077/3077/3077
f 2979/2979/2979 3077/3077/3077 2980/2980/2980
f 2980/2980/2980 3077/3077/3077 3078/3078/3078
f 2980/2980/2980 3078/3078/3078 2981/2981/2981
f 2981/2981/2981 3078/3078/3078 3079/3079/3079
f 2981/2981/2981 3079/3079/3079 2982/2982/2982
f 2982/2982/2982 3079/3079/3079 3080/3080/3080
f 2982/2982/2982 3080/3080/3080 2983/2983/2983
f 2983/2983/2983 3080/3080/3080 3081/3081/3081
f 2983/2983/2983 3081/3081/3081 2984/2984/2984
f 2984/2984/2984 3081/3081/3081 3082/3082/3082
f 2984/2984/2984 3082/3082/3082 2985/2985/2985
f 2985/2985/2985 3082/3082/3082 3083/3083/3083
f 2985/2985/2985 3083/3083/3083 2986/2986/2986
f 2986/2986/2986 3083/3083/3083 3084/3084/3084
f 2986/2986/2986 3084/3084/3084 2987/2987/2987
f 2987/2987/2987 3084/3084/3084 3085/3085/3085
f 2987/2987/2987 3085/3085/3085 2988/2988/2988
f 2988/2988/2988 3085/3085/3085 3086/3086/3086
f 2988/2988/2988 3086/3086/3086 2989/2989/2989
f 2989/2989/2989 3086/3086/3086 3087/3087/3087
f 2989/2989/2989 3087/3087/3087 2990/2990/2990
f 2990/2990/2990 3087/3087/3087 3088/3088/3088
f 2990/2990/2990 3088/3088/3088 2991/2991/2991
f 2991/2991/2991 3088/3088/3088 3089/3089/3089
f 2991/2991/2991 3089/3089/3089 2992/2992/2992
f 2992/2992/2992 3089/3089/3089 3090/3090/3090
f 2992/2992/2992 3090/3090/3090 2993/2993/2993
f 2993/2993/2993 3090/3090/3090 3091/3091/3091
f 2993/2993/2993 3091/3091/3091 2994/2994/2994
f 2994/2994/2994 3091/3091/3091 3092/3092/3092
f 2994/2994/2994 3092/3092/3092 2995/2995/2995
f 2995/2995/2995 3092/3092/3092 3093/3093/3093
f 2995/2995/2995 3093/3093/3093 2996/2996/2996
f 2996/2996/2996 3093/3093/3093 3094/3094/3094
f 2996/2996/2996 3094/3094/3094 2997/2997/2997
f 2997/2997/2997 3094/3094/3094 3095/3095/3095
f 2997/2997/2997 3095/3095/3095 2998/2998/2998
f 2998/2998/2998 3095/3095/3095 3096/3096/3096
f 2998/2998/2998 3096/3096/3096 2999/2999/2999
f 2999/2999/2999 3096/3096/3096 3097/3097/3097
f 2999/2999/2999 3097/3097/3097 3000/3000/3000
f 3000/3000/3000 3097/3097/3097 3098/3098/3098
f 3000/3000/3000 3098/3098/3098 3001/3001/3001
f 3001/3001/3001 3098/3098/3098 3099/3099/3099
f 3001/3001/3001 3099/3099/3099 3002/3002/3002
f 3002/3002/3002 3099/3099/3099 3100/3100/3100
f 3002/3002/3002 3100/3100/3100 3003/3003/3003
f 3003/3003/3003 3100/3100/3100 3101/3101/3101
f 3003/3003/3003 3101/3101/3101 3004/3004/3004
f 3004/3004/3004 3101/3101/3101 3102/3102/3102
f 3004/3004/3004 3102/3102/3102 3005/3005/3005
f 3005/3005/3005 3102/3102/3102 3103/3103/3103
f 3005/3005/3005 3103/3103/3103 3006/3006/3006
f 3007/3007/3007 3104/3104/3104 3105/3105/3105
f 3007/3007/3007 3105/3105/3105 3008/3008/3008
f 3008/3008/3008 3105/3105/3105 3106/3106/3106
f 3008/3008/3008 3106/3106/3106 3009/3009/3009
f 3009/3009/3009 3106/3106/3106 3107/3107/3107
f 3009/3009/3009 3107/3107/3107 3010/3010/3010
f 3010/3010/3010 3107/3107/3107 3108/3108/3108
f 3010/3010/3010 3108/3108/3108 3011/3011/3011
f 3011/3011/3011 3108/3108/3108 3109/3109/3109
f 3011/3011/3011 3109/3109/3109 3012/3012/3012
f 3012/3012/3012 3109/3109/3109 3110/3110/3110
f 3012/3012/3012 3110/3110/3110 3013/3013/3013
f 3013/3013/3013 3110/3110/3110 3111/3111/3111
f 3013/3013/3013 3111/3111/3111 3014/3014/3014
f 3014/3014/3014 3111/3111/3111 3112/3112/3112
f 3014/3014/3014 3112/3112/3112 3015/3015/3015
f 3015/3015/3015 3112/3112/3112 3113/3113/3113
f 3015/3015/3015 3113/3113/3113 3016/3016/3016
f 3016/3016/3016 3113/3113/3113 3114/3114/3114
f 3016/3016/3016 3114/3114/3114 3017/3017/3017
f 3017/3017/3017 3114/3114/3114 3115/3115/3115
f 3017/3017/3017 3115/3115/3115 3018/3018/3018
f 3018/3018/3018 3115/3115/3115 3116/3116/3116
f 3018/3018/3018 3116/3116/3116 3019/3019/3019
f 3019/3019/3019 3116/3116/3116 3117/3117/3117
f 3019/3019/3019 3117/3117/3117 3020/3020/3020
f 3020/3020/3020 3117/3117/3117 3118/3118/3118
f 3020/3020/3020 3118/3118/3118 3021/3021/3021
f 3021/3021/3021 3118/3118/3118 3119/3119/3119
f 3021/3021/3021 3119/3119/3119 3022/3022/3022
f 3022/3022/3022 3119/3119/3119 3120/3120/3120
f 3022/3022/3022 3120/3120/3120 3023/3023/3023
f 3023/3023/3023 3120/3120/3120 3121/3121/3121
f 3023/3023/3023 3121/3121/3121 3024/3024/3024
f 3024/3024/3024 3121/3121/3121 3122/3122/3122
f 3024/3024/3024 3122/3122/3122 3025/3025/3025
f 3025/3025/3025 3122/3122/3122 3123/3123/3123
f 3025/3025/3025 3123/3123/3123 3026/3026/3026
f 3026/3026/3026 3123/3123/3123 3124/3124/3124
f 3026/3026/3026 3124/3124/3124 3027/3027/3027
f 3027/3027/3027 3124/3124/3124 3125/3125/3125
f 3027/3027/3027 3125/3125/3125 3028/3028/3028
f 3028/3028/3028 3125/3125/3125 3126/3126/3126
f 3028/3028/3028 3126/3126/3126 3029/3029/3029
f 3029/3029/3029 3126/3126/3126 3127/3127/3127
f 3029/3029/3029 3127/3127/3127 3030/3030/3030
f 3030/3030/3030 3127/3127/3127 3128/3128/3128
f 3030/3030/3030 3128/3128/3128 3031/3031/3031
f 3031/3031/3031 3128/3128/3128 3129/3129/3129
f 3031/3031/3031 3129/3129/3129 3032/3032/3032
f 3032/3032/3032 3129/3129/3129 3130/3130/3130
f 3032/3032/3032 3130/3130/3130 3033/3033/3033
f 3033/3033/3033 3130/3130/3130 3131/3131/3131
f 3033/3033/3033 3131/3131/3131 3034/3034/3034
f 3034/3034/3034 3131/3131/3131 3132/3132/3132
f 3034/3034/3034 3132/3132/3132 3035/3035/3035
f 3035/3035/3035 3132/3132/3132 3133/3133/3133
f 3035/3035/3035 3133/3133/3133 3036/3036/3036
f 3036/3036/3036 3133/3133/3133 3134/3134/3134
f 3036/3036/3036 3134/3134/3134 3037/3037/3037
f 3037/3037/3037 3134/3134/3134 3135/3135/3135
f 3037/3037/3037 3135/3135/3135 3038/3038/3038
f 3038/3038/3038 3135/3135/3135 3136/3136/3136
f 3038/3038/3038 3136/3136/3136 3039/3039/3039
f 3039/3039/3039 3136/3136/3136 3137/3137/3137
f 3039/3039/3039 3137/3137/3137 3040/3040/3040
f 3040/3040/3040 3137/3137/3137 3138/3138/3138
f 3040/3040/3040 3138/3138/3138 3041/3041/3041
f 3041/3041/3041 3138/3138/3138 3139/3139/3139
f 3041/3041/3041 3139/3139/3139 3042/3042/3042
f 3042/3042/3042 3139/3139/3139 3140/3140/3140
f 3042/3042/3042 3140/3140/3140 3043/3043/3043
f 3043/3043/3043 3140/3140/3140 3141/3141/3141
f 3043/3043/3043 3141/3141/3141 3044/3044/3044
f 3044/3044/3044 3141/3141/3141 3142/3142/3142
f 3044/3044/3044 3142/3142/3142 3045/3045/3045
f 3045/3045/3045 3142/3142/3142 3143/3143/3143
f 3045/3045/3045 3143/3143/3143 3046/3046/3046
f 3046/3046/3046 3143/3143/3143 3144/3144/3144
f 3046/3046/3046 3144/3144/3144 3047/3047/3047
f 3047/3047/3047 3144/3144/3144 3145/3145/3145
f 3047/3047/3047 3145/3145/3145 3048/3048/3048
f 3048/3048/3048 3145/3145/3145 3146/3146/3146
f 3048/3048/3048 3146/3146/3146 3049/3049/3049
f 3049/3049/3049 3146/3146/3146 3147/3147/3147
f 3049/3049/3049 3147/3147/3147 3050/3050/3050
f 3050/3050/3050 3147/3147/3147 3148/3148/3148
f 3050/3050/3050 3148/3148/3148 3051/3051/3051
f 3051/3051/3051 3148/3148/3148 3149/3149/3149
f 3051/3051/3051 3149/3149/3149 3052/3052/3052
f 3052/3052/3052 3149/3149/3149 3150/3150/3150
f 3052/3052/3052 3150/3150/3150 3053/3053/3053
f 3053/3053/3053 3150/3150/3150 3151/3151/3151
f 3053/3053/3053 3151/3151/3151 3054/3054/3054
f 3054/3054/3054 3151/3151/3151 3152/3152/3152
f 3054/3054/3054 3152/3152/3152 3055/3055/3055
f 3055/3055/3055 3152/3152/3152 3153/3153/3153
f 3055/3055/3055 3153/3153/3153 3056/3056/3056
f 3056/3056/3056 3153/3153/3153 3154/3154/3154
f 3056/3056/3056 3154/3154/3154 3057/3057/3057
f 3057/3057/3057 3154/3154/3154 3155/3155/3155
f 3057/3057/3057 3155/3155/3155 3058/3058/3058
f 3058/3058/3058 3155/3155/3155 3156/3156/3156
f 3058/3058/3058 3156/3156/3156 3059/3059/3059
f 3059/3059/3059 3156/3156/3156 3157/3157/3157
f 3059/3059/3059 3157/3157/3157 3060/3060/3060
f 3060/3060/3060 3157/3157/3157 3158/3158/3158
f 3060/3060/3060 3158/3158/3158 3061/3061/3061
f 3061/3061/3061 3158/3158/3158 3159/3159/3159
f 3061/3061/3061 3159/3159/3159 3062/3062/3062
f 3062/3062/3062 3159/3159/3159 3160/3160/3160
f 3062/3062/3062 3160/3160/3160 3063/3063/3063
f 3063/3063/3063 3160/3160/3160 3161/3161/3161
f 3063/3063/3063 3161/3161/3161 3064/3064/3064
f 3064/3064/3064 3161/3161/3161 3162/3162/3162
f 3064/3064/3064 3162/3162/3162 3065/3065/3065
f 3065/3065/3065 3162/3162/3162 3163/3163/3163
f 3065/3065/3065 3163/3163/3163 3066/3066/3066
f 3066/3066/3066 3163/3163/3163 3164/3164/3164
f 3066/3066/3066 3164/3164/3164 3067/3067/3067
f 3067/3067/3067 3164/3164/3164 3165/3165/3165
f 3067/3067/3067 3165/3165/3165 3068/3068/3068
f 3068/3068/3068 3165/3165/3165 3166/3166/3166
f 3068/3068/3068 3166/3166/3166 3069/3069/3069
f 3069/3069/3069 3166/3166/3166 3167/3167/3167
f 3069/3069/3069 3167/3167/3167 3070/3070/3070
f 3070/3070/3070 3167/3167/3167 3168/3168/3168
f 3070/3070/3070 3168/3168/3168 3071/3071/3071
f 3071/3071/3071 3168/3168/3168 3169/3169/3169
f 3071/3071/3071 3169/3169/3169 3072/3072/3072
f 3072/3072/3072 3169/3169/3169 3170/3170/3170
f 3072/3072/3072 3170/3170/3170 3073/3073/3073
f 3073/3073/3073 3170/3170/3170 3171/3171/3171
f 3073/3073/3073 3171/3171/3171 3074/3074/3074
f 3074/3074/3074 3171/3171/3171 3172/3172/3172
f 3074/3074/3074 3172/3172/3172 3075/3075/3075
f 3075/3075/3075 3172/3172/3172 3173/3173/3173
f 3075/3075/3075 3173/3173/3173 3076/3076/3076
f 3076/3076/3076 3173/3173/3173 3174/3174/3174
f 3076/3076/3076 3174/3174/3174 3077/3077/3077
f 3077/3077/3077 3174/3174/3174 3175/3175/3175
f 3077/3077/3077 3175/3175/3175 3078/3078/3078
f 3078/3078/3078 3175/3175/3175 3176/3176/3176
f 3078/3078/3078 3176/3176/3176 3079/3079/3079
f 3079/3079/3079 3176/3176/3176 3177/3177/3177
f 3079/3079/3079 3177/3177/3177 3080/3080/3080
f 3080/3080/3080 3177/3177/3177 3178/3178/3178
f 3080/3080/3080 3178/3178/3178 3081/3081/3081
f 3081/3081/3081 3178/3178/3178 3179/3179/3179
f 3081/3081/3081 3179/3179/3179 3082/3082/3082
f 3082/3082/3082 3179/3179/3179 3180/3180/3180
f 3082/3082/3082 3180/3180/3180 3083/3083/3083
f 3083/3083/3083 3180/3180/3180 3181/3181/3181
f 3083/3083/3083 3181/3181/3181 3084/3084/3084
f 3084/3084/3084 3181/3181/3181 3182/3182/3182
f 3084/3084/3084 3182/3182/3182 3085/3085/3085
f 3085/3085/3085 3182/3182/3182 3183/3183/3183
f 3085/3085/3085 3183/3183/3183 3086/3086/3086
f 3086/3086/3086 3183/3183/3183 3184/3184/3184
f 3086/3086/3086 3184/3184/3184 3087/3087/3087
f 3087/3087/3087 3184/3184/3184 3185/3185/3185
f 3087/3087/3087 3185/3185/3185 3088/3088/3088
f 3088/3088/3088 3185/3185/3185 3186/3186/3186
f 3088/3088/3088 3186/3186/3186 3089/3089/3089
f 3089/3089/3089 3186/3186/3186 3187/3187/3187
f 3089/3089/3089 3187/3187/3187 3090/3090/3090
f 3090/3090/3090 3187/3187/3187 3188/3188/3188
f 3090/3090/3090 3188/3188/3188 3091/3091/3091
f 3091/3091/3091 3188/3188/3188 3189/3189/3189
f 3091/3091/3091 3189/3189/3189 3092/3092/3092
f 3092/3092/3092 3189/3189/3189 3190/3190/3190
f 3092/3092/3092 3190/3190/3190 3093/3093/3093
f 3093/3093/3093 3190/3190/3190 3191/3191/3191
f 3093/3093/3093 3191/3191/3191 3094/3094/3094
f 3094/3094/3094 3191/3191/3191 3192/3192/3192
f 3094/3094/3094 3192/3192/3192 3095/3095/3095
f 3095/3095/3095 3192/3192/3192 3193/3193/3193
f 3095/3095/3095 3193/3193/3193 3096/3096/3096
f 3096/3096/3096 3193/3193/3193 3194/3194/3194
f 3096/3096/3096 3194/3194/3194 3097/3097/3097
f 3097/3097/3097 3194/3194/3194 3195/3195/3195
f 3097/3097/3097 3195/3195/3195 3098/3098/3098
f 3098/3098/3098 3195/3195/3195 3196/3196/3196
f 3098/3098/3098 3196/3196/3196 3099/3099/3099
f 3099/3099/3099 3196/3196/3196 3197/3197/3197
f 3099/3099/3099 3197/3197/3197 3100/3100/3100
f 3100/3100/3100 3197/3197/3197 3198/3198/3198
f 3100/3100/3100 3198/3198/3198 3101/3101/3101
f 3101/3101/3101 3198/3198/3198 3199/3199/3199
f 3101/3101/3101 3199/3199/3199 3102/3102/3102
f 3102/3102/3102 3199/3199/3199 3200/3200/3200
f 3102/3102/3102 3200/3200/3200 3103/3103/3103
f 3104/3104/3104 3201/3201/3201 3202/3202/3202
f 3104/3104/3104 3202/3202/3202 3105/3105/3105
f 3105/3105/3105 3202/3202/3202 3203/3203/3203
f 3105/3105/3105 3203/3203/3203 3106/3106/3106
f 3106/3106/3106 3203/3203/3203 3204/3204/3204
f 3106/3106/3106 3204/3204/3204 3107/3107/3107
f 3107/3107/3107 3204/3204/3204 3205/3205/3205
f 3107/3107/3107 3205/3205/3205 3108/3108/3108
f 3108/3108/3108 3205/3205/3205 3206/3206/3206
f 3108/3108/3108 3206/3206/3206 3109/3109/3109
f 3109/3109/3109 3206/3206/3206 3207/3207/3207
f 3109/3109/3109 3207/3207/3207 3110/3110/3110
f 3110/3110/3110 3207/3207/3207 3208/3208/3208
f 3110/3110/3110 3208/3208/3208 3111/3111/3111
f 3111/3111/3111 3208/3208/3208 3209/3209/3209
f 3111/3111/3111 3209/3209/3209 3112/3112/3112
f 3112/3112/3112 3209/3209/3209 3210/3210/3210
f 3112/3112/3112 3210/3210/3210 3113/3113/3113
f 3113/3113/3113 3210/3210/3210 3211/3211/3211
f 3113/3113/3113 3211/3211/3211 3114/3114/3114
f 3114/3114/3114 3211/3211/3211 3212/3212/3212
f 3114/3114/3114 3212/3212/3212 3115/3115/3115
f 3115/3115/3115 3212/3212/3212 3213/3213/3213
f 3115/3115/3115 3213/3213/3213 3116/3116/3116
f 3116/3116/3116 3213/3213/3213 3214/3214/3214
f 3116/3116/3116 3214/3214/3214 3117/3117/3117
f 3117/3117/3117 3214/3214/3214 3215/3215/3215
f 3117/3117/3117 3215/3215/3215 3118/3118/3118
f 3118/3118/3118 3215/3215/3215 3216/3216/3216
f 3118/3118/3118 3216/3216/3216 3119/3119/3119
f 3119/3119/3119 3216/3216/3216 3217/3217/3217
f 3119/3119/3119 3217/3217/3217 3120/3120/3120
f 3120/3120/3120 3217/3217/3217 3218/3218/3218
f 3120/3120/3120 3218/3218/3218 3121/3121/3121
f 3121/3121/3121 3218/3218/3218 3219/3219/3219
f 3121/3121/3121 3219/3219/3219 3122/3122/3122
f 3122/3122/3122 3219/3219/3219 3220/3220/3220
f 3122/3122/3122 3220/3220/3220 3123/3123/3123
f 3123/3123/3123 3220/3220/3220 3221/3221/3221
f 3123/3123/3123 3221/3221/3221 3124/3124/3124
f 3124/3124/3124 3221/3221/3221 3222/3222/3222
f 3124/3124/3124 3222/3222/3222 3125/3125/3125
f 3125/3125/3125 3222/3222/3222 3223/3223/3223
f 3125/3125/3125 3223/3223/3223 3126/3126/3126
f 3126/3126/3126 3223/3223/3223 3224/3224/3224
f 3126/3126/3126 3224/3224/3224 3127/3127/3127
f 3127/3127/3127 3224/3224/3224 3225/3225/3225
f 3127/3127/3127 3225/3225/3225 3128/3128/3128
f 3128/3128/3128 3225/3225/3225 3226/3226/3226
f 3128/3128/3128 3226/3226/3226 3129/3129/3129
f 3129/3129/3129 3226/3226/3226 3227/3227/3227
f 3129/3129/3129 3227/3227/3227 3130/3130/3130
f 3130/3130/3130 3227/3227/3227 3228/3228/3228
f 3130/3130/3130 3228/3228/3228 3131/3131/3131
f 3131/3131/3131 3228/3228/3228 3229/3229/3229
f 3131/3131/3131 3229/3229/3229 3132/3132/3132
f 3132/3132/3132 3229/3229/3229 3230/3230/3230
f 3132/3132/3132 3230/3230/3230 3133/3133/3133
f 3133/3133/3133 3230/3230/3230 3231/3231/3231
f 3133/3133/3133 3231/3231/3231 3134/3134/3134
f 3134/3134/3134 3231/3231/3231 3232/3232/3232
f 3134/3134/3134 3232/3232/3232 3135/3135/3135
f 3135/3135/3135 3232/3232/3232 3233/3233/3233
f 3135/3135/3135 3233/3233/3233 3136/3136/3136
f 3136/3136/3136 3233/3233/3233 3234/3234/3234
f 3136/3136/3136 3234/3234/3234 3137/3137/3137
f 3137/3137/3137 3234/3234/3234 3235/3235/3235
f 3137/3137/3137 3235/3235/3235 3138/3138/3138
f 3138/3138/3138 3235/3235/3235 3236/3236/3236
f 3138/3138/3138 3236/3236/3236 3139/3139/3139
f 3139/3139/3139 3236/3236/3236 3237/3237/3237
f 3139/3139/3139 3237/3237/3237 3140/3140/3140
f 3140/3140/3140 3237/3237/3237 3238/3238/3238
f 3140/3140/3140 3238/3238/3238 3141/3141/3141
f 3141/3141/3141 3238/3238/3238 3239/3239/3239
f 3141/3141/3141 3239/3239/3239 3142/3142/3142
f 3142/3142/3142 3239/3239/3239 3240/3240/3240
f 3142/3142/3142 3240/3240/3240 3143/3143/3143
f 3143/3143/3143 3240/3240/3240 3241/3241/3241
f 3143/3143/3143 3241/3241/3241 3144/3144/3144
f 3144/3144/3144 3241/3241/3241 3242/3242/3242
f 3144/3144/3144 3242/3242/3242 3145/3145/3145
f 3145/3145/3145 3242/3242/3242 3243/3243/3243
f 3145/3145/3145 3243/3243/3243 3146/3146/3146
f 3146/3146/3146 3243/3243/3243 3244/3244/3244
f 3146/3146/3146 3244/3244/3244 3147/3147/3147
f 3147/3147/3147 3244/3244/3244 3245/3245/3245
f 3147/3147/3147 3245/3245/3245 3148/3148/3148
f 3148/3148/3148 3245/3245/3245 3246/3246/3246
f 3148/3148/3148 3246/3246/3246 3149/3149/3149
f 3149/3149/3149 3246/3246/3246 3247/3247/3247
f 3149/3149/3149 3247/3247/3247 3150/3150/3150
f 3150/3150/3150 3247/3247/3247 3248/3248/3248
f 3150/3150/3150 3248/3248/3248 3151/3151/3151
f 3151/3151/3151 3248/3248/3248 3249/3249/3249
f 3151/3151/3151 3249/3249/3249 3152/3152/3152
f 3152/3152/3152 3249/3249/3249 3250/3250/3250
f 3152/3152/3152 3250/3250/3250 3153/3153/3153
f 3153/3153/3153 3250/3250/3250 3251/3251/3251
f 3153/3153/3153 3251/3251/3251 3154/3154/3154
f 3154/3154/3154 3251/3251/3251 3252/3252/3252
f 3154/3154/3154 3252/3252/3252 3155/3155/3155
f 3155/3155/3155 3252/3252/3252 3253/3253/3253
f 3155/3155/3155 3253/3253/3253 3156/3156/3156
f 3156/3156/3156 3253/3253/3253 3254/3254/3254
f 3156/3156/3156 3254/3254/3254 3157/3157/3157
f 3157/3157/3157 3254/3254/3254 3255/3255/3255
f 3157/3157/3157 3255/3255/3255 3158/3158/3158
f 3158/3158/3158 3255/3255/3255 3256/3256/3256
f 3158/3158/3158 3256/3256/3256 3159/3159/3159
f 3159/3159/3159 3256/3256/3256 3257/3257/3257
f 3159/3159/3159 3257/3257/3257 3160/3160/3160
f 3160/3160/3160 3257/3257/3257 3258/3258/3258
f 3160/3160/3160 3258/3258/3258 3161/3161/3161
f 3161/3161/3161 3258/3258/3258 3259/3259/3259
f 3161/3161/3161 3259/3259/3259 3162/3162/3162
f 3162/3162/3162 3259/3259/3259 3260/3260/3260
f 3162/3162/3162 3260/3260/3260 3163/3163/3163
f 3163/3163/3163 3260/3260/3260 3261/3261/3261
f 3163/3163/3163 3261/3261/3261 3164/3164/3164
f 3164/3164/3164 3261/3261/3261 3262/3262/3262
f 3164/3164/3164 3262/3262/3262 3165/3165/3165
f 3165/3165/3165 3262/3262/3262 3263/3263/3263
f 3165/3165/3165 3263/3263/3263 3166/3166/3166
f 3166/3166/3166 3263/3263/3263 3264/3264/3264
f 3166/3166/3166 3264/3264/3264 3167/3167/3167
f 3167/3167/3167 3264/3264/3264 3265/3265/3265
f 3167/3167/3167 3265/3265/3265 3168/3168/3168
f 3168/3168/3168 3265/3265/3265 3266/3266/3266
f 3168/3168/3168 3266/3266/3266 3169/3169/3169
f 3169/3169/3169 3266/3266/3266 3267/3267/3267
f 3169/3169/3169 3267/3267/3267 3170/3170/3170
f 3170/3170/3170 3267/3267/3267 3268/3268/3268
f 3170/3170/3170 3268/3268/3268 3171/3171/3171
f 3171/3171/3171 3268/3268/3268 3269/3269/3269
f 3171/3171/3171 3269/3269/3269 3172/3172/3172
f 3172/3172/3172 3269/3269/3269 3270/3270/3270
f 3172/3172/3172 3270/3270/3270 3173/3173/3173
f 3173/3173/3173 3270/3270/3270 3271/3271/3271
f 3173/3173/3173 3271/3271/3271 3174/3174/3174
f 3174/3174/3174 3271/3271/3271 3272/3272/3272
f 3174/3174/3174 3272/3272/3272 3175/3175/3175
f 3175/3175/3175 3272/3272/3272 3273/3273/3273
f 3175/3175/3175 3273/3273/3273 3176/3176/3176
f 3176/3176/3176 3273/3273/3273 3274/3274/3274
f 3176/3176/3176 3274/3274/3274 3177/3177/3177
f 3177/3177/3177 3274/3274/3274 3275/3275/3275
f 3177/3177/3177 3275/3275/3275 3178/3178/3178
f 3178/3178/3178 3275/3275/3275 3276/3276/3276
f 3178/3178/3178 3276/3276/3276 3179/3179/3179
f 3179/3179/3179 3276/3276/3276 3277/3277/3277
f 3179/3179/3179 3277/3277/3277 3180/3180/3180
f 3180/3180/3180 3277/3277/3277 3278/3278/3278
f 3180/3180/3180 3278/3278/3278 3181/3181/3181
f 3181/3181/3181 3278/3278/3278 3279/3279/3279
f 3181/3181/3181 3279/3279/3279 3182/3182/3182
f 3182/3182/3182 3279/3279/3279 3280/3280/3280
f 3182/3182/3182 3280/3280/3280 3183/3183/3183
f 3183/3183/3183 3280/3280/3280 3281/3281/3281
f 3183/3183/3183 3281/3281/3281 3184/3184/3184
f 3184/3184/3184 3281/3281/3281 3282/3282/3282
f 3184/3184/3184 3282/3282/3282 3185/3185/3185
f 3185/3185/3185 3282/3282/3282 3283/3283/3283
f 3185/3185/3185 3283/3283/3283 3186/3186/3186
f 3186/3186/3186 3283/3283/3283 3284/3284/3284
f 3186/3186/3186 3284/3284/3284 3187/3187/3187
f 3187/3187/3187 3284/3284/3284 3285/3285/3285
f 3187/3187/3187 3285/3285/3285 3188/3188/3188
f 3188/3188/3188 3285/3285/3285 3286/3286/3286
f 3188/3188/3188 3286/3286/3286 3189/3189/3189
f 3189/3189/3189 3286/3286/3286 3287/3287/3287
f 3189/3189/3189 3287/3287/3287 3190/3190/3190
f 3190/3190/3190 3287/3287/3287 3288/3288/3288
f 3190/3190/3190 3288/3288/3288 3191/3191/3191
f 3191/3191/3191 3288/3288/3288 3289/3289/3289
f 3191/3191/3191 3289/3289/3289 3192/3192/3192
f 3192/3192/3192 3289/3289/3289 3290/3290/3290
f 3192/3192/3192 3290/3290/3290 3193/3193/3193
f 3193/3193/3193 3290/3290/3290 3291/3291/3291
f 3193/3193/3193 3291/3291/3291 3194/3194/3194
f 3194/3194/3194 3291/3291/3291 3292/3292/3292
f 3194/3194/3194 3292/3292/3292 3195/3195/3195
f 3195/3195/3195 3292/3292/3292 3293/3293/3293
f 3195/3195/3195 3293/3293/3293 3196/3196/3196
f 3196/3196/3196 3293/3293/3293 3294/3294/3294
f 3196/3196/3196 3294/3294/3294 3197/3197/3197
f 3197/3197/3197 3294/3294/3294 3295/3295/3295
f 3197/3197/3197 3295/3295/3295 3198/3198/3198
f 3198/3198/3198 3295/3295/3295 3296/3296/3296
f 3198/3198/3198 3296/3296/3296 3199/3199/3199
f 3199/3199/3199 3296/3296/3296 3297/3297/3297
f 3199/3199/3199 3297/3297/3297 3200/3200/3200
f 3201/3201/3201 3298/3298/3298 3299/3299/3299
f 3201/3201/3201 3299/3299/3299 3202/3202/3202
f 3202/3202/3202 3299/3299/3299 3300/3300/3300
f 3202/3202/3202 3300/3300/3300 3203/3203/3203
f 3203/3203/3203 3300/3300/3300 3301/3301/3301
f 3203/3203/3203 3301/3301/3301 3204/3204/3204
f 3204/3204/3204 3301/3301/3301 3302/3302/3302
f 3204/3204/3204 3302/3302/3302 3205/3205/3205
f 3205/3205/3205 3302/3302/3302 3303/3303/3303
f 3205/3205/3205 3303/3303/3303 3206/3206/3206
f 3206/3206/3206 3303/3303/3303 3304/3304/3304
f 3206/3206/3206 3304/3304/3304 3207/3207/3207
f 3207/3207/3207 3304/3304/3304 3305/3305/3305
f 3207/3207/3207 3305/3305/3305 3208/3208/3208
f 3208/3208/3208 3305/3305/3305 3306/3306/3306
f 3208/3208/3208 3306/3306/3306 3209/3209/3209
f 3209/3209/3209 3306/3306/3306 3307/3307/3307
f 3209/3209/3209 3307/3307/3307 3210/3210/3210
f 3210/3210/3210 3307/3307/3307 3308/3308/3308
f 3210/3210/3210 3308/3308/3308 3211/3211/3211
f 3211/3211/3211 3308/3308/3308 3309/3309/3309
f 3211/3211/3211 3309/3309/3309 3212/3212/3212
f 3212/3212/3212 3309/3309/3309 3310/3310/3310
f 3212/3212/3212 3310/3310/3310 3213/3213/3213
f 3213/3213/3213 3310/3310/3310 3311/3311/3311
f 3213/3213/3213 3311/3311/3311 3214/3214/3214
f 3214/3214/3214 3311/3311/3311 3312/3312/3312
f 3214/3214/3214 3312/3312/3312 3215/3215/3215
f 3215/3215/3215 3312/3312/3312 3313/3313/3313
f 3215/3215/3215 3313/3313/3313 3216/3216/3216
f 3216/3216/3216 3313/3313/3313 3314/3314/3314
f 3216/3216/3216 3314/3314/3314 3217/3217/3217
f 3217/3217/3217 3314/3314/3314 3315/3315/3315
f 3217/3217/3217 3315/3315/3315 3218/3218/3218
f 3218/3218/3218 3315/3315/3315 3316/3316/3316
f 3218/3218/3218 3316/3316/3316 3219/3219/3219
f 3219/3219/3219 3316/3316/3316 3317/3317/3317
f 3219/3219/3219 3317/3317/3317 3220/3220/3220
f 3220/3220/3220 3317/3317/3317 3318/3318/3318
f 3220/3220/3220 3318/3318/3318 3221/3221/3221
f 3221/3221/3221 3318/3318/3318 3319/3319/3319
f 3221/3221/3221 3319/3319/3319 3222/3222/3222
f 3222/3222/3222 3319/3319/3319 3320/3320/3320
f 3222/3222/3222 3320/3320/3320 3223/3223/3223
f 3223/3223/3223 3320/3320/3320 3321/3321/3321
f 3223/3223/3223 3321/3321/3321 3224/3224/3224
f 3224/3224/3224 3321/3321/3321 3322/3322/3322
f 3224/3224/3224 3322/3322/3322 3225/3225/3225
f 3225/3225/3225 3322/3322/3322 3323/3323/3323
f 3225/3225/3225 3323/3323/3323 3226/3226/3226
f 3226/3226/3226 3323/3323/3323 3324/3324/3324
f 3226/3226/3226 3324/3324/3324 3227/3227/3227
f 3227/3227/3227 3324/3324/3324 3325/3325/3325
f 3227/3227/3227 3325/3325/3325 3228/3228/3228
f 3228/3228/3228 3325/3325/3325 3326/3326/3326
f 3228/3228/3228 3326/3326/3326 3229/3229/3229
f 3229/3229/3229 3326/3326/3326 3327/3327/3327
f 3229/3229/3229 3327/3327/3327 3230/3230/3230
f 3230/3230/3230 3327/3327/3327 3328/3328/3328
f 3230/3230/3230 3328/3328/3328 3231/3231/3231
f 3231/3231/3231 3328/3328/3328 3329/3329/3329
f 3231/3231/3231 3329/3329/3329 3232/3232/3232
f 3232/3232/3232 3329/3329/3329 3330/3330/3330
f 3232/3232/3232 3330/3330/3330 3233/3233/3233
f 3233/3233/3233 3330/3330/3330 3331/3331/3331
f 3233/3233/3233 3331/3331/3331 3234/3234/3234
f 3234/3234/3234 3331/3331/3331 3332/3332/3332
f 3234/3234/3234 3332/3332/3332 3235/3235/3235
f 3235/3235/3235 3332/3332/3332 3333/3333/3333
f 3235/3235/3235 3333/3333/3333 3236/3236/3236
f 3236/3236/3236 3333/3333/3333 3334/3334/3334
f 3236/3236/3236 3334/3334/3334 3237/3237/3237
f 3237/3237/3237 3334/3334/3334 3335/3335/3335
f 3237/3237/3237 3335/3335/3335 3238/3238/3238
f 3238/3238/3238 3335/3335/3335 3336/3336/3336
f 3238/3238/3238 3336/3336/3336 3239/3239/3239
f 3239/3239/3239 3336/3336/3336 3337/3337/3337
f 3239/3239/3239 3337/3337/3337 3240/3240/3240
f 3240/3240/3240 3337/3337/3337 3338/3338/3338
f 3240/3240/3240 3338/3338/3338 3241/3241/3241
f 3241/3241/3241 3338/3338/3338 3339/3339/3339
f 3241/3241/3241 3339/3339/3339 3242/3242/3242
f 3242/3242/3242 3339/3339/3339 3340/3340/3340
f 3242/3242/3242 3340/3340/3340 3243/3243/3243
f 3243/3243/3243 3340/3340/3340 3341/3341/3341
f 3243/3243/3243 3341/3341/3341 3244/3244/3244
f 3244/3244/3244 3341/3341/3341 3342/3342/3342
f 3244/3244/3244 3342/3342/3342 3245/3245/3245
f 3245/3245/3245 3342/3342/3342 3343/3343/3343
f 3245/3245/3245 3343/3343/3343 3246/3246/3246
f 3246/3246/3246 3343/3343/3343 3344/3344/3344
f 3246/3246/3246 3344/3344/3344 3247/3247/3247
f 3247/3247/3247 3344/3344/3344 3345/3345/3345
f 3247/3247/3247 3345/3345/3345 3248/3248/3248
f 3248/3248/3248 3345/3345/3345 3346/3346/3346
f 3248/3248/3248 3346/3346/3346 3249/3249/3249
f 3249/3249/3249 3346/3346/3346 3347/3347/3347
f 3249/3249/3249 3347/3347/3347 3250/3250/3250
f 3250/3250/3250 3347/3347/3347 3348/3348/3348
f 3250/3250/3250 3348/3348/3348 3251/3251/3251
f 3251/3251/3251 3348/3348/3348 3349/3349/3349
f 3251/3251/3251 3349/3349/3349 3252/3252/3252
f 3252/3252/3252 3349/3349/3349 3350/3350/3350
f 3252/3252/3252 3350/3350/3350 3253/3253/3253
f 3253/3253/3253 3350/3350/3350 3351/3351/3351
f 3253/3253/3253 3351/3351/3351 3254/3254/3254
f 3254/3254/3254 3351/3351/3351 3352/3352/3352
f 3254/3254/3254 3352/3352/3352 3255/3255/3255
f 3255/3255/3255 3352/3352/3352 3353/3353/3353
f 3255/3255/3255 3353/3353/3353 3256/3256/3256
f 3256/3256/3256 3353/3353/3353 3354/3354/3354
f 3256/3256/3256 3354/3354/3354 3257/3257/3257
f 3257/3257/3257 3354/3354/3354 3355/3355/3355
f 3257/3257/3257 3355/3355/3355 3258/3258/3258
f 3258/3258/3258 3355/3355/3355 3356/3356/3356
f 3258/3258/3258 3356/3356/3356 3259/3259/3259
f 3259/3259/3259 3356/3356/3356 3357/3357/3357
f 3259/3259/3259 3357/3357/3357 3260/3260/3260
f 3260/3260/3260 3357/3357/3357 3358/3358/3358
f 3260/3260/3260 3358/3358/3358 3261/3261/3261
f 3261/3261/3261 3358/3358/3358 3359/3359/3359
f 3261/3261/3261 3359/3359/3359 3262/3262/3262
f 3262/3262/3262 3359/3359/3359 3360/3360/3360
f 3262/3262/3262 3360/3360/3360 3263/3263/3263
f 3263/3263/3263 3360/3360/3360 3361/3361/3361
f 3263/3263/3263 3361/3361/3361 3264/3264/3264
f 3264/3264/3264 3361/3361/3361 3362/3362/3362
f 3264/3264/3264 3362/3362/3362 3265/3265/3265
f 3265/3265/3265 3362/3362/3362 3363/3363/3363
f 3265/3265/3265 3363/3363/3363 3266/3266/3266
f 3266/3266/3266 3363/3363/3363 3364/3364/3364
f 3266/3266/3266 3364/3364/3364 3267/3267/3267
f 3267/3267/3267 3364/3364/3364 3365/3365/3365
f 3267/3267/3267 3365/3365/3365 3268/3268/3268
f 3268/3268/3268 3365/3365/3365 3366/3366/3366
f 3268/3268/3268 3366/3366/3366 3269/3269/3269
f 3269/3269/3269 3366/3366/3366 3367/3367/3367
f 3269/3269/3269 3367/3367/3367 3270/3270/3270
f 3270/3270/3270 3367/3367/3367 3368/3368/3368
f 3270/3270/3270 3368/3368/3368 3271/3271/3271
f 3271/3271/3271 3368/3368/3368 3369/3369/3369
f 3271/3271/3271 3369/3369/3369 3272/3272/3272
f 3272/3272/3272 3369/3369/3369 3370/3370/3370
f 3272/3272/3272 3370/3370/3370 3273/3273/3273
f 3273/3273/3273 3370/3370/3370 3371/3371/3371
f 3273/3273/3273 3371/3371/3371 3274/3274/3274
f 3274/3274/3274 3371/3371/3371 3372/3372/3372
f 3274/3274/3274 3372/3372/3372 3275/3275/3275
f 3275/3275/3275 3372/3372/3372 3373/3373/3373
f 3275/3275/3275 3373/3373/3373 3276/3276/3276
f 3276/3276/3276 3373/3373/3373 3374/3374/3374
f 3276/3276/3276 3374/3374/3374 3277/3277/3277
f 3277/3277/3277 3374/3374/3374 3375/3375/3375
f 3277/3277/3277 3375/3375/3375 3278/3278/3278
f 3278/3278/3278 3375/3375/3375 3376/3376/3376
f 3278/3278/3278 3376/3376/3376 3279/3279/3279
f 3279/3279/3279 3376/3376/3376 3377/3377/3377
f 3279/3279/3279 3377/3377/3377 3280/3280/3280
f 3280/3280/3280 3377/3377/3377 3378/3378/3378
f 3280/3280/3280 3378/3378/3378 3281/3281/3281
f 3281/3281/3281 3378/3378/3378 3379/3379/3379
f 3281/3281/3281 3379/3379/3379 3282/3282/3282
f 3282/3282/3282 3379/3379/3379 3380/3380/3380
f 3282/3282/3282 3380/3380/3380 3283/3283/3283
f 3283/3283/3283 3380/3380/3380 3381/3381/3381
f 3283/3283/3283 3381/3381/3381 3284/3284/3284
f 3284/3284/3284 3381/3381/3381 3382/3382/3382
f 3284/3284/3284 3382/3382/3382 3285/3285/3285
f 3285/3285/3285 3382/3382/3382 3383/3383/3383
f 3285/3285/3285 3383/3383/3383 3286/3286/3286
f 3286/3286/3286 3383/3383/3383 3384/3384/3384
f 3286/3286/3286 3384/3384/3384 3287/3287/3287
f 3287/3287/3287 3384/3384/3384 3385/3385/3385
f 3287/3287/3287 3385/3385/3385 3288/3288/3288
f 3288/3288/3288 3385/3385/3385 3386/3386/3386
f 3288/3288/3288 3386/3386/3386 3289/3289/3289
f 3289/3289/3289 3386/3386/3386 3387/3387/3387
f 3289/3289/3289 3387/3387/3387 3290/3290/3290
f 3290/3290/3290 3387/3387/3387 3388/3388/3388
f 3290/3290/3290 3388/3388/3388 3291/3291/3291
f 3291/3291/3291 3388/3388/3388 3389/3389/3389
f 3291/3291/3291 3389/3389/3389 3292/3292/3292
f 3292/3292/3292 3389/3389/3389 3390/3390/3390
f 3292/3292/3292 3390/3390/3390 3293/3293/3293
f 3293/3293/3293 3390/3390/3390 3391/3391/3391
f 3293/3293/3293 3391/3391/3391 3294/3294/3294
f 3294/3294/3294 3391/3391/3391 3392/3392/3392
f 3294/3294/3294 3392/3392/3392 3295/3295/3295
f 3295/3295/3295 3392/3392/3392 3393/3393/3393
f 3295/3295/3295 3393/3393/3393 3296/3296/3296
f 3296/3296/3296 3393/3393/3393 3394/3394/3394
f 3296/3296/3296 3394/3394/3394 3297/3297/3297
f 3298/3298/3298 3395/3395/3395 3396/3396/3396
f 3298/3298/3298 3396/3396/3396 3299/3299/3299
f 3299/3299/3299 3396/3396/3396 3397/3397/3397
f 3299/3299/3299 3397/3397/3397 3300/3300/3300
f 3300/3300/3300 3397/3397/3397 3398/3398/3398
f 3300/3300/3300 3398/3398/3398 3301/3301/3301
f 3301/3301/3301 3398/3398/3398 3399/3399/3399
f 3301/3301/3301 3399/3399/3399 3302/3302/3302
f 3302/3302/3302 3399/3399/3399 3400/3400/3400
f 3302/3302/3302 3400/3400/3400 3303/3303/3303
f 3303/3303/3303 3400/3400/3400 3401/3401/3401
f 3303/3303/3303 3401/3401/3401 3304/3304/3304
f 3304/3304/3304 3401/3401/3401 3402/3402/3402
f 3304/3304/3304 3402/3402/3402 3305/3305/3305
f 3305/3305/3305 3402/3402/3402 3403/3403/3403
f 3305/3305/3305 3403/3403/3403 3306/3306/3306
f 3306/3306/3306 3403/3403/3403 3404/3404/3404
f 3306/3306/3306 3404/3404/3404 3307/3307/3307
f 3307/3307/3307 3404/3404/3404 3405/3405/3405
f 3307/3307/3307 3405/3405/3405 3308/3308/3308
f 3308/3308/3308 3405/3405/3405 3406/3406/3406
f 3308/3308/3308 3406/3406/3406 3309/3309/3309
f 3309/3309/3309 3406/3406/3406 3407/3407/3407
f 3309/3309/3309 3407/3407/3407 3310/3310/3310
f 3310/3310/3310 3407/3407/3407 3408/3408/3408
f 3310/3310/3310 3408/3408/3408 3311/3311/3311
f 3311/3311/3311 3408/3408/3408 3409/3409/3409
f 3311/3311/3311 3409/3409/3409 3312/3312/3312
f 3312/3312/3312 3409/3409/3409 3410/3410/3410
f 3312/3312/3312 3410/3410/3410 3313/3313/3313
f 3313/3313/3313 3410/3410/3410 3411/3411/3411
f 3313/3313/3313 3411/3411/3411 3314/3314/3314
f 3314/3314/3314 3411/3411/3411 3412/3412/3412
f 3314/3314/3314 3412/3412/3412 3315/3315/3315
f 3315/3315/3315 3412/3412/3412 3413/3413/3413
f 3315/3315/3315 3413/3413/3413 3316/3316/3316
f 3316/3316/3316 3413/3413/3413 3414/3414/3414
f 3316/3316/3316 3414/3414/3414 3317/3317/3317
f 3317/3317/3317 3414/3414/3414 3415/3415/3415
f 3317/3317/3317 3415/3415/3415 3318/3318/3318
f 3318/3318/3318 3415/3415/3415 3416/3416/3416
f 3318/3318/3318 3416/3416/3416 3319/3319/3319
f 3319/3319/3319 3416/3416/3416 3417/3417/3417
f 3319/3319/3319 3417/3417/3417 3320/3320/3320
f 3320/3320/3320 3417/3417/3417 3418/3418/3418
f 3320/3320/3320 3418/3418/3418 3321/3321/3321
f 3321/3321/3321 3418/3418/3418 3419/3419/3419
f 3321/3321/3321 3419/3419/3419 3322/3322/3322
f 3322/3322/3322 3419/3419/3419 3420/3420/3420
f 3322/3322/3322 3420/3420/3420 3323/3323/3323
f 3323/3323/3323 3420/3420/3420 3421/3421/3421
f 3323/3323/3323 3421/3421/3421 3324/3324/3324
f 3324/3324/3324 3421/3421/3421 3422/3422/3422
f 3324/3324/3324 3422/3422/3422 3325/3325/3325
f 3325/3325/3325 3422/3422/3422 3423/3423/3423
f 3325/3325/3325 3423/3423/3423 3326/3326/3326
f 3326/3326/3326 3423/3423/3423 3424/3424/3424
f 3326/3326/3326 3424/3424/3424 3327/3327/3327
f 3327/3327/3327 3424/3424/3424 3425/3425/3425
f 3327/3327/3327 3425/3425/3425 3328/3328/3328
f 3328/3328/3328 3425/3425/3425 3426/3426/3426
f 3328/3328/3328 3426/3426/3426 3329/3329/3329
f 3329/3329/3329 3426/3426/3426 3427/3427/3427
f 3329/3329/3329 3427/3427/3427 3330/3330/3330
f 3330/3330/3330 3427/3427/3427 3428/3428/3428
f 3330/3330/3330 3428/3428/3428 3331/3331/3331
f 3331/3331/3331 3428/3428/3428 3429/3429/3429
f 3331/3331/3331 3429/3429/3429 3332/3332/3332
f 3332/3332/3332 3429/3429/3429 3430/3430/3430
f 3332/3332/3332 3430/3430/3430 3333/3333/3333
f 3333/3333/3333 3430/3430/3430 3431/3431/3431
f 3333/3333/3333 3431/3431/3431 3334/3334/3334
f 3334/3334/3334 3431/3431/3431 3432/3432/3432
f 3334/3334/3334 3432/3432/3432 3335/3335/3335
f 3335/3335/3335 3432/3432/3432 3433/3433/3433
f 3335/3335/3335 3433/3433/3433 3336/3336/3336
f 3336/3336/3336 3433/3433/3433 3434/3434/3434
f 3336/3336/3336 3434/3434/3434 3337/3337/3337
f 3337/3337/3337 3434/3434/3434 3435/3435/3435
f 3337/3337/3337 3435/3435/3435 3338/3338/3338
f 3338/3338/3338 3435/3435/3435 3436/3436/3436
f 3338/3338/3338 3436/3436/3436 3339/3339/3339
f 3339/3339/3339 3436/3436/3436 3437/3437/3437
f 3339/3339/3339 3437/3437/3437 3340/3340/3340
f 3340/3340/3340 3437/3437/3437 3438/3438/3438
f 3340/3340/3340 3438/3438/3438 3341/3341/3341
f 3341/3341/3341 3438/3438/3438 3439/3439/3439
f 3341/3341/3341 3439/3439/3439 3342/3342/3342
f 3342/3342/3342 3439/3439/3439 3440/3440/3440
f 3342/3342/3342 3440/3440/3440 3343/3343/3343
f 3343/3343/3343 3440/3440/3440 3441/3441/3441
f 3343/3343/3343 3441/3441/3441 3344/3344/3344
f 3344/3344/3344 3441/3441/3441 3442/3442/3442
f 3344/3344/3344 3442/3442/3442 3345/3345/3345
f 3345/3345/3345 3442/3442/3442 3443/3443/3443
f 3345/3345/3345 3443/3443/3443 3346/3346/3346
f 3346/3346/3346 3443/3443/3443 3444/3444/3444
f 3346/3346/3346 3444/3444/3444 3347/3347/3347
f 3347/3347/3347 3444/3444/3444 3445/3445/3445
f 3347/3347/3347 3445/3445/3445 3348/3348/3348
f 3348/3348/3348 3445/3445/3445 3446/3446/3446
f 3348/3348/3348 3446/3446/3446 3349/3349/3349
f 3349/3349/3349 3446/3446/3446 3447/3447/3447
f 3349/3349/3349 3447/3447/3447 3350/3350/3350
f 3350/3350/3350 3447/3447/3447 3448/3448/3448
f 3350/3350/3350 3448/3448/3448 3351/3351/3351
f 3351/3351/3351 3448/3448/3448 3449/3449/3449
f 3351/3351/3351 3449/3449/3449 3352/3352/3352
f 3352/3352/3352 3449/3449/3449 3450/3450/3450
f 3352/3352/3352 3450/3450/3450 3353/3353/3353
f 3353/3353/3353 3450/3450/3450 3451/3451/3451
f 3353/3353/3353 3451/3451/3451 3354/3354/3354
f 3354/3354/3354 3451/3451/3451 3452/3452/3452
f 3354/3354/3354 3452/3452/3452 3355/3355/3355
f 3355/3355/3355 3452/3452/3452 3453/3453/3453
f 3355/3355/3355 3453/3453/3453 3356/3356/3356
f 3356/3356/3356 3453/3453/3453 3454/3454/3454
f 3356/3356/3356 3454/3454/3454 3357/3357/3357
f 3357/3357/3357 3454/3454/3454 3455/3455/3455
f 3357/3357/3357 3455/3455/3455 3358/3358/3358
f 3358/3358/3358 3455/3455/3455 3456/3456/3456
f 3358/3358/3358 3456/3456/3456 3359/3359/3359
f 3359/3359/3359 3456/3456/3456 3457/3457/3457
f 3359/3359/3359 3457/3457/3457 3360/3360/3360
f 3360/3360/3360 3457/3457/3457 3458/3458/3458
f 3360/3360/3360 3458/3458/3458 3361/3361/3361
f 3361/3361/3361 3458/3458/3458 3459/3459/3459
f 3361/3361/3361 3459/3459/3459 3362/3362/3362
f 3362/3362/3362 3459/3459/3459 3460/3460/3460
f 3362/3362/3362 3460/3460/3460 3363/3363/3363
f 3363/3363/3363 3460/3460/3460 3461/3461/3461
f 3363/3363/3363 3461/3461/3461 3364/3364/3364
f 3364/3364/3364 3461/3461/3461 3462/3462/3462
f 3364/3364/3364 3462/3462/3462 3365/3365/3365
f 3365/3365/3365 3462/3462/3462 3463/3463/3463
f 3365/3365/3365 3463/3463/3463 3366/3366/3366
f 3366/3366/3366 3463/3463/3463 3464/3464/3464
f 3366/3366/3366 3464/3464/3464 3367/3367/3367
f 3367/3367/3367 3464/3464/3464 3465/3465/3465
f 3367/3367/3367 3465/3465/3465 3368/3368/3368
f 3368/3368/3368 3465/3465/3465 3466/3466/3466
f 3368/3368/3368 3466/3466/3466 3369/3369/3369
f 3369/3369/3369 3466/3466/3466 3467/3467/3467
f 3369/3369/3369 3467/3467/3467 3370/3370/3370
f 3370/3370/3370 3467/3467/3467 3468/3468/3468
f 3370/3370/3370 3468/3468/3468 3371/3371/3371
f 3371/3371/3371 3468/3468/3468 3469/3469/3469
f 3371/3371/3371 3469/3469/3469 3372/3372/3372
f 3372/3372/3372 3469/3469/3469 3470/3470/3470
f 3372/3372/3372 3470/3470/3470 3373/3373/3373
f 3373/3373/3373 3470/3470/3470 3471/3471/3471
f 3373/3373/3373 3471/3471/3471 3374/3374/3374
f 3374/3374/3374 3471/3471/3471 3472/3472/3472
f 3374/3374/3374 3472/3472/3472 3375/3375/3375
f 3375/3375/3375 3472/3472/3472 3473/3473/3473
f 3375/3375/3375 3473/3473/3473 3376/3376/3376
f 3376/3376/3376 3473/3473/3473 3474/3474/3474
f 3376/3376/3376 3474/3474/3474 3377/3377/3377
f 3377/3377/3377 3474/3474/3474 3475/3475/3475
f 3377/3377/3377 3475/3475/3475 3378/3378/3378
f 3378/3378/3378 3475/3475/3475 3476/3476/3476
f 3378/3378/3378 3476/3476/3476 3379/3379/3379
f 3379/3379/3379 3476/3476/3476 3477/3477/3477
f 3379/3379/3379 3477/3477/3477 3380/3380/3380
f 3380/3380/3380 3477/3477/3477 3478/3478/3478
f 3380/3380/3380 3478/3478/3478 3381/3381/3381
f 3381/3381/3381 3478/3478/3478 3479/3479/3479
f 3381/3381/3381 3479/3479/3479 3382/3382/3382
f 3382/3382/3382 3479/3479/3479 3480/3480/3480
f 3382/3382/3382 3480/3480/3480 3383/3383/3383
f 3383/3383/3383 3480/3480/3480 3481/3481/3481
f 3383/3383/3383 3481/3481/3481 3384/3384/3384
f 3384/3384/3384 3481/3481/3481 3482/3482/3482
f 3384/3384/3384 3482/3482/3482 3385/3385/3385
f 3385/3385/3385 3482/3482/3482 3483/3483/3483
f 3385/3385/3385 3483/3483/3483 3386/3386/3386
f 3386/3386/3386 3483/3483/3483 3484/3484/3484
f 3386/3386/3386 3484/3484/3484 3387/3387/3387
f 3387/3387/3387 3484/3484/3484 3485/3485/3485
f 3387/3387/3387 3485/3485/3485 3388/3388/3388
f 3388/3388/3388 3485/3485/3485 3486/3486/3486
f 3388/3388/3388 3486/3486/3486 3389/3389/3389
f 3389/3389/3389 3486/3486/3486 3487/3487/3487
f 3389/3389/3389 3487/3487/3487 3390/3390/3390
f 3390/3390/3390 3487/3487/3487 3488/3488/3488
f 3390/3390/3390 3488/3488/3488 3391/3391/3391
f 3391/3391/3391 3488/3488/3488 3489/3489/3489
f 3391/3391/3391 3489/3489/3489 3392/3392/3392
f 3392/3392/3392 3489/3489/3489 3490/3490/3490
f 3392/3392/3392 3490/3490/3490 3393/3393/3393
f 3393/3393/3393 3490/3490/3490 3491/3491/3491
f 3393/3393/3393 3491/3491/3491 3394/3394/3394
f 3395/3395/3395 3492/3492/3492 3493/3493/3493
f 3395/3395/3395 3493/3493/3493 3396/3396/3396
f 3396/3396/3396 3493/3493/3493 3494/3494/3494
f 3396/3396/3396 3494/3494/3494 3397/3397/3397
f 3397/3397/3397 3494/3494/3494 3495/3495/3495
f 3397/3397/3397 3495/3495/3495 3398/3398/3398
f 3398/3398/3398 3495/3495/3495 3496/3496/3496
f 3398/3398/3398 3496/3496/3496 3399/3399/3399
f 3399/3399/3399 3496/3496/3496 3497/3497/3497
f 3399/3399/3399 3497/3497/3497 3400/3400/3400
f 3400/3400/3400 3497/3497/3497 3498/3498/3498
f 3400/3400/3400 3498/3498/3498 3401/3401/3401
f 3401/3401/3401 3498/3498/3498 3499/3499/3499
f 3401/3401/3401 3499/3499/3499 3402/3402/3402
f 3402/3402/3402 3499/3499/3499 3500/3500/3500
f 3402/3402/3402 3500/3500/3500 3403/3403/3403
f 3403/3403/3403 3500/3500/3500 3501/3501/3501
f 3403/3403/3403 3501/3501/3501 3404/3404/3404
f 3404/3404/3404 3501/3501/3501 3502/3502/3502
f 3404/3404/3404 3502/3502/3502 3405/3405/3405
f 3405/3405/3405 3502/3502/3502 3503/3503/3503
f 3405/3405/3405 3503/3503/3503 3406/3406/3406
f 3406/3406/3406 3503/3503/3503 3504/3504/3504
f 3406/3406/3406 3504/3504/3504 3407/3407/3407
f 3407/3407/3407 3504/3504/3504 3505/3505/3505
f 3407/3407/3407 3505/3505/3505 3408/3408/3408
f 3408/3408/3408 3505/3505/3505 3506/3506/3506
f 3408/3408/3408 3506/3506/3506 3409/3409/3409
f 3409/3409/3409 3506/3506/3506 3507/3507/3507
f 3409/3409/3409 3507/3507/3507 3410/3410/3410
f 3410/3410/3410 3507/3507/3507 3508/3508/3508
f 3410/3410/3410 3508/3508/3508 3411/3411/3411
f 3411/3411/3411 3508/3508/3508 3509/3509/3509
f 3411/3411/3411 3509/3509/3509 3412/3412/3412
f 3412/3412/3412 3509/3509/3509 3510/3510/3510
f 3412/3412/3412 3510/3510/3510 3413/3413/3413
f 3413/3413/3413 3510/3510/3510 3511/3511/3511
f 3413/3413/3413 3511/3511/3511 3414/3414/3414
f 3414/3414/3414 3511/3511/3511 3512/3512/3512
f 3414/3414/3414 3512/3512/3512 3415/3415/3415
f 3415/3415/3415 3512/3512/3512 3513/3513/3513
f 3415/3415/3415 3513/3513/3513 3416/3416/3416
f 3416/3416/3416 3513/3513/3513 3514/3514/3514
f 3416/3416/3416 3514/3514/3514 3417/3417/3417
f 3417/3417/3417 3514/3514/3514 3515/3515/3515
f 3417/3417/3417 3515/3515/3515 3418/3418/3418
f 3418/3418/3418 3515/3515/3515 3516/3516/3516
f 3418/3418/3418 3516/3516/3516 3419/3419/3419
f 3419/3419/3419 3516/3516/3516 3517/3517/3517
f 3419/3419/3419 3517/3517/3517 3420/3420/3420
f 3420/3420/3420 3517/3517/3517 3518/3518/3518
f 3420/3420/3420 3518/3518/3518 3421/3421/3421
f 3421/3421/3421 3518/3518/3518 3519/3519/3519
f 3421/3421/3421 3519/3519/3519 3422/3422/3422
f 3422/3422/3422 3519/3519/3519 3520/3520/3520
f 3422/3422/3422 3520/3520/3520 3423/3423/3423
f 3423/3423/3423 3520/3520/3520 3521/3521/3521
f 3423/3423/3423 3521/3521/3521 3424/3424/3424
f 3424/3424/3424 3521/3521/3521 3522/3522/3522
f 3424/3424/3424 3522/3522/3522 3425/3425/3425
f 3425/3425/3425 3522/3522/3522 3523/3523/3523
f 3425/3425/3425 3523/3523/3523 3426/3426/3426
f 3426/3426/3426 3523/3523/3523 3524/3524/3524
f 3426/3426/3426 3524/3524/3524 3427/3427/3427
f 3427/3427/3427 3524/3524/3524 3525/3525/3525
f 3427/3427/3427 3525/3525/3525 3428/3428/3428
f 3428/3428/3428 3525/3525/3525 3526/3526/3526
f 3428/3428/3428 3526/3526/3526 3429/3429/3429
f 3429/3429/3429 3526/3526/3526 3527/3527/3527
f 3429/3429/3429 3527/3527/3527 3430/3430/3430
f 3430/3430/3430 3527/3527/3527 3528/3528/3528
f 3430/3430/3430 3528/3528/3528 3431/3431/3431
f 3431/3431/3431 3528/3528/3528 3529/3529/3529
f 3431/3431/3431 3529/3529/3529 3432/3432/3432
f 3432/3432/3432 3529/3529/3529 3530/3530/3530
f 3432/3432/3432 3530/3530/3530 3433/3433/3433
f 3433/3433/3433 3530/3530/3530 3531/3531/3531
f 3433/3433/3433 3531/3531/3531 3434/3434/3434
f 3434/3434/3434 3531/3531/3531 3532/3532/3532
f 3434/3434/3434 3532/3532/3532 3435/3435/3435
f 3435/3435/3435 3532/3532/3532 3533/3533/3533
f 3435/3435/3435 3533/3533/3533 3436/3436/3436
f 3436/3436/3436 3533/3533/3533 3534/3534/3534
f 3436/3436/3436 3534/3534/3534 3437/3437/3437
f 3437/3437/3437 3534/3534/3534 3535/3535/3535
f 3437/3437/3437 3535/3535/3535 3438/3438/3438
f 3438/3438/3438 3535/3535/3535 3536/3536/3536
f 3438/3438/3438 3536/3536/3536 3439/3439/3439
f 3439/3439/3439 3536/3536/3536 3537/3537/3537
f 3439/3439/3439 3537/3537/3537 3440/3440/3440
f 3440/3440/3440 3537/3537/3537 3538/3538/3538
f 3440/3440/3440 3538/3538/3538 3441/3441/3441
f 3441/3441/3441 3538/3538/3538 3539/3539/3539
f 3441/3441/3441 3539/3539/3539 3442/3442/3442
f 3442/3442/3442 3539/3539/3539 3540/3540/3540
f 3442/3442/3442 3540/3540/3540 3443/3443/3443
f 3443/3443/3443 3540/3540/3540 3541/3541/3541
f 3443/3443/3443 3541/3541/3541 3444/3444/3444
f 3444/3444/3444 3541/3541/3541 3542/3542/3542
f 3444/3444/3444 3542/3542/3542 3445/3445/3445
f 3445/3445/3445 3542/3542/3542 3543/3543/3543
f 3445/3445/3445 3543/3543/3543 3446/3446/3446
f 3446/3446/3446 3543/3543/3543 3544/3544/3544
f 3446/3446/3446 3544/3544/3544 3447/3447/3447
f 3447/3447/3447 3544/3544/3544 3545/3545/3545
f 3447/3447/3447 3545/3545/3545 3448/3448/3448
f 3448/3448/3448 3545/3545/3545 3546/3546/3546
f 3448/3448/3448 3546/3546/3546 3449/3449/3449
f 3449/3449/3449 3546/3546/3546 3547/3547/3547
f 3449/3449/3449 3547/3547/3547 3450/3450/3450
f 3450/3450/3450 3547/3547/3547 3548/3548/3548
f 3450/3450/3450 3548/3548/3548 3451/3451/3451
f 3451/3451/3451 3548/3548/3548 3549/3549/3549
f 3451/3451/3451 3549/3549/3549 3452/3452/3452
f 3452/3452/3452 3549/3549/3549 3550/3550/3550
f 3452/3452/3452 3550/3550/3550 3453/3453/3453
f 3453/3453/3453 3550/3550/3550 3551/3551/3551
f 3453/3453/3453 3551/3551/3551 3454/3454/3454
f 3454/3454/3454 3551/3551/3551 3552/3552/3552
f 3454/3454/3454 3552/3552/3552 3455/3455/3455
f 3455/3455/3455 3552/3552/3552 3553/3553/3553
f 3455/3455/3455 3553/3553/3553 3456/3456/3456
f 3456/3456/3456 3553/3553/3553 3554/3554/3554
f 3456/3456/3456 3554/3554/3554 3457/3457/3457
f 3457/3457/3457 3554/3554/3554 3555/3555/3555
f 3457/3457/3457 3555/3555/3555 3458/3458/3458
f 3458/3458/3458 3555/3555/3555 3556/3556/3556
f 3458/3458/3458 3556/3556/3556 3459/3459/3459
f 3459/3459/3459 3556/3556/3556 3557/3557/3557
f 3459/3459/3459 3557/3557/3557 3460/3460/3460
f 3460/3460/3460 3557/3557/3557 3558/3558/3558
f 3460/3460/3460 3558/3558/3558 3461/3461/3461
f 3461/3461/3461 3558/3558/3558 3559/3559/3559
f 3461/3461/3461 3559/3559/3559 3462/3462/3462
f 3462/3462/3462 3559/3559/3559 3560/3560/3560
f 3462/3462/3462 3560/3560/3560 3463/3463/3463
f 3463/3463/3463 3560/3560/3560 3561/3561/3561
f 3463/3463/3463 3561/3561/3561 3464/3464/3464
f 3464/3464/3464 3561/3561/3561 3562/3562/3562
f 3464/3464/3464 3562/3562/3562 3465/3465/3465
f 3465/3465/3465 3562/3562/3562 3563/3563/3563
f 3465/3465/3465 3563/3563/3563 3466/3466/3466
f 3466/3466/3466 3563/3563/3563 3564/3564/3564
f 3466/3466/3466 3564/3564/3564 3467/3467/3467
f 3467/3467/3467 3564/3564/3564 3565/3565/3565
f 3467/3467/3467 3565/3565/3565 3468/3468/3468
f 3468/3468/3468 3565/3565/3565 3566/3566/3566
f 3468/3468/3468 3566/3566/3566 3469/3469/3469
f 3469/3469/3469 3566/3566/3566 3567/3567/3567
f 3469/3469/3469 3567/3567/3567 3470/3470/3470
f 3470/3470/3470 3567/3567/3567 3568/3568/3568
f 3470/3470/3470 3568/3568/3568 3471/3471/3471
f 3471/3471/3471 3568/3568/3568 3569/3569/3569
f 3471/3471/3471 3569/3569/3569 3472/3472/3472
f 3472/3472/3472 3569/3569/3569 3570/3570/3570
f 3472/3472/3472 3570/3570/3570 3473/3473/3473
f 3473/3473/3473 3570/3570/3570 3571/3571/3571
f 3473/3473/3473 3571/3571/3571 3474/3474/3474
f 3474/3474/3474 3571/3571/3571 3572/3572/3572
f 3474/3474/3474 3572/3572/3572 3475/3475/3475
f 3475/3475/3475 3572/3572/3572 3573/3573/3573
f 3475/3475/3475 3573/3573/3573 3476/3476/3476
f 3476/3476/3476 3573/3573/3573 3574/3574/3574
f 3476/3476/3476 3574/3574/3574 3477/3477/3477
f 3477/3477/3477 3574/3574/3574 3575/3575/3575
f 3477/3477/3477 3575/3575/3575 3478/3478/3478
f 3478/3478/3478 3575/3575/3575 3576/3576/3576
f 3478/3478/3478 3576/3576/3576 3479/3479/3479
f 3479/3479/3479 3576/3576/3576 3577/3577/3577
f 3479/3479/3479 3577/3577/3577 3480/3480/3480
f 3480/3480/3480 3577/3577/3577 3578/3578/3578
f 3480/3480/3480 3578/3578/3578 3481/3481/3481
f 3481/3481/3481 3578/3578/3578 3579/3579/3579
f 3481/3481/3481 3579/3579/3579 3482/3482/3482
f 3482/3482/3482 3579/3579/3579 3580/3580/3580
f 3482/3482/3482 3580/3580/3580 3483/3483/3483
f 3483/3483/3483 3580/3580/3580 3581/3581/3581
f 3483/3483/3483 3581/3581/3581 3484/3484/3484
f 3484/3484/3484 3581/3581/3581 3582/3582/3582
f 3484/3484/3484 3582/3582/3582 3485/3485/3485
f 3485/3485/3485 3582/3582/3582 3583/3583/3583
f 3485/3485/3485 3583/3583/3583 3486/3486/3486
f 3486/3486/3486 3583/3583/3583 3584/3584/3584
f 3486/3486/3486 3584/3584/3584 3487/3487/3487
f 3487/3487/3487 3584/3584/3584 3585/3585/3585
f 3487/3487/3487 3585/3585/3585 3488/3488/3488
f 3488/3488/3488 3585/3585/3585 3586/3586/3586
f 3488/3488/3488 3586/3586/3586 3489/3489/3489
f 3489/3489/3489 3586/3586/3586 3587/3587/3587
f 3489/3489/3489 3587/3587/3587 3490/3490/3490
f 3490/3490/3490 3587/3587/3587 3588/3588/3588
f 3490/3490/3490 3588/3588/3588 3491/3491/3491
f 3492/3492/3492 3589/3589/3589 3590/3590/3590
f 3492/3492/3492 3590/3590/3590 3493/3493/3493
f 3493/3493/3493 3590/3590/3590 3591/3591/3591
f 3493/3493/3493 3591/3591/3591 3494/3494/3494
f 3494/3494/3494 3591/3591/3591 3592/3592/3592
f 3494/3494/3494 3592/3592/3592 3495/3495/3495
f 3495/3495/3495 3592/3592/3592 3593/3593/3593
f 3495/3495/3495 3593/3593/3593 3496/3496/3496
f 3496/3496/3496 3593/3593/3593 3594/3594/3594
f 3496/3496/3496 3594/3594/3594 3497/3497/3497
f 3497/3497/3497 3594/3594/3594 3595/3595/3595
f 3497/3497/3497 3595/3595/3595 3498/3498/3498
f 3498/3498/3498 3595/3595/3595 3596/3596/3596
f 3498/3498/3498 3596/3596/3596 3499/3499/3499
f 3499/3499/3499 3596/3596/3596 3597/3597/3597
f 3499/3499/3499 3597/3597/3597 3500/3500/3500
f 3500/3500/3500 3597/3597/3597 3598/3598/3598
f 3500/3500/3500 3598/3598/3598 3501/3501/3501
f 3501/3501/3501 3598/3598/3598 3599/3599/3599
f 3501/3501/3501 3599/3599/3599 3502/3502/3502
f 3502/3502/3502 3599/3599/3599 3600/3600/3600
f 3502/3502/3502 3600/3600/3600 3503/3503/3503
f 3503/3503/3503 3600/3600/3600 3601/3601/3601
f 3503/3503/3503 3601/3601/3601 3504/3504/3504
f 3504/3504/3504 3601/3601/3601 3602/3602/3602
f 3504/3504/3504 3602/3602/3602 3505/3505/3505
f 3505/3505/3505 3602/3602/3602 3603/3603/3603
f 3505/3505/3505 3603/3603/3603 3506/3506/3506
f 3506/3506/3506 3603/3603/3603 3604/3604/3604
f 3506/3506/3506 3604/3604/3604 3507/3507/3507
f 3507/3507/3507 3604/3604/3604 3605/3605/3605
f 3507/3507/3507 3605/3605/3605 3508/3508/3508
f 3508/3508/3508 3605/3605/3605 3606/3606/3606
f 3508/3508/3508 3606/3606/3606 3509/3509/3509
f 3509/3509/3509 3606/3606/3606 3607/3607/3607
f 3509/3509/3509 3607/3607/3607 3510/3510/3510
f 3510/3510/3510 3607/3607/3607 3608/3608/3608
f 3510/3510/3510 3608/3608/3608 3511/3511/3511
f 3511/3511/3511 3608/3608/3608 3609/3609/3609
f 3511/3511/3511 3609/3609/3609 3512/3512/3512
f 3512/3512/3512 3609/3609/3609 3610/3610/3610
f 3512/3512/3512 3610/3610/3610 3513/3513/3513
f 3513/3513/3513 3610/3610/3610 3611/3611/3611
f 3513/3513/3513 3611/3611/3611 3514/3514/3514
f 3514/3514/3514 3611/3611/3611 3612/3612/3612
f 3514/3514/3514 3612/3612/3612 3515/3515/3515
f 3515/3515/3515 3612/3612/3612 3613/3613/3613
f 3515/3515/3515 3613/3613/3613 3516/3516/3516
f 3516/3516/3516 3613/3613/3613 3614/3614/3614
f 3516/3516/3516 3614/3614/3614 3517/3517/3517
f 3517/3517/3517 3614/3614/3614 3615/3615/3615
f 3517/3517/3517 3615/3615/3615 3518/3518/3518
f 3518/3518/3518 3615/3615/3615 3616/3616/3616
f 3518/3518/3518 3616/3616/3616 3519/3519/3519
f 3519/3519/3519 3616/3616/3616 3617/3617/3617
f 3519/3519/3519 3617/3617/3617 3520/3520/3520
f 3520/3520/3520 3617/3617/3617 3618/3618/3618
f 3520/3520/3520 3618/3618/3618 3521/3521/3521
f 3521/3521/3521 3618/3618/3618 3619/3619/3619
f 3521/3521/3521 3619/3619/3619 3522/3522/3522
f 3522/3522/3522 3619/3619/3619 3620/3620/3620
f 3522/3522/3522 3620/3620/3620 3523/3523/3523
f 3523/3523/3523 3620/3620/3620 3621/3621/3621
f 3523/3523/3523 3621/3621/3621 3524/3524/3524
f 3524/3524/3524 3621/3621/3621 3622/3622/3622
f 3524/3524/3524 3622/3622/3622 3525/3525/3525
f 3525/3525/3525 3622/3622/3622 3623/3623/3623
f 3525/3525/3525 3623/3623/3623 3526/3526/3526
f 3526/3526/3526 3623/3623/3623 3624/3624/3624
f 3526/3526/3526 3624/3624/3624 3527/3527/3527
f 3527/3527/3527 3624/3624/3624 3625/3625/3625
f 3527/3527/3527 3625/3625/3625 3528/3528/3528
f 3528/3528/3528 3625/3625/3625 3626/3626/3626
f 3528/3528/3528 3626/3626/3626 3529/3529/3529
f 3529/3529/3529 3626/3626/3626 3627/3627/3627
f 3529/3529/3529 3627/3627/3627 3530/3530/3530
f 3530/3530/3530 3627/3627/3627 3628/3628/3628
f 3530/3530/3530 3628/3628/3628 3531/3531/3531
f 3531/3531/3531 3628/3628/3628 3629/3629/3629
f 3531/3531/3531 3629/3629/3629 3532/3532/3532
f 3532/3532/3532 3629/3629/3629 3630/3630/3630
f 3532/3532/3532 3630/3630/3630 3533/3533/3533
f 3533/3533/3533 3630/3630/3630 3631/3631/3631
f 3533/3533/3533 3631/3631/3631 3534/3534/3534
f 3534/3534/3534 3631/3631/3631 3632/3632/3632
f 3534/3534/3534 3632/3632/3632 3535/3535/3535
f 3535/3535/3535 3632/3632/3632 3633/3633/3633
f 3535/3535/3535 3633/3633/3633 3536/3536/3536
f 3536/3536/3536 3633/3633/3633 3634/3634/3634
f 3536/3536/3536 3634/3634/3634 3537/3537/3537
f 3537/3537/3537 3634/3634/3634 3635/3635/3635
f 3537/3537/3537 3635/3635/3635 3538/3538/3538
f 3538/3538/3538 3635/3635/3635 3636/3636/3636
f 3538/3538/3538 3636/3636/3636 3539/3539/3539
f 3539/3539/3539 3636/3636/3636 3637/3637/3637
f 3539/3539/3539 3637/3637/3637 3540/3540/3540
f 3540/3540/3540 3637/3637/3637 3638/3638/3638
f 3540/3540/3540 3638/3638/3638 3541/3541/3541
f 3541/3541/3541 3638/3638/3638 3639/3639/3639
f 3541/3541/3541 3639/3639/3639 3542/3542/3542
f 3542/3542/3542 3639/3639/3639 3640/3640/3640
f 3542/3542/3542 3640/3640/3640 3543/3543/3543
f 3543/3543/3543 3640/3640/3640 3641/3641/3641
f 3543/3543/3543 3641/3641/3641 3544/3544/3544
f 3544/3544/3544 3641/3641/3641 3642/3642/3642
f 3544/3544/3544 3642/3642/3642 3545/3545/3545
f 3545/3545/3545 3642/3642/3642 3643/3643/3643
f 3545/3545/3545 3643/3643/3643 3546/3546/3546
f 3546/3546/3546 3643/3643/3643 3644/3644/3644
f 3546/3546/3546 3644/3644/3644 3547/3547/3547
f 3547/3547/3547 3644/3644/3644 3645/3645/3645
f 3547/3547/3547 3645/3645/3645 3548/3548/3548
f 3548/3548/3548 3645/3645/3645 3646/3646/3646
f 3548/3548/3548 3646/3646/3646 3549/3549/3549
f 3549/3549/3549 3646/3646/3646 3647/3647/3647
f 3549/3549/3549 3647/3647/3647 3550/3550/3550
f 3550/3550/3550 3647/3647/3647 3648/3648/3648
f 3550/3550/3550 3648/3648/3648 3551/3551/3551
f 3551/3551/3551 3648/3648/3648 3649/3649/3649
f 3551/3551/3551 3649/3649/3649 3552/3552/3552
f 3552/3552/3552 3649/3649/3649 3650/3650/3650
f 3552/3552/3552 3650/3650/3650 3553/3553/3553
f 3553/3553/3553 3650/3650/3650 3651/3651/3651
f 3553/3553/3553 3651/3651/3651 3554/3554/3554
f 3554/3554/3554 3651/3651/3651 3652/3652/3652
f 3554/3554/3554 3652/3652/3652 3555/3555/3555
f 3555/3555/3555 3652/3652/3652 3653/3653/3653
f 3555/3555/3555 3653/3653/3653 3556/3556/3556
f 3556/3556/3556 3653/3653/3653 3654/3654/3654
f 3556/3556/3556 3654/3654/3654 3557/3557/3557
f 3557/3557/3557 3654/3654/3654 3655/3655/3655
f 3557/3557/3557 3655/3655/3655 3558/3558/3558
f 3558/3558/3558 3655/3655/3655 3656/3656/3656
f 3558/3558/3558 3656/3656/3656 3559/3559/3559
f 3559/3559/3559 3656/3656/3656 3657/3657/3657
f 3559/3559/3559 3657/3657/3657 3560/3560/3560
f 3560/3560/3560 3657/3657/3657 3658/3658/3658
f 3560/3560/3560 3658/3658/3658 3561/3561/3561
f 3561/3561/3561 3658/3658/3658 3659/3659/3659
f 3561/3561/3561 3659/3659/3659 3562/3562/3562
f 3562/3562/3562 3659/3659/3659 3660/3660/3660
f 3562/3562/3562 3660/3660/3660 3563/3563/3563
f 3563/3563/3563 3660/3660/3660 3661/3661/3661
f 3563/3563/3563 3661/3661/3661 3564/3564/3564
f 3564/3564/3564 3661/3661/3661 3662/3662/3662
f 3564/3564/3564 3662/3662/3662 3565/3565/3565
f 3565/3565/3565 3662/3662/3662 3663/3663/3663
f 3565/3565/3565 3663/3663/3663 3566/3566/3566
f 3566/3566/3566 3663/3663/3663 3664/3664/3664
f 3566/3566/3566 3664/3664/3664 3567/3567/3567
f 3567/3567/3567 3664/3664/3664 3665/3665/3665
f 3567/3567/3567 3665/3665/3665 3568/3568/3568
f 3568/3568/3568 3665/3665/3665 3666/3666/3666
f 3568/3568/3568 3666/3666/3666 3569/3569/3569
f 3569/3569/3569 3666/3666/3666 3667/3667/3667
f 3569/3569/3569 3667/3667/3667 3570/3570/3570
f 3570/3570/3570 3667/3667/3667 3668/3668/3668
f 3570/3570/3570 3668/3668/3668 3571/3571/3571
f 3571/3571/3571 3668/3668/3668 3669/3669/3669
f 3571/3571/3571 3669/3669/3669 3572/3572/3572
f 3572/3572/3572 3669/3669/3669 3670/3670/3670
f 3572/3572/3572 3670/3670/3670 3573/3573/3573
f 3573/3573/3573 3670/3670/3670 3671/3671/3671
f 3573/3573/3573 3671/3671/3671 3574/3574/3574
f 3574/3574/3574 3671/3671/3671 3672/3672/3672
f 3574/3574/3574 3672/3672/3672 3575/3575/3575
f 3575/3575/3575 3672/3672/3672 3673/3673/3673
f 3575/3575/3575 3673/3673/3673 3576/3576/3576
f 3576/3576/3576 3673/3673/3673 3674/3674/3674
f 3576/3576/3576 3674/3674/3674 3577/3577/3577
f 3577/3577/3577 3674/3674/3674 3675/3675/3675
f 3577/3577/3577 3675/3675/3675 3578/3578/3578
f 3578/3578/3578 3675/3675/3675 3676/3676/3676
f 3578/3578/3578 3676/3676/3676 3579/3579/3579
f 3579/3579/3579 3676/3676/3676 3677/3677/3677
f 3579/3579/3579 3677/3677/3677 3580/3580/3580
f 3580/3580/3580 3677/3677/3677 3678/3678/3678
f 3580/3580/3580 3678/3678/3678 3581/3581/3581
f 3581/3581/3581 3678/3678/3678 3679/3679/3679
f 3581/3581/3581 3679/3679/3679 3582/3582/3582
f 3582/3582/3582 3679/3679/3679 3680/3680/3680
f 3582/3582/3582 3680/3680/3680 3583/3583/3583
f 3583/3583/3583 3680/3680/3680 3681/3681/3681
f 3583/3583/3583 3681/3681/3681 3584/3584/3584
f 3584/3584/3584 3681/3681/3681 3682/3682/3682
f 3584/3584/3584 3682/3682/3682 3585/3585/3585
f 3585/3585/3585 3682/3682/3682 3683/3683/3683
f 3585/3585/3585 3683/3683/3683 3586/3586/3586
f 3586/3586/3586 3683/3683/3683 3684/3684/3684
f 3586/3586/3586 3684/3684/3684 3587/3587/3587
f 3587/3587/3587 3684/3684/3684 3685/3685/3685
f 3587/3587/3587 3685/3685/3685 3588/3588/3588
f 3589/3589/3589 3686/3686/3686 3687/3687/3687
f 3589/3589/3589 3687/3687/3687 3590/3590/3590
f 3590/3590/3590 3687/3687/3687 3688/3688/3688
f 3590/3590/3590 3688/3688/3688 3591/3591/3591
f 3591/3591/3591 3688/3688/3688 3689/3689/3689
f 3591/3591/3591 3689/3689/3689 3592/3592/3592
f 3592/3592/3592 3689/3689/3689 3690/3690/3690
f 3592/3592/3592 3690/3690/3690 3593/3593/3593
f 3593/3593/3593 3690/3690/3690 3691/3691/3691
f 3593/3593/3593 3691/3691/3691 3594/3594/3594
f 3594/3594/3594 3691/3691/3691 3692/3692/3692
f 3594/3594/3594 3692/3692/3692 3595/3595/3595
f 3595/3595/3595 3692/3692/3692 3693/3693/3693
f 3595/3595/3595 3693/3693/3693 3596/3596/3596
f 3596/3596/3596 3693/3693/3693 3694/3694/3694
f 3596/3596/3596 3694/3694/3694 3597/3597/3597
f 3597/3597/3597 3694/3694/3694 3695/3695/3695
f 3597/3597/3597 3695/3695/3695 3598/3598/3598
f 3598/3598/3598 3695/3695/3695 3696/3696/3696
f 3598/3598/3598 3696/3696/3696 3599/3599/3599
f 3599/3599/3599 3696/3696/3696 3697/3697/3697
f 3599/3599/3599 3697/3697/3697 3600/3600/3600
f 3600/3600/3600 3697/3697/3697 3698/3698/3698
f 3600/3600/3600 3698/3698/3698 3601/3601/3601
f 3601/3601/3601 3698/3698/3698 3699/3699/3699
f 3601/3601/3601 3699/3699/3699 3602/3602/3602
f 3602/3602/3602 3699/3699/3699 3700/3700/3700
f 3602/3602/3602 3700/3700/3700 3603/3603/3603
f 3603/3603/3603 3700/3700/3700 3701/3701/3701
f 3603/3603/3603 3701/3701/3701 3604/3604/3604
f 3604/3604/3604 3701/3701/3701 3702/3702/3702
f 3604/3604/3604 3702/3702/3702 3605/3605/3605
f 3605/3605/3605 3702/3702/3702 3703/3703/3703
f 3605/3605/3605 3703/3703/3703 3606/3606/3606
f 3606/3606/3606 3703/3703/3703 3704/3704/3704
f 3606/3606/3606 3704/3704/3704 3607/3607/3607
f 3607/3607/3607 3704/3704/3704 3705/3705/3705
f 3607/3607/3607 3705/3705/3705 3608/3608/3608
f 3608/3608/3608 3705/3705/3705 3706/3706/3706
f 3608/3608/3608 3706/3706/3706 3609/3609/3609
f 3609/3609/3609 3706/3706/3706 3707/3707/3707
f 3609/3609/3609 3707/3707/3707 3610/3610/3610
f 3610/3610/3610 3707/3707/3707 3708/3708/3708
f 3610/3610/3610 3708/3708/3708 3611/3611/3611
f 3611/3611/3611 3708/3708/3708 3709/3709/3709
f 3611/3611/3611 3709/3709/3709 3612/3612/3612
f 3612/3612/3612 3709/3709/3709 3710/3710/3710
f 3612/3612/3612 3710/3710/3710 3613/3613/3613
f 3613/3613/3613 3710/3710/3710 3711/3711/3711
f 3613/3613/3613 3711/3711/3711 3614/3614/3614
f 3614/3614/3614 3711/3711/3711 3712/3712/3712
f 3614/3614/3614 3712/3712/3712 3615/3615/3615
f 3615/3615/3615 3712/3712/3712 3713/3713/3713
f 3615/3615/3615 3713/3713/3713 3616/3616/3616
f 3616/3616/3616 3713/3713/3713 3714/3714/3714
f 3616/3616/3616 3714/3714/3714 3617/3617/3617
f 3617/3617/3617 3714/3714/3714 3715/3715/3715
f 3617/3617/3617 3715/3715/3715 3618/3618/3618
f 3618/3618/3618 3715/3715/3715 3716/3716/3716
f 3618/3618/3618 3716/3716/3716 3619/3619/3619
f 3619/3619/3619 3716/3716/3716 3717/3717/3717
f 3619/3619/3619 3717/3717/3717 3620/3620/3620
f 3620/3620/3620 3717/3717/3717 3718/3718/3718
f 3620/3620/3620 3718/3718/3718 3621/3621/3621
f 3621/3621/3621 3718/3718/3718 3719/3719/3719
f 3621/3621/3621 3719/3719/3719 3622/3622/3622
f 3622/3622/3622 3719/3719/3719 3720/3720/3720
f 3622/3622/3622 3720/3720/3720 3623/3623/3623
f 3623/3623/3623 3720/3720/3720 3721/3721/3721
f 3623/3623/3623 3721/3721/3721 3624/3624/3624
f 3624/3624/3624 3721/3721/3721 3722/3722/3722
f 3624/3624/3624 3722/3722/3722 3625/3625/3625
f 3625/3625/3625 3722/3722/3722 3723/3723/3723
f 3625/3625/3625 3723/3723/3723 3626/3626/3626
f 3626/3626/3626 3723/3723/3723 3724/3724/3724
f 3626/3626/3626 3724/3724/3724 3627/3627/3627
f 3627/3627/3627 3724/3724/3724 3725/3725/3725
f 3627/3627/3627 3725/3725/3725 3628/3628/3628
f 3628/3628/3628 3725/3725/3725 3726/3726/3726
f 3628/3628/3628 3726/3726/3726 3629/3629/3629
f 3629/3629/3629 3726/3726/3726 3727/3727/3727
f 3629/3629/3629 3727/3727/3727 3630/3630/3630
f 3630/3630/3630 3727/3727/3727 3728/3728/3728
f 3630/3630/3630 3728/3728/3728 3631/3631/3631
f 3631/3631/3631 3728/3728/3728 3729/3729/3729
f 3631/3631/3631 3729/3729/3729 3632/3632/3632
f 3632/3632/3632 3729/3729/3729 3730/3730/3730
f 3632/3632/3632 3730/3730/3730 3633/3633/3633
f 3633/3633/3633 3730/3730/3730 3731/3731/3731
f 3633/3633/3633 3731/3731/3731 3634/3634/3634
f 3634/3634/3634 3731/3731/3731 3732/3732/3732
f 3634/3634/3634 3732/3732/3732 3635/3635/3635
f 3635/3635/3635 3732/3732/3732 3733/3733/3733
f 3635/3635/3635 3733/3733/3733 3636/3636/3636
f 3636/3636/3636 3733/3733/3733 3734/3734/3734
f 3636/3636/3636 3734/3734/3734 3637/3637/3637
f 3637/3637/3637 3734/3734/3734 3735/3735/3735
f 3637/3637/3637 3735/3735/3735 3638/3638/3638
f 3638/3638/3638 3735/3735/3735 3736/3736/3736
f 3638/3638/3638 3736/3736/3736 3639/3639/3639
f 3639/3639/3639 3736/3736/3736 3737/3737/3737
f 3639/3639/3639 3737/3737/3737 3640/3640/3640
f 3640/3640/3640 3737/3737/3737 3738/3738/3738
f 3640/3640/3640 3738/3738/3738 3641/3641/3641
f 3641/3641/3641 3738/3738/3738 3739/3739/3739
f 3641/3641/3641 3739/3739/3739 3642/3642/3642
f 3642/3642/3642 3739/3739/3739 3740/3740/3740
f 3642/3642/3642 3740/3740/3740 3643/3643/3643
f 3643/3643/3643 3740/3740/3740 3741/3741/3741
f 3643/3643/3643 3741/3741/3741 3644/3644/3644
f 3644/3644/3644 3741/3741/3741 3742/3742/3742
f 3644/3644/3644 3742/3742/3742 3645/3645/3645
f 3645/3645/3645 3742/3742/3742 3743/3743/3743
f 3645/3645/3645 3743/3743/3743 3646/3646/3646
f 3646/3646/3646 3743/3743/3743 3744/3744/3744
f 3646/3646/3646 3744/3744/3744 3647/3647/3647
f 3647/3647/3647 3744/3744/3744 3745/3745/3745
f 3647/3647/3647 3745/3745/3745 3648/3648/3648
f 3648/3648/3648 3745/3745/3745 3746/3746/3746
f 3648/3648/3648 3746/3746/3746 3649/3649/3649
f 3649/3649/3649 3746/3746/3746 3747/3747/3747
f 3649/3649/3649 3747/3747/3747 3650/3650/3650
f 3650/3650/3650 3747/3747/3747 3748/3748/3748
f 3650/3650/3650 3748/3748/3748 3651/3651/3651
f 3651/3651/3651 3748/3748/3748 3749/3749/3749
f 3651/3651/3651 3749/3749/3749 3652/3652/3652
f 3652/3652/3652 3749/3749/3749 3750/3750/3750
f 3652/3652/3652 3750/3750/3750 3653/3653/3653
f 3653/3653/3653 3750/3750/3750 3751/3751/3751
f 3653/3653/3653 3751/3751/3751 3654/3654/3654
f 3654/3654/3654 3751/3751/3751 3752/3752/3752
f 3654/3654/3654 3752/3752/3752 3655/3655/3655
f 3655/3655/3655 3752/3752/3752 3753/3753/3753
f 3655/3655/3655 3753/3753/3753 3656/3656/3656
f 3656/3656/3656 3753/3753/3753 3754/3754/3754
f 3656/3656/3656 3754/3754/3754 3657/3657/3657
f 3657/3657/3657 3754/3754/3754 3755/3755/3755
f 3657/3657/3657 3755/3755/3755 3658/3658/3658
f 3658/3658/3658 3755/3755/3755 3756/3756/3756
f 3658/3658/3658 3756/3756/3756 3659/3659/3659
f 3659/3659/3659 3756/3756/3756 3757/3757/3757
f 3659/3659/3659 3757/3757/3757 3660/3660/3660
f 3660/3660/3660 3757/3757/3757 3758/3758/3758
f 3660/3660/3660 3758/3758/3758 3661/3661/3661
f 3661/3661/3661 3758/3758/3758 3759/3759/3759
f 3661/3661/3661 3759/3759/3759 3662/3662/3662
f 3662/3662/3662 3759/3759/3759 3760/3760/3760
f 3662/3662/3662 3760/3760/3760 3663/3663/3663
f 3663/3663/3663 3760/3760/3760 3761/3761/3761
f 3663/3663/3663 3761/3761/3761 3664/3664/3664
f 3664/3664/3664 3761/3761/3761 3762/3762/3762
f 3664/3664/3664 3762/3762/3762 3665/3665/3665
f 3665/3665/3665 3762/3762/3762 3763/3763/3763
f 3665/3665/3665 3763/3763/3763 3666/3666/3666
f 3666/3666/3666 3763/3763/3763 3764/3764/3764
f 3666/3666/3666 3764/3764/3764 3667/3667/3667
f 3667/3667/3667 3764/3764/3764 3765/3765/3765
f 3667/3667/3667 3765/3765/3765 3668/3668/3668
f 3668/3668/3668 3765/3765/3765 3766/3766/3766
f 3668/3668/3668 3766/3766/3766 3669/3669/3669
f 3669/3669/3669 3766/3766/3766 3767/3767/3767
f 3669/3669/3669 3767/3767/3767 3670/3670/3670
f 3670/3670/3670 3767/3767/3767 3768/3768/3768
f 3670/3670/3670 3768/3768/3768 3671/3671/3671
f 3671/3671/3671 3768/3768/3768 3769/3769/3769
f 3671/3671/3671 3769/3769/3769 3672/3672/3672
f 3672/3672/3672 3769/3769/3769 3770/3770/3770
f 3672/3672/3672 3770/3770/3770 3673/3673/3673
f 3673/3673/3673 3770/3770/3770 3771/3771/3771
f 3673/3673/3673 3771/3771/3771 3674/3674/3674
f 3674/3674/3674 3771/3771/3771 3772/3772/3772
f 3674/3674/3674 3772/3772/3772 3675/3675/3675
f 3675/3675/3675 3772/3772/3772 3773/3773/3773
f 3675/3675/3675 3773/3773/3773 3676/3676/3676
f 3676/3676/3676 3773/3773/3773 3774/3774/3774
f 3676/3676/3676 3774/3774/3774 3677/3677/3677
f 3677/3677/3677 3774/3774/3774 3775/3775/3775
f 3677/3677/3677 3775/3775/3775 3678/3678/3678
f 3678/3678/3678 3775/3775/3775 3776/3776/3776
f 3678/3678/3678 3776/3776/3776 3679/3679/3679
f 3679/3679/3679 3776/3776/3776 3777/3777/3777
f 3679/3679/3679 3777/3777/3777 3680/3680/3680
f 3680/3680/3680 3777/3777/3777 3778/3778/3778
f 3680/3680/3680 3778/3778/3778 3681/3681/3681
f 3681/3681/3681 3778/3778/3778 3779/3779/3779
f 3681/3681/3681 3779/3779/3779 3682/3682/3682
f 3682/3682/3682 3779/3779/3779 3780/3780/3780
f 3682/3682/3682 3780/3780/3780 3683/3683/3683
f 3683/3683/3683 3780/3780/3780 3781/3781/3781
f 3683/3683/3683 3781/3781/3781 3684/3684/3684
f 3684/3684/3684 3781/3781/3781 3782/3782/3782
f 3684/3684/3684 3782/3782/3782 3685/3685/3685
f 3686/3686/3686 3783/3783/3783 3784/3784/3784
f 3686/3686/3686 3784/3784/3784 3687/3687/3687
f 3687/3687/3687 3784/3784/3784 3785/3785/3785
f 3687/3687/3687 3785/3785/3785 3688/3688/3688
f 3688/3688/3688 3785/3785/3785 3786/3786/3786
f 3688/3688/3688 3786/3786/3786 3689/3689/3689
f 3689/3689/3689 3786/3786/3786 3787/3787/3787
f 3689/3689/3689 3787/3787/3787 3690/3690/3690
f 3690/3690/3690 3787/3787/3787 3788/3788/3788
f 3690/3690/3690 3788/3788/3788 3691/3691/3691
f 3691/3691/3691 3788/3788/3788 3789/3789/3789
f 3691/3691/3691 3789/3789/3789 3692/3692/3692
f 3692/3692/3692 3789/3789/3789 3790/3790/3790
f 3692/3692/3692 3790/3790/3790 3693/3693/3693
f 3693/3693/3693 3790/3790/3790 3791/3791/3791
f 3693/3693/3693 3791/3791/3791 3694/3694/3694
f 3694/3694/3694 3791/3791/3791 3792/3792/3792
f 3694/3694/3694 3792/3792/3792 3695/3695/3695
f 3695/3695/3695 3792/3792/3792 3793/3793/3793
f 3695/3695/3695 3793/3793/3793 3696/3696/3696
f 3696/3696/3696 3793/3793/3793 3794/3794/3794
f 3696/3696/3696 3794/3794/3794 3697/3697/3697
f 3697/3697/3697 3794/3794/3794 3795/3795/3795
f 3697/3697/3697 3795/3795/3795 3698/3698/3698
f 3698/3698/3698 3795/3795/3795 3796/3796/3796
f 3698/3698/3698 3796/3796/3796 3699/3699/3699
f 3699/3699/3699 3796/3796/3796 3797/3797/3797
f 3699/3699/3699 3797/3797/3797 3700/3700/3700
f 3700/3700/3700 3797/3797/3797 3798/3798/3798
f 3700/3700/3700 3798/3798/3798 3701/3701/3701
f 3701/3701/3701 3798/3798/3798 3799/3799/3799
f 3701/3701/3701 3799/3799/3799 3702/3702/3702
f 3702/3702/3702 3799/3799/3799 3800/3800/3800
f 3702/3702/3702 3800/3800/3800 3703/3703/3703
f 3703/3703/3703 3800/3800/3800 3801/3801/3801
f 3703/3703/3703 3801/3801/3801 3704/3704/3704
f 3704/3704/3704 3801/3801/3801 3802/3802/3802
f 3704/3704/3704 3802/3802/3802 3705/3705/3705
f 3705/3705/3705 3802/3802/3802 3803/3803/3803
f 3705/3705/3705 3803/3803/3803 3706/3706/3706
f 3706/3706/3706 3803/3803/3803 3804/3804/3804
f 3706/3706/3706 3804/3804/3804 3707/3707/3707
f 3707/3707/3707 3804/3804/3804 3805/3805/3805
f 3707/3707/3707 3805/3805/3805 3708/3708/3708
f 3708/3708/3708 3805/3805/3805 3806/3806/3806
f 3708/3708/3708 3806/3806/3806 3709/3709/3709
f 3709/3709/3709 3806/3806/3806 3807/3807/3807
f 3709/3709/3709 3807/3807/3807 3710/3710/3710
f 3710/3710/3710 3807/3807/3807 3808/3808/3808
f 3710/3710/3710 3808/3808/3808 3711/3711/3711
f 3711/3711/3711 3808/3808/3808 3809/3809/3809
f 3711/3711/3711 3809/3809/3809 3712/3712/3712
f 3712/3712/3712 3809/3809/3809 3810/3810/3810
f 3712/3712/3712 3810/3810/3810 3713/3713/3713
f 3713/3713/3713 3810/3810/3810 3811/3811/3811
f 3713/3713/3713 3811/3811/3811 3714/3714/3714
f 3714/3714/3714 3811/3811/3811 3812/3812/3812
f 3714/3714/3714 3812/3812/3812 3715/3715/3715
f 3715/3715/3715 3812/3812/3812 3813/3813/3813
f 3715/3715/3715 3813/3813/3813 3716/3716/3716
f 3716/3716/3716 3813/3813/3813 3814/3814/3814
f 3716/3716/3716 3814/3814/3814 3717/3717/3717
f 3717/3717/3717 3814/3814/3814 3815/3815/3815
f 3717/3717/3717 3815/3815/3815 3718/3718/3718
f 3718/3718/3718 3815/3815/3815 3816/3816/3816
f 3718/3718/3718 3816/3816/3816 3719/3719/3719
f 3719/3719/3719 3816/3816/3816 3817/3817/3817
f 3719/3719/3719 3817/3817/3817 3720/3720/3720
f 3720/3720/3720 3817/3817/3817 3818/3818/3818
f 3720/3720/3720 3818/3818/3818 3721/3721/3721
f 3721/3721/3721 3818/3818/3818 3819/3819/3819
f 3721/3721/3721 3819/3819/3819 3722/3722/3722
f 3722/3722/3722 3819/3819/3819 3820/3820/3820
f 3722/3722/3722 3820/3820/3820 3723/3723/3723
f 3723/3723/3723 3820/3820/3820 3821/3821/3821
f 3723/3723/3723 3821/3821/3821 3724/3724/3724
f 3724/3724/3724 3821/3821/3821 3822/3822/3822
f 3724/3724/3724 3822/3822/3822 3725/3725/3725
f 3725/3725/3725 3822/3822/3822 3823/3823/3823
f 3725/3725/3725 3823/3823/3823 3726/3726/3726
f 3726/3726/3726 3823/3823/3823 3824/3824/3824
f 3726/3726/3726 3824/3824/3824 3727/3727/3727
f 3727/3727/3727 3824/3824/3824 3825/3825/3825
f 3727/3727/3727 3825/3825/3825 3728/3728/3728
f 3728/3728/3728 3825/3825/3825 3826/3826/3826
f 3728/3728/3728 3826/3826/3826 3729/3729/3729
f 3729/3729/3729 3826/3826/3826 3827/3827/3827
f 3729/3729/3729 3827/3827/3827 3730/3730/3730
f 3730/3730/3730 3827/3827/3827 3828/3828/3828
f 3730/3730/3730 3828/3828/3828 3731/3731/3731
f 3731/3731/3731 3828/3828/3828 3829/3829/3829
f 3731/3731/3731 3829/3829/3829 3732/3732/3732
f 3732/3732/3732 3829/3829/3829 3830/3830/3830
f 3732/3732/3732 3830/3830/3830 3733/3733/3733
f 3733/3733/3733 3830/3830/3830 3831/3831/3831
f 3733/3733/3733 3831/3831/3831 3734/3734/3734
f 3734/3734/3734 3831/3831/3831 3832/3832/3832
f 3734/3734/3734 3832/3832/3832 3735/3735/3735
f 3735/3735/3735 3832/3832/3832 3833/3833/3833
f 3735/3735/3735 3833/3833/3833 3736/3736/3736
f 3736/3736/3736 3833/3833/3833 3834/3834/3834
f 3736/3736/3736 3834/3834/3834 3737/3737/3737
f 3737/3737/3737 3834/3834/3834 3835/3835/3835
f 3737/3737/3737 3835/3835/3835 3738/3738/3738
f 3738/3738/3738 3835/3835/3835 3836/3836/3836
f 3738/3738/3738 3836/3836/3836 3739/3739/3739
f 3739/3739/3739 3836/3836/3836 3837/3837/3837
f 3739/3739/3739 3837/3837/3837 3740/3740/3740
f 3740/3740/3740 3837/3837/3837 3838/3838/3838
f 3740/3740/3740 3838/3838/3838 3741/3741/3741
f 3741/3741/3741 3838/3838/3838 3839/3839/3839
f 3741/3741/3741 3839/3839/3839 3742/3742/3742
f 3742/3742/3742 3839/3839/3839 3840/3840/3840
f 3742/3742/3742 3840/3840/3840 3743/3743/3743
f 3743/3743/3743 3840/3840/3840 3841/3841/3841
f 3743/3743/3743 3841/3841/3841 3744/3744/3744
f 3744/3744/3744 3841/3841/3841 3842/3842/3842
f 3744/3744/3744 3842/3842/3842 3745/3745/3745
f 3745/3745/3745 3842/3842/3842 3843/3843/3843
f 3745/3745/3745 3843/3843/3843 3746/3746/3746
f 3746/3746/3746 3843/3843/3843 3844/3844/3844
f 3746/3746/3746 3844/3844/3844 3747/3747/3747
f 3747/3747/3747 3844/3844/3844 3845/3845/3845
f 3747/3747/3747 3845/3845/3845 3748/3748/3748
f 3748/3748/3748 3845/3845/3845 3846/3846/3846
f 3748/3748/3748 3846/3846/3846 3749/3749/3749
f 3749/3749/3749 3846/3846/3846 3847/3847/3847
f 3749/3749/3749 3847/3847/3847 3750/3750/3750
f 3750/3750/3750 3847/3847/3847 3848/3848/3848
f 3750/3750/3750 3848/3848/3848 3751/3751/3751
f 3751/3751/3751 3848/3848/3848 3849/3849/3849
f 3751/3751/3751 3849/3849/3849 3752/3752/3752
f 3752/3752/3752 3849/3849/3849 3850/3850/3850
f 3752/3752/3752 3850/3850/3850 3753/3753/3753
f 3753/3753/3753 3850/3850/3850 3851/3851/3851
f 3753/3753/3753 3851/3851/3851 3754/3754/3754
f 3754/3754/3754 3851/3851/3851 3852/3852/3852
f 3754/3754/3754 3852/3852/3852 3755/3755/3755
f 3755/3755/3755 3852/3852/3852 3853/3853/3853
f 3755/3755/3755 3853/3853/3853 3756/3756/3756
f 3756/3756/3756 3853/3853/3853 3854/3854/3854
f 3756/3756/3756 3854/3854/3854 3757/3757/3757
f 3757/3757/3757 3854/3854/3854 3855/3855/3855
f 3757/3757/3757 3855/3855/3855 3758/3758/3758
f 3758/3758/3758 3855/3855/3855 3856/3856/3856
f 3758/3758/3758 3856/3856/3856 3759/3759/3759
f 3759/3759/3759 3856/3856/3856 3857/3857/3857
f 3759/3759/3759 3857/3857/3857 3760/3760/3760
f 3760/3760/3760 3857/3857/3857 3858/3858/3858
f 3760/3760/3760 3858/3858/3858 3761/3761/3761
f 3761/3761/3761 3858/3858/3858 3859/3859/3859
f 3761/3761/3761 3859/3859/3859 3762/3762/3762
f 3762/3762/3762 3859/3859/3859 3860/3860/3860
f 3762/3762/3762 3860/3860/3860 3763/3763/3763
f 3763/3763/3763 3860/3860/3860 3861/3861/3861
f 3763/3763/3763 3861/3861/3861 3764/3764/3764
f 3764/3764/3764 3861/3861/3861 3862/3862/3862
f 3764/3764/3764 3862/3862/3862 3765/3765/3765
f 3765/3765/3765 3862/3862/3862 3863/3863/3863
f 3765/3765/3765 3863/3863/3863 3766/3766/3766
f 3766/3766/3766 3863/3863/3863 3864/3864/3864
f 3766/3766/3766 3864/3864/3864 3767/3767/3767
f 3767/3767/3767 3864/3864/3864 3865/3865/3865
f 3767/3767/3767 3865/3865/3865 3768/3768/3768
f 3768/3768/3768 3865/3865/3865 3866/3866/3866
f 3768/3768/3768 3866/3866/3866 3769/3769/3769
f 3769/3769/3769 3866/3866/3866 3867/3867/3867
f 3769/3769/3769 3867/3867/3867 3770/3770/3770
f 3770/3770/3770 3867/3867/3867 3868/3868/3868
f 3770/3770/3770 3868/3868/3868 3771/3771/3771
f 3771/3771/3771 3868/3868/3868 3869/3869/3869
f 3771/3771/3771 3869/3869/3869 3772/3772/3772
f 3772/3772/3772 3869/3869/3869 3870/3870/3870
f 3772/3772/3772 3870/3870/3870 3773/3773/3773
f 3773/3773/3773 3870/3870/3870 3871/3871/3871
f 3773/3773/3773 3871/3871/3871 3774/3774/3774
f 3774/3774/3774 3871/3871/3871 3872/3872/3872
f 3774/3774/3774 3872/3872/3872 3775/3775/3775
f 3775/3775/3775 3872/3872/3872 3873/3873/3873
f 3775/3775/3775 3873/3873/3873 3776/3776/3776
f 3776/3776/3776 3873/3873/3873 3874/3874/3874
f 3776/3776/3776 3874/3874/3874 3777/3777/3777
f 3777/3777/3777 3874/3874/3874 3875/3875/3875
f 3777/3777/3777 3875/3875/3875 3778/3778/3778
f 3778/3778/3778 3875/3875/3875 3876/3876/3876
f 3778/3778/3778 3876/3876/3876 3779/3779/3779
f 3779/3779/3779 3876/3876/3876 3877/3877/3877
f 3779/3779/3779 3877/3877/3877 3780/3780/3780
f 3780/3780/3780 3877/3877/3877 3878/3878/3878
f 3780/3780/3780 3878/3878/3878 3781/3781/3781
f 3781/3781/3781 3878/3878/3878 3879/3879/3879
f 3781/3781/3781 3879/3879/3879 3782/3782/3782
f 3783/3783/3783 3880/3880/3880 3881/3881/3881
f 3783/3783/3783 3881/3881/3881 3784/3784/3784
f 3784/3784/3784 3881/3881/3881 3882/3882/3882
f 3784/3784/3784 3882/3882/3882 3785/3785/3785
f 3785/3785/3785 3882/3882/3882 3883/3883/3883
f 3785/3785/3785 3883/3883/3883 3786/3786/3786
f 3786/3786/3786 3883/3883/3883 3884/3884/3884
f 3786/3786/3786 3884/3884/3884 3787/3787/3787
f 3787/3787/3787 3884/3884/3884 3885/3885/3885
f 3787/3787/3787 3885/3885/3885 3788/3788/3788
f 3788/3788/3788 3885/3885/3885 3886/3886/3886
f 3788/3788/3788 3886/3886/3886 3789/3789/3789
f 3789/3789/3789 3886/3886/3886 3887/3887/3887
f 3789/3789/3789 3887/3887/3887 3790/3790/3790
f 3790/3790/3790 3887/3887/3887 3888/3888/3888
f 3790/3790/3790 3888/3888/3888 3791/3791/3791
f 3791/3791/3791 3888/3888/3888 3889/3889/3889
f 3791/3791/3791 3889/3889/3889 3792/3792/3792
f 3792/3792/3792 3889/3889/3889 3890/3890/3890
f 3792/3792/3792 3890/3890/3890 3793/3793/3793
f 3793/3793/3793 3890/3890/3890 3891/3891/3891
f 3793/3793/3793 3891/3891/3891 3794/3794/3794
f 3794/3794/3794 3891/3891/3891 3892/3892/3892
f 3794/3794/3794 3892/3892/3892 3795/3795/3795
f 3795/3795/3795 3892/3892/3892 3893/3893/3893
f 3795/3795/3795 3893/3893/3893 3796/3796/3796
f 3796/3796/3796 3893/3893/3893 3894/3894/3894
f 3796/3796/3796 3894/3894/3894 3797/3797/3797
f 3797/3797/3797 3894/3894/3894 3895/3895/3895
f 3797/3797/3797 3895/3895/3895 3798/3798/3798
f 3798/3798/3798 3895/3895/3895 3896/3896/3896
f 3798/3798/3798 3896/3896/3896 3799/3799/3799
f 3799/3799/3799 3896/3896/3896 3897/3897/3897
f 3799/3799/3799 3897/3897/3897 3800/3800/3800
f 3800/3800/3800 3897/3897/3897 3898/3898/3898
f 3800/3800/3800 3898/3898/3898 3801/3801/3801
f 3801/3801/3801 3898/3898/3898 3899/3899/3899
f 3801/3801/3801 3899/3899/3899 3802/3802/3802
f 3802/3802/3802 3899/3899/3899 3900/3900/3900
f 3802/3802/3802 3900/3900/3900 3803/3803/3803
f 3803/3803/3803 3900/3900/3900 3901/3901/3901
f 3803/3803/3803 3901/3901/3901 3804/3804/3804
f 3804/3804/3804 3901/3901/3901 3902/3902/3902
f 3804/3804/3804 3902/3902/3902 3805/3805/3805
f 3805/3805/3805 3902/3902/3902 3903/3903/3903
f 3805/3805/3805 3903/3903/3903 3806/3806/3806
f 3806/3806/3806 3903/3903/3903 3904/3904/3904
f 3806/3806/3806 3904/3904/3904 3807/3807/3807
f 3807/3807/3807 3904/3904/3904 3905/3905/3905
f 3807/3807/3807 3905/3905/3905 3808/3808/3808
f 3808/3808/3808 3905/3905/3905 3906/3906/3906
f 3808/3808/3808 3906/3906/3906 3809/3809/3809
f 3809/3809/3809 3906/3906/3906 3907/3907/3907
f 3809/3809/3809 3907/3907/3907 3810/3810/3810
f 3810/3810/3810 3907/3907/3907 3908/3908/3908
f 3810/3810/3810 3908/3908/3908 3811/3811/3811
f 3811/3811/3811 3908/3908/3908 3909/3909/3909
f 3811/3811/3811 3909/3909/3909 3812/3812/3812
f 3812/3812/3812 3909/3909/3909 3910/3910/3910
f 3812/3812/3812 3910/3910/3910 3813/3813/3813
f 3813/3813/3813 3910/3910/3910 3911/3911/3911
f 3813/3813/3813 3911/3911/3911 3814/3814/3814
f 3814/3814/3814 3911/3911/3911 3912/3912/3912
f 3814/3814/3814 3912/3912/3912 3815/3815/3815
f 3815/3815/3815 3912/3912/3912 3913/3913/3913
f 3815/3815/3815 3913/3913/3913 3816/3816/3816
f 3816/3816/3816 3913/3913/3913 3914/3914/3914
f 3816/3816/3816 3914/3914/3914 3817/3817/3817
f 3817/3817/3817 3914/3914/3914 3915/3915/3915
f 3817/3817/3817 3915/3915/3915 3818/3818/3818
f 3818/3818/3818 3915/3915/3915 3916/3916/3916
f 3818/3818/3818 3916/3916/3916 3819/3819/3819
f 3819/3819/3819 3916/3916/3916 3917/3917/3917
f 3819/3819/3819 3917/3917/3917 3820/3820/3820
f 3820/3820/3820 3917/3917/3917 3918/3918/3918
f 3820/3820/3820 3918/3918/3918 3821/3821/3821
f 3821/3821/3821 3918/3918/3918 3919/3919/3919
f 3821/3821/3821 3919/3919/3919 3822/3822/3822
f 3822/3822/3822 3919/3919/3919 3920/3920/3920
f 3822/3822/3822 3920/3920/3920 3823/3823/3823
f 3823/3823/3823 3920/3920/3920 3921/3921/3921
f 3823/3823/3823 3921/3921/3921 3824/3824/3824
f 3824/3824/3824 3921/3921/3921 3922/3922/3922
f 3824/3824/3824 3922/3922/3922 3825/3825/3825
f 3825/3825/3825 3922/3922/3922 3923/3923/3923
f 3825/3825/3825 3923/3923/3923 3826/3826/3826
f 3826/3826/3826 3923/3923/3923 3924/3924/3924
f 3826/3826/3826 3924/3924/3924 3827/3827/3827
f 3827/3827/3827 3924/3924/3924 3925/3925/3925
f 3827/3827/3827 3925/3925/3925 3828/3828/3828
f 3828/3828/3828 3925/3925/3925 3926/3926/3926
f 3828/3828/3828 3926/3926/3926 3829/3829/3829
f 3829/3829/3829 3926/3926/3926 3927/3927/3927
f 3829/3829/3829 3927/3927/3927 3830/3830/3830
f 3830/3830/3830 3927/3927/3927 3928/3928/3928
f 3830/3830/3830 3928/3928/3928 3831/3831/3831
f 3831/3831/3831 3928/3928/3928 3929/3929/3929
f 3831/3831/3831 3929/3929/3929 3832/3832/3832
f 3832/3832/3832 3929/3929/3929 3930/3930/3930
f 3832/3832/3832 3930/3930/3930 3833/3833/3833
f 3833/3833/3833 3930/3930/3930 3931/3931/3931
f 3833/3833/3833 3931/3931/3931 3834/3834/3834
f 3834/3834/3834 3931/3931/3931 3932/3932/3932
f 3834/3834/3834 3932/3932/3932 3835/3835/3835
f 3835/3835/3835 3932/3932/3932 3933/3933/3933
f 3835/3835/3835 3933/3933/3933 3836/3836/3836
f 3836/3836/3836 3933/3933/3933 3934/3934/3934
f 3836/3836/3836 3934/3934/3934 3837/3837/3837
f 3837/3837/3837 3934/3934/3934 3935/3935/3935
f 3837/3837/3837 3935/3935/3935 3838/3838/3838
f 3838/3838/3838 3935/3935/3935 3936/3936/3936
f 3838/3838/3838 3936/3936/3936 3839/3839/3839
f 3839/3839/3839 3936/3936/3936 3937/3937/3937
f 3839/3839/3839 3937/3937/3937 3840/3840/3840
f 3840/3840/3840 3937/3937/3937 3938/3938/3938
f 3840/3840/3840 3938/3938/3938 3841/3841/3841
f 3841/3841/3841 3938/3938/3938 3939/3939/3939
f 3841/3841/3841 3939/3939/3939 3842/3842/3842
f 3842/3842/3842 3939/3939/3939 3940/3940/3940
f 3842/3842/3842 3940/3940/3940 3843/3843/3843
f 3843/3843/3843 3940/3940/3940 3941/3941/3941
f 3843/3843/3843 3941/3941/3941 3844/3844/3844
f 3844/3844/3844 3941/3941/3941 3942/3942/3942
f 3844/3844/3844 3942/3942/3942 3845/3845/3845
f 3845/3845/3845 3942/3942/3942 3943/3943/3943
f 3845/3845/3845 3943/3943/3943 3846/3846/3846
f 3846/3846/3846 3943/3943/3943 3944/3944/3944
f 3846/3846/3846 3944/3944/3944 3847/3847/3847
f 3847/3847/3847 3944/3944/3944 3945/3945/3945
f 3847/3847/3847 3945/3945/3945 3848/3848/3848
f 3848/3848/3848 3945/3945/3945 3946/3946/3946
f 3848/3848/3848 3946/3946/3946 3849/3849/3849
f 3849/3849/3849 3946/3946/3946 3947/3947/3947
f 3849/3849/3849 3947/3947/3947 3850/3850/3850
f 3850/3850/3850 3947/3947/3947 3948/3948/3948
f 3850/3850/3850 3948/3948/3948 3851/3851/3851
f 3851/3851/3851 3948/3948/3948 3949/3949/3949
f 3851/3851/3851 3949/3949/3949 3852/3852/3852
f 3852/3852/3852 3949/3949/3949 3950/3950/3950
f 3852/3852/3852 3950/3950/3950 3853/3853/3853
f 3853/3853/3853 3950/3950/3950 3951/3951/3951
f 3853/3853/3853 3951/3951/3951 3854/3854/3854
f 3854/3854/3854 3951/3951/3951 3952/3952/3952
f 3854/3854/3854 3952/3952/3952 3855/3855/3855
f 3855/3855/3855 3952/3952/3952 3953/3953/3953
f 3855/3855/3855 3953/3953/3953 3856/3856/3856
f 3856/3856/3856 3953/3953/3953 3954/3954/3954
f 3856/3856/3856 3954/3954/3954 3857/3857/3857
f 3857/3857/3857 3954/3954/3954 3955/3955/3955
f 3857/3857/3857 3955/3955/3955 3858/3858/3858
f 3858/3858/3858 3955/3955/3955 3956/3956/3956
f 3858/3858/3858 3956/3956/3956 3859/3859/3859
f 3859/3859/3859 3956/3956/3956 3957/3957/3957
f 3859/3859/3859 3957/3957/3957 3860/3860/3860
f 3860/3860/3860 3957/3957/3957 3958/3958/3958
f 3860/3860/3860 3958/3958/3958 3861/3861/3861
f 3861/3861/3861 3958/3958/3958 3959/3959/3959
f 3861/3861/3861 3959/3959/3959 3862/3862/3862
f 3862/3862/3862 3959/3959/3959 3960/3960/3960
f 3862/3862/3862 3960/3960/3960 3863/3863/3863
f 3863/3863/3863 3960/3960/3960 3961/3961/3961
f 3863/3863/3863 3961/3961/3961 3864/3864/3864
f 3864/3864/3864 3961/3961/3961 3962/3962/3962
f 3864/3864/3864 3962/3962/3962 3865/3865/3865
f 3865/3865/3865 3962/3962/3962 3963/3963/3963
f 3865/3865/3865 3963/3963/3963 3866/3866/3866
f 3866/3866/3866 3963/3963/3963 3964/3964/3964
f 3866/3866/3866 3964/3964/3964 3867/3867/3867
f 3867/3867/3867 3964/3964/3964 3965/3965/3965
f 3867/3867/3867 3965/3965/3965 3868/3868/3868
f 3868/3868/3868 3965/3965/3965 3966/3966/3966
f 3868/3868/3868 3966/3966/3966 3869/3869/3869
f 3869/3869/3869 3966/3966/3966 3967/3967/3967
f 3869/3869/3869 3967/3967/3967 3870/3870/3870
f 3870/3870/3870 3967/3967/3967 3968/3968/3968
f 3870/3870/3870 3968/3968/3968 3871/3871/3871
f 3871/3871/3871 3968/3968/3968 3969/3969/3969
f 3871/3871/3871 3969/3969/3969 3872/3872/3872
f 3872/3872/3872 3969/3969/3969 3970/3970/3970
f 3872/3872/3872 3970/3970/3970 3873/3873/3873
f 3873/3873/3873 3970/3970/3970 3971/3971/3971
f 3873/3873/3873 3971/3971/3971 3874/3874/3874
f 3874/3874/3874 3971/3971/3971 3972/3972/3972
f 3874/3874/3874 3972/3972/3972 3875/3875/3875
f 3875/3875/3875 3972/3972/3972 3973/3973/3973
f 3875/3875/3875 3973/3973/3973 3876/3876/3876
f 3876/3876/3876 3973/3973/3973 3974/3974/3974
f 3876/3876/3876 3974/3974/3974 3877/3877/3877
f 3877/3877/3877 3974/3974/3974 3975/3975/3975
f 3877/3877/3877 3975/3975/3975 3878/3878/3878
f 3878/3878/3878 3975/3975/3975 3976/3976/3976
f 3878/3878/3878 3976/3976/3976 3879/3879/3879
f 3880/3880/3880 3977/3977/3977 3978/3978/3978
f 3880/3880/3880 3978/3978/3978 3881/3881/3881
f 3881/3881/3881 3978/3978/3978 3979/3979/3979
f 3881/3881/3881 3979/3979/3979 3882/3882/3882
f 3882/3882/3882 3979/3979/3979 3980/3980/3980
f 3882/3882/3882 3980/3980/3980 3883/3883/3883
f 3883/3883/3883 3980/3980/3980 3981/3981/3981
f 3883/3883/3883 3981/3981/3981 3884/3884/3884
f 3884/3884/3884 3981/3981/3981 3982/3982/3982
f 3884/3884/3884 3982/3982/3982 3885/3885/3885
f 3885/3885/3885 3982/3982/3982 3983/3983/3983
f 3885/3885/3885 3983/3983/3983 3886/3886/3886
f 3886/3886/3886 3983/3983/3983 3984/3984/3984
f 3886/3886/3886 3984/3984/3984 3887/3887/3887
f 3887/3887/3887 3984/3984/3984 3985/3985/3985
f 3887/3887/3887 3985/3985/3985 3888/3888/3888
f 3888/3888/3888 3985/3985/3985 3986/3986/3986
f 3888/3888/3888 3986/3986/3986 3889/3889/3889
f 3889/3889/3889 3986/3986/3986 3987/3987/3987
f 3889/3889/3889 3987/3987/3987 3890/3890/3890
f 3890/3890/3890 3987/3987/3987 3988/3988/3988
f 3890/3890/3890 3988/3988/3988 3891/3891/3891
f 3891/3891/3891 3988/3988/3988 3989/3989/3989
f 3891/3891/3891 3989/3989/3989 3892/3892/3892
f 3892/3892/3892 3989/3989/3989 3990/3990/3990
f 3892/3892/3892 3990/3990/3990 3893/3893/3893
f 3893/3893/3893 3990/3990/3990 3991/3991/3991
f 3893/3893/3893 3991/3991/3991 3894/3894/3894
f 3894/3894/3894 3991/3991/3991 3992/3992/3992
f 3894/3894/3894 3992/3992/3992 3895/3895/3895
f 3895/3895/3895 3992/3992/3992 3993/3993/3993
f 3895/3895/3895 3993/3993/3993 3896/3896/3896
f 3896/3896/3896 3993/3993/3993 3994/3994/3994
f 3896/3896/3896 3994/3994/3994 3897/3897/3897
f 3897/3897/3897 3994/3994/3994 3995/3995/3995
f 3897/3897/3897 3995/3995/3995 3898/3898/3898
f 3898/3898/3898 3995/3995/3995 3996/3996/3996
f 3898/3898/3898 3996/3996/3996 3899/3899/3899
f 3899/3899/3899 3996/3996/3996 3997/3997/3997
f 3899/3899/3899 3997/3997/3997 3900/3900/3900
f 3900/3900/3900 3997/3997/3997 3998/3998/3998
f 3900/3900/3900 3998/3998/3998 3901/3901/3901
f 3901/3901/3901 3998/3998/3998 3999/3999/3999
f 3901/3901/3901 3999/3999/3999 3902/3902/3902
f 3902/3902/3902 3999/3999/3999 4000/4000/4000
f 3902/3902/3902 4000/4000/4000 3903/3903/3903
f 3903/3903/3903 4000/4000/4000 4001/4001/4001
f 3903/3903/3903 4001/4001/4001 3904/3904/3904
f 3904/3904/3904 4001/4001/4001 4002/4002/4002
f 3904/3904/3904 4002/4002/4002 3905/3905/3905
f 3905/3905/3905 4002/4002/4002 4003/4003/4003
f 3905/3905/3905 4003/4003/4003 3906/3906/3906
f 3906/3906/3906 4003/4003/4003 4004/4004/4004
f 3906/3906/3906 4004/4004/4004 3907/3907/3907
f 3907/3907/3907 4004/4004/4004 4005/4005/4005
f 3907/3907/3907 4005/4005/4005 3908/3908/3908
f 3908/3908/3908 4005/4005/4005 4006/4006/4006
f 3908/3908/3908 4006/4006/4006 3909/3909/3909
f 3909/3909/3909 4006/4006/4006 4007/4007/4007
f 3909/3909/3909 4007/4007/4007 3910/3910/3910
f 3910/3910/3910 4007/4007/4007 4008/4008/4008
f 3910/3910/3910 4008/4008/4008 3911/3911/3911
f 3911/3911/3911 4008/4008/4008 4009/4009/4009
f 3911/3911/3911 4009/4009/4009 3912/3912/3912
f 3912/3912/3912 4009/4009/4009 4010/4010/4010
f 3912/3912/3912 4010/4010/4010 3913/3913/3913
f 3913/3913/3913 4010/4010/4010 4011/4011/4011
f 3913/3913/3913 4011/4011/4011 3914/3914/3914
f 3914/3914/3914 4011/4011/4011 4012/4012/4012
f 3914/3914/3914 4012/4012/4012 3915/3915/3915
f 3915/3915/3915 4012/4012/4012 4013/4013/4013
f 3915/3915/3915 4013/4013/4013 3916/3916/3916
f 3916/3916/3916 4013/4013/4013 4014/4014/4014
f 3916/3916/3916 4014/4014/4014 3917/3917/3917
f 3917/3917/3917 4014/4014/4014 4015/4015/4015
f 3917/3917/3917 4015/4015/4015 3918/3918/3918
f 3918/3918/3918 4015/4015/4015 4016/4016/4016
f 3918/3918/3918 4016/4016/4016 3919/3919/3919
f 3919/3919/3919 4016/4016/4016 4017/4017/4017
f 3919/3919/3919 4017/4017/4017 3920/3920/3920
f 3920/3920/3920 4017/4017/4017 4018/4018/4018
f 3920/3920/3920 4018/4018/4018 3921/3921/3921
f 3921/3921/3921 4018/4018/4018 4019/4019/4019
f 3921/3921/3921 4019/4019/4019 3922/3922/3922
f 3922/3922/3922 4019/4019/4019 4020/4020/4020
f 3922/3922/3922 4020/4020/4020 3923/3923/3923
f 3923/3923/3923 4020/4020/4020 4021/4021/4021
f 3923/3923/3923 4021/4021/4021 3924/3924/3924
f 3924/3924/3924 4021/4021/4021 4022/4022/4022
f 3924/3924/3924 4022/4022/4022 3925/3925/3925
f 3925/3925/3925 4022/4022/4022 4023/4023/4023
f 3925/3925/3925 4023/4023/4023 3926/3926/3926
f 3926/3926/3926 4023/4023/4023 4024/4024/4024
f 3926/3926/3926 4024/4024/4024 3927/3927/3927
f 3927/3927/3927 4024/4024/4024 4025/4025/4025
f 3927/3927/3927 4025/4025/4025 3928/3928/3928
f 3928/3928/3928 4025/4025/4025 4026/4026/4026
f 3928/3928/3928 4026/4026/4026 3929/3929/3929
f 3929/3929/3929 4026/4026/4026 4027/4027/4027
f 3929/3929/3929 4027/4027/4027 3930/3930/3930
f 3930/3930/3930 4027/4027/4027 4028/4028/4028
f 3930/3930/3930 4028/4028/4028 3931/3931/3931
f 3931/3931/3931 4028/4028/4028 4029/4029/4029
f 3931/3931/3931 4029/4029/4029 3932/3932/3932
f 3932/3932/3932 4029/4029/4029 4030/4030/4030
f 3932/3932/3932 4030/4030/4030 3933/3933/3933
f 3933/3933/3933 4030/4030/4030 4031/4031/4031
f 3933/3933/3933 4031/4031/4031 3934/3934/3934
f 3934/3934/3934 4031/4031/4031 4032/4032/4032
f 3934/3934/3934 4032/4032/4032 3935/3935/3935
f 3935/3935/3935 4032/4032/4032 4033/4033/4033
f 3935/3935/3935 4033/4033/4033 3936/3936/3936
f 3936/3936/3936 4033/4033/4033 4034/4034/4034
f 3936/3936/3936 4034/4034/4034 3937/3937/3937
f 3937/3937/3937 4034/4034/4034 4035/4035/4035
f 3937/3937/3937 4035/4035/4035 3938/3938/3938
f 3938/3938/3938 4035/4035/4035 4036/4036/4036
f 3938/3938/3938 4036/4036/4036 3939/3939/3939
f 3939/3939/3939 4036/4036/4036 4037/4037/4037
f 3939/3939/3939 4037/4037/4037 3940/3940/3940
f 3940/3940/3940 4037/4037/4037 4038/4038/4038
f 3940/3940/3940 4038/4038/4038 3941/3941/3941
f 3941/3941/3941 4038/4038/4038 4039/4039/4039
f 3941/3941/3941 4039/4039/4039 3942/3942/3942
f 3942/3942/3942 4039/4039/4039 4040/4040/4040
f 3942/3942/3942 4040/4040/4040 3943/3943/3943
f 3943/3943/3943 4040/4040/4040 4041/4041/4041
f 3943/3943/3943 4041/4041/4041 3944/3944/3944
f 3944/3944/3944 4041/4041/4041 4042/4042/4042
f 3944/3944/3944 4042/4042/4042 3945/3945/3945
f 3945/3945/3945 4042/4042/4042 4043/4043/4043
f 3945/3945/3945 4043/4043/4043 3946/3946/3946
f 3946/3946/3946 4043/4043/4043 4044/4044/4044
f 3946/3946/3946 4044/4044/4044 3947/3947/3947
f 3947/3947/3947 4044/4044/4044 4045/4045/4045
f 3947/3947/3947 4045/4045/4045 3948/3948/3948
f 3948/3948/3948 4045/4045/4045 4046/4046/4046
f 3948/3948/3948 4046/4046/4046 3949/3949/3949
f 3949/3949/3949 4046/4046/4046 4047/4047/4047
f 3949/3949/3949 4047/4047/4047 3950/3950/3950
f 3950/3950/3950 4047/4047/4047 4048/4048/4048
f 3950/3950/3950 4048/4048/4048 3951/3951/3951
f 3951/3951/3951 4048/4048/4048 4049/4049/4049
f 3951/3951/3951 4049/4049/4049 3952/3952/3952
f 3952/3952/3952 4049/4049/4049 4050/4050/4050
f 3952/3952/3952 4050/4050/4050 3953/3953/3953
f 3953/3953/3953 4050/4050/4050 4051/4051/4051
f 3953/3953/3953 4051/4051/4051 3954/3954/3954
f 3954/3954/3954 4051/4051/4051 4052/4052/4052
f 3954/3954/3954 4052/4052/4052 3955/3955/3955
f 3955/3955/3955 4052/4052/4052 4053/4053/4053
f 3955/3955/3955 4053/4053/4053 3956/3956/3956
f 3956/3956/3956 4053/4053/4053 4054/4054/4054
f 3956/3956/3956 4054/4054/4054 3957/3957/3957
f 3957/3957/3957 4054/4054/4054 4055/4055/4055
f 3957/3957/3957 4055/4055/4055 3958/3958/3958
f 3958/3958/3958 4055/4055/4055 4056/4056/4056
f 3958/3958/3958 4056/4056/4056 3959/3959/3959
f 3959/3959/3959 4056/4056/4056 4057/4057/4057
f 3959/3959/3959 4057/4057/4057 3960/3960/3960
f 3960/3960/3960 4057/4057/4057 4058/4058/4058
f 3960/3960/3960 4058/4058/4058 3961/3961/3961
f 3961/3961/3961 4058/4058/4058 4059/4059/4059
f 3961/3961/3961 4059/4059/4059 3962/3962/3962
f 3962/3962/3962 4059/4059/4059 4060/4060/4060
f 3962/3962/3962 4060/4060/4060 3963/3963/3963
f 3963/3963/3963 4060/4060/4060 4061/4061/4061
f 3963/3963/3963 4061/4061/4061 3964/3964/3964
f 3964/3964/3964 4061/4061/4061 4062/4062/4062
f 3964/3964/3964 4062/4062/4062 3965/3965/3965
f 3965/3965/3965 4062/4062/4062 4063/4063/4063
f 3965/3965/3965 4063/4063/4063 3966/3966/3966
f 3966/3966/3966 4063/4063/4063 4064/4064/4064
f 3966/3966/3966 4064/4064/4064 3967/3967/3967
f 3967/3967/3967 4064/4064/4064 4065/4065/4065
f 3967/3967/3967 4065/4065/4065 3968/3968/3968
f 3968/3968/3968 4065/4065/4065 4066/4066/4066
f 3968/3968/3968 4066/4066/4066 3969/3969/3969
f 3969/3969/3969 4066/4066/4066 4067/4067/4067
f 3969/3969/3969 4067/4067/4067 3970/3970/3970
f 3970/3970/3970 4067/4067/4067 4068/4068/4068
f 3970/3970/3970 4068/4068/4068 3971/3971/3971
f 3971/3971/3971 4068/4068/4068 4069/4069/4069
f 3971/3971/3971 4069/4069/4069 3972/3972/3972
f 3972/3972/3972 4069/4069/4069 4070/4070/4070
f 3972/3972/3972 4070/4070/4070 3973/3973/3973
f 3973/3973/3973 4070/4070/4070 4071/4071/4071
f 3973/3973/3973 4071/4071/4071 3974/3974/3974
f 3974/3974/3974 4071/4071/4071 4072/4072/4072
f 3974/3974/3974 4072/4072/4072 3975/3975/3975
f 3975/3975/3975 4072/4072/4072 4073/4073/4073
f 3975/3975/3975 4073/4073/4073 3976/3976/3976
f 3977/3977/3977 4074/4074/4074 4075/4075/4075
f 3977/3977/3977 4075/4075/4075 3978/3978/3978
f 3978/3978/3978 4075/4075/4075 4076/4076/4076
f 3978/3978/3978 4076/4076/4076 3979/3979/3979
f 3979/3979/3979 4076/4076/4076 4077/4077/4077
f 3979/3979/3979 4077/4077/4077 3980/3980/3980
f 3980/3980/3980 4077/4077/4077 4078/4078/4078
f 3980/3980/3980 4078/4078/4078 3981/3981/3981
f 3981/3981/3981 4078/4078/4078 4079/4079/4079
f 3981/3981/3981 4079/4079/4079 3982/3982/3982
f 3982/3982/3982 4079/4079/4079 4080/4080/4080
f 3982/3982/3982 4080/4080/4080 3983/3983/3983
f 3983/3983/3983 4080/4080/4080 4081/4081/4081
f 3983/3983/3983 4081/4081/4081 3984/3984/3984
f 3984/3984/3984 4081/4081/4081 4082/4082/4082
f 3984/3984/3984 4082/4082/4082 3985/3985/3985
f 3985/3985/3985 4082/4082/4082 4083/4083/4083
f 3985/3985/3985 4083/4083/4083 3986/3986/3986
f 3986/3986/3986 4083/4083/4083 4084/4084/4084
f 3986/3986/3986 4084/4084/4084 3987/3987/3987
f 3987/3987/3987 4084/4084/4084 4085/4085/4085
f 3987/3987/3987 4085/4085/4085 3988/3988/3988
f 3988/3988/3988 4085/4085/4085 4086/4086/4086
f 3988/3988/3988 4086/4086/4086 3989/3989/3989
f 3989/3989/3989 4086/4086/4086 4087/4087/4087
f 3989/3989/3989 4087/4087/4087 3990/3990/3990
f 3990/3990/3990 4087/4087/4087 4088/4088/4088
f 3990/3990/3990 4088/4088/4088 3991/3991/3991
f 3991/3991/3991 4088/4088/4088 4089/4089/4089
f 3991/3991/3991 4089/4089/4089 3992/3992/3992
f 3992/3992/3992 4089/4089/4089 4090/4090/4090
f 3992/3992/3992 4090/4090/4090 3993/3993/3993
f 3993/3993/3993 4090/4090/4090 4091/4091/4091
f 3993/3993/3993 4091/4091/4091 3994/3994/3994
f 3994/3994/3994 4091/4091/4091 4092/4092/4092
f 3994/3994/3994 4092/4092/4092 3995/3995/3995
f 3995/3995/3995 4092/4092/4092 4093/4093/4093
f 3995/3995/3995 4093/4093/4093 3996/3996/3996
f 3996/3996/3996 4093/4093/4093 4094/4094/4094
f 3996/3996/3996 4094/4094/4094 3997/3997/3997
f 3997/3997/3997 4094/4094/4094 4095/4095/4095
f 3997/3997/3997 4095/4095/4095 3998/3998/3998
f 3998/3998/3998 4095/4095/4095 4096/4096/4096
f 3998/3998/3998 4096/4096/4096 3999/3999/3999
f 3999/3999/3999 4096/4096/4096 4097/4097/4097
f 3999/3999/3999 4097/4097/4097 4000/4000/4000
f 4000/4000/4000 4097/4097/4097 4098/4098/4098
f 4000/4000/4000 4098/4098/4098 4001/4001/4001
f 4001/4001/4001 4098/4098/4098 4099/4099/4099
f 4001/4001/4001 4099/4099/4099 4002/4002/4002
f 4002/4002/4002 4099/4099/4099 4100/4100/4100
f 4002/4002/4002 4100/4100/4100 4003/4003/4003
f 4003/4003/4003 4100/4100/4100 4101/4101/4101
f 4003/4003/4003 4101/4101/4101 4004/4004/4004
f 4004/4004/4004 4101/4101/4101 4102/4102/4102
f 4004/4004/4004 4102/4102/4102 4005/4005/4005
f 4005/4005/4005 4102/4102/4102 4103/4103/4103
f 4005/4005/4005 4103/4103/4103 4006/4006/4006
f 4006/4006/4006 4103/4103/4103 4104/4104/4104
f 4006/4006/4006 4104/4104/4104 4007/4007/4007
f 4007/4007/4007 4104/4104/4104 4105/4105/4105
f 4007/4007/4007 4105/4105/4105 4008/4008/4008
f 4008/4008/4008 4105/4105/4105 4106/4106/4106
f 4008/4008/4008 4106/4106/4106 4009/4009/4009
f 4009/4009/4009 4106/4106/4106 4107/4107/4107
f 4009/4009/4009 4107/4107/4107 4010/4010/4010
f 4010/4010/4010 4107/4107/4107 4108/4108/4108
f 4010/4010/4010 4108/4108/4108 4011/4011/4011
f 4011/4011/4011 4108/4108/4108 4109/4109/4109
f 4011/4011/4011 4109/4109/4109 4012/4012/4012
f 4012/4012/4012 4109/4109/4109 4110/4110/4110
f 4012/4012/4012 4110/4110/4110 4013/4013/4013
f 4013/4013/4013 4110/4110/4110 4111/4111/4111
f 4013/4013/4013 4111/4111/4111 4014/4014/4014
f 4014/4014/4014 4111/4111/4111 4112/4112/4112
f 4014/4014/4014 4112/4112/4112 4015/4015/4015
f 4015/4015/4015 4112/4112/4112 4113/4113/4113
f 4015/4015/4015 4113/4113/4113 4016/4016/4016
f 4016/4016/4016 4113/4113/4113 4114/4114/4114
f 4016/4016/4016 4114/4114/4114 4017/4017/4017
f 4017/4017/4017 4114/4114/4114 4115/4115/4115
f 4017/4017/4017 4115/4115/4115 4018/4018/4018
f 4018/4018/4018 4115/4115/4115 4116/4116/4116
f 4018/4018/4018 4116/4116/4116 4019/4019/4019
f 4019/4019/4019 4116/4116/4116 4117/4117/4117
f 4019/4019/4019 4117/4117/4117 4020/4020/4020
f 4020/4020/4020 4117/4117/4117 4118/4118/4118
f 4020/4020/4020 4118/4118/4118 4021/4021/4021
f 4021/4021/4021 4118/4118/4118 4119/4119/4119
f 4021/4021/4021 4119/4119/4119 4022/4022/4022
f 4022/4022/4022 4119/4119/4119 4120/4120/4120
f 4022/4022/4022 4120/4120/4120 4023/4023/4023
f 4023/4023/4023 4120/4120/4120 4121/4121/4121
f 4023/4023/4023 4121/4121/4121 4024/4024/4024
f 4024/4024/4024 4121/4121/4121 4122/4122/4122
f 4024/4024/4024 4122/4122/4122 4025/4025/4025
f 4025/4025/4025 4122/4122/4122 4123/4123/4123
f 4025/4025/4025 4123/4123/4123 4026/4026/4026
f 4026/4026/4026 4123/4123/4123 4124/4124/4124
f 4026/4026/4026 4124/4124/4124 4027/4027/4027
f 4027/4027/4027 4124/4124/4124 4125/4125/4125
f 4027/4027/4027 4125/4125/4125 4028/4028/4028
f 4028/4028/4028 4125/4125/4125 4126/4126/4126
f 4028/4028/4028 4126/4126/4126 4029/4029/4029
f 4029/4029/4029 4126/4126/4126 4127/4127/4127
f 4029/4029/4029 4127/4127/4127 4030/4030/4030
f 4030/4030/4030 4127/4127/4127 4128/4128/4128
f 4030/4030/4030 4128/4128/4128 4031/4031/4031
f 4031/4031/4031 4128/4128/4128 4129/4129/4129
f 4031/4031/4031 4129/4129/4129 4032/4032/4032
f 4032/4032/4032 4129/4129/4129 4130/4130/4130
f 4032/4032/4032 4130/4130/4130 4033/4033/4033
f 4033/4033/4033 4130/4130/4130 4131/4131/4131
f 4033/4033/4033 4131/4131/4131 4034/4034/4034
f 4034/4034/4034 4131/4131/4131 4132/4132/4132
f 4034/4034/4034 4132/4132/4132 4035/4035/4035
f 4035/4035/4035 4132/4132/4132 4133/4133/4133
f 4035/4035/4035 4133/4133/4133 4036/4036/4036
f 4036/4036/4036 4133/4133/4133 4134/4134/4134
f 4036/4036/4036 4134/4134/4134 4037/4037/4037
f 4037/4037/4037 4134/4134/4134 4135/4135/4135
f 4037/4037/4037 4135/4135/4135 4038/4038/4038
f 4038/4038/4038 4135/4135/4135 4136/4136/4136
f 4038/4038/4038 4136/4136/4136 4039/4039/4039
f 4039/4039/4039 4136/4136/4136 4137/4137/4137
f 4039/4039/4039 4137/4137/4137 4040/4040/4040
f 4040/4040/4040 4137/4137/4137 4138/4138/4138
f 4040/4040/4040 4138/4138/4138 4041/4041/4041
f 4041/4041/4041 4138/4138/4138 4139/4139/4139
f 4041/4041/4041 4139/4139/4139 4042/4042/4042
f 4042/4042/4042 4139/4139/4139 4140/4140/4140
f 4042/4042/4042 4140/4140/4140 4043/4043/4043
f 4043/4043/4043 4140/4140/4140 4141/4141/4141
f 4043/4043/4043 4141/4141/4141 4044/4044/4044
f 4044/4044/4044 4141/4141/4141 4142/4142/4142
f 4044/4044/4044 4142/4142/4142 4045/4045/4045
f 4045/4045/4045 4142/4142/4142 4143/4143/4143
f 4045/4045/4045 4143/4143/4143 4046/4046/4046
f 4046/4046/4046 4143/4143/4143 4144/4144/4144
f 4046/4046/4046 4144/4144/4144 4047/4047/4047
f 4047/4047/4047 4144/4144/4144 4145/4145/4145
f 4047/4047/4047 4145/4145/4145 4048/4048/4048
f 4048/4048/4048 4145/4145/4145 4146/4146/4146
f 4048/4048/4048 4146/4146/4146 4049/4049/4049
f 4049/4049/4049 4146/4146/4146 4147/4147/4147
f 4049/4049/4049 4147/4147/4147 4050/4050/4050
f 4050/4050/4050 4147/4147/4147 4148/4148/4148
f 4050/4050/4050 4148/4148/4148 4051/4051/4051
f 4051/4051/4051 4148/4148/4148 4149/4149/4149
f 4051/4051/4051 4149/4149/4149 4052/4052/4052
f 4052/4052/4052 4149/4149/4149 4150/4150/4150
f 4052/4052/4052 4150/4150/4150 4053/4053/4053
f 4053/4053/4053 4150/4150/4150 4151/4151/4151
f 4053/4053/4053 4151/4151/4151 4054/4054/4054
f 4054/4054/4054 4151/4151/4151 4152/4152/4152
f 4054/4054/4054 4152/4152/4152 4055/4055/4055
f 4055/4055/4055 4152/4152/4152 4153/4153/4153
f 4055/4055/4055 4153/4153/4153 4056/4056/4056
f 4056/4056/4056 4153/4153/4153 4154/4154/4154
f 4056/4056/4056 4154/4154/4154 4057/4057/4057
f 4057/4057/4057 4154/4154/4154 4155/4155/4155
f 4057/4057/4057 4155/4155/4155 4058/4058/4058
f 4058/4058/4058 4155/4155/4155 4156/4156/4156
f 4058/4058/4058 4156/4156/4156 4059/4059/4059
f 4059/4059/4059 4156/4156/4156 4157/4157/4157
f 4059/4059/4059 4157/4157/4157 4060/4060/4060
f 4060/4060/4060 4157/4157/4157 4158/4158/4158
f 4060/4060/4060 4158/4158/4158 4061/4061/4061
f 4061/4061/4061 4158/4158/4158 4159/4159/4159
f 4061/4061/4061 4159/4159/4159 4062/4062/4062
f 4062/4062/4062 4159/4159/4159 4160/4160/4160
f 4062/4062/4062 4160/4160/4160 4063/4063/4063
f 4063/4063/4063 4160/4160/4160 4161/4161/4161
f 4063/4063/4063 4161/4161/4161 4064/4064/4064
f 4064/4064/4064 4161/4161/4161 4162/4162/4162
f 4064/4064/4064 4162/4162/4162 4065/4065/4065
f 4065/4065/4065 4162/4162/4162 4163/4163/4163
f 4065/4065/4065 4163/4163/4163 4066/4066/4066
f 4066/4066/4066 4163/4163/4163 4164/4164/4164
f 4066/4066/4066 4164/4164/4164 4067/4067/4067
f 4067/4067/4067 4164/4164/4164 4165/4165/4165
f 4067/4067/4067 4165/4165/4165 4068/4068/4068
f 4068/4068/4068 4165/4165/4165 4166/4166/4166
f 4068/4068/4068 4166/4166/4166 4069/4069/4069
f 4069/4069/4069 4166/4166/4166 4167/4167/4167
f 4069/4069/4069 4167/4167/4167 4070/4070/4070
f 4070/4070/4070 4167/4167/4167 4168/4168/4168
f 4070/4070/4070 4168/4168/4168 4071/4071/4071
f 4071/4071/4071 4168/4168/4168 4169/4169/4169
f 4071/4071/4071 4169/4169/4169 4072/4072/4072
f 4072/4072/4072 4169/4169/4169 4170/4170/4170
f 4072/4072/4072 4170/4170/4170 4073/4073/4073
f 4074/4074/4074 4171/4171/4171 4172/4172/4172
f 4074/4074/4074 4172/4172/4172 4075/4075/4075
f 4075/4075/4075 4172/4172/4172 4173/4173/4173
f 4075/4075/4075 4173/4173/4173 4076/4076/4076
f 4076/4076/4076 4173/4173/4173 4174/4174/4174
f 4076/4076/4076 4174/4174/4174 4077/4077/4077
f 4077/4077/4077 4174/4174/4174 4175/4175/4175
f 4077/4077/4077 4175/4175/4175 4078/4078/4078
f 4078/4078/4078 4175/4175/4175 4176/4176/4176
f 4078/4078/4078 4176/4176/4176 4079/4079/4079
f 4079/4079/4079 4176/4176/4176 4177/4177/4177
f 4079/4079/4079 4177/4177/4177 4080/4080/4080
f 4080/4080/4080 4177/4177/4177 4178/4178/4178
f 4080/4080/4080 4178/4178/4178 4081/4081/4081
f 4081/4081/4081 4178/4178/4178 4179/4179/4179
f 4081/4081/4081 4179/4179/4179 4082/4082/4082
f 4082/4082/4082 4179/4179/4179 4180/4180/4180
f 4082/4082/4082 4180/4180/4180 4083/4083/4083
f 4083/4083/4083 4180/4180/4180 4181/4181/4181
f 4083/4083/4083 4181/4181/4181 4084/4084/4084
f 4084/4084/4084 4181/4181/4181 4182/4182/4182
f 4084/4084/4084 4182/4182/4182 4085/4085/4085
f 4085/4085/4085 4182/4182/4182 4183/4183/4183
f 4085/4085/4085 4183/4183/4183 4086/4086/4086
f 4086/4086/4086 4183/4183/4183 4184/4184/4184
f 4086/4086/4086 4184/4184/4184 4087/4087/4087
f 4087/4087/4087 4184/4184/4184 4185/4185/4185
f 4087/4087/4087 4185/4185/4185 4088/4088/4088
f 4088/4088/4088 4185/4185/4185 4186/4186/4186
f 4088/4088/4088 4186/4186/4186 4089/4089/4089
f 4089/4089/4089 4186/4186/4186 4187/4187/4187
f 4089/4089/4089 4187/4187/4187 4090/4090/4090
f 4090/4090/4090 4187/4187/4187 4188/4188/4188
f 4090/4090/4090 4188/4188/4188 4091/4091/4091
f 4091/4091/4091 4188/4188/4188 4189/4189/4189
f 4091/4091/4091 4189/4189/4189 4092/4092/4092
f 4092/4092/4092 4189/4189/4189 4190/4190/4190
f 4092/4092/4092 4190/4190/4190 4093/4093/4093
f 4093/4093/4093 4190/4190/4190 4191/4191/4191
f 4093/4093/4093 4191/4191/4191 4094/4094/4094
f 4094/4094/4094 4191/4191/4191 4192/4192/4192
f 4094/4094/4094 4192/4192/4192 4095/4095/4095
f 4095/4095/4095 4192/4192/4192 4193/4193/4193
f 4095/4095/4095 4193/4193/4193 4096/4096/4096
f 4096/4096/4096 4193/4193/4193 4194/4194/4194
f 4096/4096/4096 4194/4194/4194 4097/4097/4097
f 4097/4097/4097 4194/4194/4194 4195/4195/4195
f 4097/4097/4097 4195/4195/4195 4098/4098/4098
f 4098/4098/4098 4195/4195/4195 4196/4196/4196
f 4098/4098/4098 4196/4196/4196 4099/4099/4099
f 4099/4099/4099 4196/4196/4196 4197/4197/4197
f 4099/4099/4099 4197/4197/4197 4100/4100/4100
f 4100/4100/4100 4197/4197/4197 4198/4198/4198
f 4100/4100/4100 4198/4198/4198 4101/4101/4101
f 4101/4101/4101 4198/4198/4198 4199/4199/4199
f 4101/4101/4101 4199/4199/4199 4102/4102/4102
f 4102/4102/4102 4199/4199/4199 4200/4200/4200
f 4102/4102/4102 4200/4200/4200 4103/4103/4103
f 4103/4103/4103 4200/4200/4200 4201/4201/4201
f 4103/4103/4103 4201/4201/4201 4104/4104/4104
f 4104/4104/4104 4201/4201/4201 4202/4202/4202
f 4104/4104/4104 4202/4202/4202 4105/4105/4105
f 4105/4105/4105 4202/4202/4202 4203/4203/4203
f 4105/4105/4105 4203/4203/4203 4106/4106/4106
f 4106/4106/4106 4203/4203/4203 4204/4204/4204
f 4106/4106/4106 4204/4204/4204 4107/4107/4107
f 4107/4107/4107 4204/4204/4204 4205/4205/4205
f 4107/4107/4107 4205/4205/4205 4108/4108/4108
f 4108/4108/4108 4205/4205/4205 4206/4206/4206
f 4108/4108/4108 4206/4206/4206 4109/4109/4109
f 4109/4109/4109 4206/4206/4206 4207/4207/4207
f 4109/4109/4109 4207/4207/4207 4110/4110/4110
f 4110/4110/4110 4207/4207/4207 4208/4208/4208
f 4110/4110/4110 4208/4208/4208 4111/4111/4111
f 4111/4111/4111 4208/4208/4208 4209/4209/4209
f 4111/4111/4111 4209/4209/4209 4112/4112/4112
f 4112/4112/4112 4209/4209/4209 4210/4210/4210
f 4112/4112/4112 4210/4210/4210 4113/4113/4113
f 4113/4113/4113 4210/4210/4210 4211/4211/4211
f 4113/4113/4113 4211/4211/4211 4114/4114/4114
f 4114/4114/4114 4211/4211/4211 4212/4212/4212
f 4114/4114/4114 4212/4212/4212 4115/4115/4115
f 4115/4115/4115 4212/4212/4212 4213/4213/4213
f 4115/4115/4115 4213/4213/4213 4116/4116/4116
f 4116/4116/4116 4213/4213/4213 4214/4214/4214
f 4116/4116/4116 4214/4214/4214 4117/4117/4117
f 4117/4117/4117 4214/4214/4214 4215/4215/4215
f 4117/4117/4117 4215/4215/4215 4118/4118/4118
f 4118/4118/4118 4215/4215/4215 4216/4216/4216
f 4118/4118/4118 4216/4216/4216 4119/4119/4119
f 4119/4119/4119 4216/4216/4216 4217/4217/4217
f 4119/4119/4119 4217/4217/4217 4120/4120/4120
f 4120/4120/4120 4217/4217/4217 4218/4218/4218
f 4120/4120/4120 4218/4218/4218 4121/4121/4121
f 4121/4121/4121 4218/4218/4218 4219/4219/4219
f 4121/4121/4121 4219/4219/4219 4122/4122/4122
f 4122/4122/4122 4219/4219/4219 4220/4220/4220
f 4122/4122/4122 4220/4220/4220 4123/4123/4123
f 4123/4123/4123 4220/4220/4220 4221/4221/4221
f 4123/4123/4123 4221/4221/4221 4124/4124/4124
f 4124/4124/4124 4221/4221/4221 4222/4222/4222
f 4124/4124/4124 4222/4222/4222 4125/4125/4125
f 4125/4125/4125 4222/4222/4222 4223/4223/4223
f 4125/4125/4125 4223/4223/4223 4126/4126/4126
f 4126/4126/4126 4223/4223/4223 4224/4224/4224
f 4126/4126/4126 4224/4224/4224 4127/4127/4127
f 4127/4127/4127 4224/4224/4224 4225/4225/4225
f 4127/4127/4127 4225/4225/4225 4128/4128/4128
f 4128/4128/4128 4225/4225/4225 4226/4226/4226
f 4128/4128/4128 4226/4226/4226 4129/4129/4129
f 4129/4129/4129 4226/4226/4226 4227/4227/4227
f 4129/4129/4129 4227/4227/4227 4130/4130/4130
f 4130/4130/4130 4227/4227/4227 4228/4228/4228
f 4130/4130/4130 4228/4228/4228 4131/4131/4131
f 4131/4131/4131 4228/4228/4228 4229/4229/4229
f 4131/4131/4131 4229/4229/4229 4132/4132/4132
f 4132/4132/4132 4229/4229/4229 4230/4230/4230
f 4132/4132/4132 4230/4230/4230 4133/4133/4133
f 4133/4133/4133 4230/4230/4230 4231/4231/4231
f 4133/4133/4133 4231/4231/4231 4134/4134/4134
f 4134/4134/4134 4231/4231/4231 4232/4232/4232
f 4134/4134/4134 4232/4232/4232 4135/4135/4135
f 4135/4135/4135 4232/4232/4232 4233/4233/4233
f 4135/4135/4135 4233/4233/4233 4136/4136/4136
f 4136/4136/4136 4233/4233/4233 4234/4234/4234
f 4136/4136/4136 4234/4234/4234 4137/4137/4137
f 4137/4137/4137 4234/4234/4234 4235/4235/4235
f 4137/4137/4137 4235/4235/4235 4138/4138/4138
f 4138/4138/4138 4235/4235/4235 4236/4236/4236
f 4138/4138/4138 4236/4236/4236 4139/4139/4139
f 4139/4139/4139 4236/4236/4236 4237/4237/4237
f 4139/4139/4139 4237/4237/4237 4140/4140/4140
f 4140/4140/4140 4237/4237/4237 4238/4238/4238
f 4140/4140/4140 4238/4238/4238 4141/4141/4141
f 4141/4141/4141 4238/4238/4238 4239/4239/4239
f 4141/4141/4141 4239/4239/4239 4142/4142/4142
f 4142/4142/4142 4239/4239/4239 4240/4240/4240
f 4142/4142/4142 4240/4240/4240 4143/4143/4143
f 4143/4143/4143 4240/4240/4240 4241/4241/4241
f 4143/4143/4143 4241/4241/4241 4144/4144/4144
f 4144/4144/4144 4241/4241/4241 4242/4242/4242
f 4144/4144/4144 4242/4242/4242 4145/4145/4145
f 4145/4145/4145 4242/4242/4242 4243/4243/4243
f 4145/4145/4145 4243/4243/4243 4146/4146/4146
f 4146/4146/4146 4243/4243/4243 4244/4244/4244
f 4146/4146/4146 4244/4244/4244 4147/4147/4147
f 4147/4147/4147 4244/4244/4244 4245/4245/4245
f 4147/4147/4147 4245/4245/4245 4148/4148/4148
f 4148/4148/4148 4245/4245/4245 4246/4246/4246
f 4148/4148/4148 4246/4246/4246 4149/4149/4149
f 4149/4149/4149 4246/4246/4246 4247/4247/4247
f 4149/4149/4149 4247/4247/4247 4150/4150/4150
f 4150/4150/4150 4247/4247/4247 4248/4248/4248
f 4150/4150/4150 4248/4248/4248 4151/4151/4151
f 4151/4151/4151 4248/4248/4248 4249/4249/4249
f 4151/4151/4151 4249/4249/4249 4152/4152/4152
f 4152/4152/4152 4249/4249/4249 4250/4250/4250
f 4152/4152/4152 4250/4250/4250 4153/4153/4153
f 4153/4153/4153 4250/4250/4250 4251/4251/4251
f 4153/4153/4153 4251/4251/4251 4154/4154/4154
f 4154/4154/4154 4251/4251/4251 4252/4252/4252
f 4154/4154/4154 4252/4252/4252 4155/4155/4155
f 4155/4155/4155 4252/4252/4252 4253/4253/4253
f 4155/4155/4155 4253/4253/4253 4156/4156/4156
f 4156/4156/4156 4253/4253/4253 4254/4254/4254
f 4156/4156/4156 4254/4254/4254 4157/4157/4157
f 4157/4157/4157 4254/4254/4254 4255/4255/4255
f 4157/4157/4157 4255/4255/4255 4158/4158/4158
f 4158/4158/4158 4255/4255/4255 4256/4256/4256
f 4158/4158/4158 4256/4256/4256 4159/4159/4159
f 4159/4159/4159 4256/4256/4256 4257/4257/4257
f 4159/4159/4159 4257/4257/4257 4160/4160/4160
f 4160/4160/4160 4257/4257/4257 4258/4258/4258
f 4160/4160/4160 4258/4258/4258 4161/4161/4161
f 4161/4161/4161 4258/4258/4258 4259/4259/4259
f 4161/4161/4161 4259/4259/4259 4162/4162/4162
f 4162/4162/4162 4259/4259/4259 4260/4260/4260
f 4162/4162/4162 4260/4260/4260 4163/4163/4163
f 4163/4163/4163 4260/4260/4260 4261/4261/4261
f 4163/4163/4163 4261/4261/4261 4164/4164/4164
f 4164/4164/4164 4261/4261/4261 4262/4262/4262
f 4164/4164/4164 4262/4262/4262 4165/4165/4165
f 4165/4165/4165 4262/4262/4262 4263/4263/4263
f 4165/4165/4165 4263/4263/4263 4166/4166/4166
f 4166/4166/4166 4263/4263/4263 4264/4264/4264
f 4166/4166/4166 4264/4264/4264 4167/4167/4167
f 4167/4167/4167 4264/4264/4264 4265/4265/4265
f 4167/4167/4167 4265/4265/4265 4168/4168/4168
f 4168/4168/4168 4265/4265/4265 4266/4266/4266
f 4168/4168/4168 4266/4266/4266 4169/4169/4169
f 4169/4169/4169 4266/4266/4266 4267/4267/4267
f 4169/4169/4169 4267/4267/4267 4170/4170/4170
f 4171/4171/4171 4268/4268/4268 4269/4269/4269
f 4171/4171/4171 4269/4269/4269 4172/4172/4172
f 4172/4172/4172 4269/4269/4269 4270/4270/4270
f 4172/4172/4172 4270/4270/4270 4173/4173/4173
f 4173/4173/4173 4270/4270/4270 4271/4271/4271
f 4173/4173/4173 4271/4271/4271 4174/4174/4174
f 4174/4174/4174 4271/4271/4271 4272/4272/4272
f 4174/4174/4174 4272/4272/4272 4175/4175/4175
f 4175/4175/4175 4272/4272/4272 4273/4273/4273
f 4175/4175/4175 4273/4273/4273 4176/4176/4176
f 4176/4176/4176 4273/4273/4273 4274/4274/4274
f 4176/4176/4176 4274/4274/4274 4177/4177/4177
f 4177/4177/4177 4274/4274/4274 4275/4275/4275
f 4177/4177/4177 4275/4275/4275 4178/4178/4178
f 4178/4178/4178 4275/4275/4275 4276/4276/4276
f 4178/4178/4178 4276/4276/4276 4179/4179/4179
f 4179/4179/4179 4276/4276/4276 4277/4277/4277
f 4179/4179/4179 4277/4277/4277 4180/4180/4180
f 4180/4180/4180 4277/4277/4277 4278/4278/4278
f 4180/4180/4180 4278/4278/4278 4181/4181/4181
f 4181/4181/4181 4278/4278/4278 4279/4279/4279
f 4181/4181/4181 4279/4279/4279 4182/4182/4182
f 4182/4182/4182 4279/4279/4279 4280/4280/4280
f 4182/4182/4182 4280/4280/4280 4183/4183/4183
f 4183/4183/4183 4280/4280/4280 4281/4281/4281
f 4183/4183/4183 4281/4281/4281 4184/4184/4184
f 4184/4184/4184 4281/4281/4281 4282/4282/4282
f 4184/4184/4184 4282/4282/4282 4185/4185/4185
f 4185/4185/4185 4282/4282/4282 4283/4283/4283
f 4185/4185/4185 4283/4283/4283 4186/4186/4186
f 4186/4186/4186 4283/4283/4283 4284/4284/4284
f 4186/4186/4186 4284/4284/4284 4187/4187/4187
f 4187/4187/4187 4284/4284/4284 4285/4285/4285
f 4187/4187/4187 4285/4285/4285 4188/4188/4188
f 4188/4188/4188 4285/4285/4285 4286/4286/4286
f 4188/4188/4188 4286/4286/4286 4189/4189/4189
f 4189/4189/4189 4286/4286/4286 4287/4287/4287
f 4189/4189/4189 4287/4287/4287 4190/4190/4190
f 4190/4190/4190 4287/4287/4287 4288/4288/4288
f 4190/4190/4190 4288/4288/4288 4191/4191/4191
f 4191/4191/4191 4288/4288/4288 4289/4289/4289
f 4191/4191/4191 4289/4289/4289 4192/4192/4192
f 4192/4192/4192 4289/4289/4289 4290/4290/4290
f 4192/4192/4192 4290/4290/4290 4193/4193/4193
f 4193/4193/4193 4290/4290/4290 4291/4291/4291
f 4193/4193/4193 4291/4291/4291 4194/4194/4194
f 4194/4194/4194 4291/4291/4291 4292/4292/4292
f 4194/4194/4194 4292/4292/4292 4195/4195/4195
f 4195/4195/4195 4292/4292/4292 4293/4293/4293
f 4195/4195/4195 4293/4293/4293 4196/4196/4196
f 4196/4196/4196 4293/4293/4293 4294/4294/4294
f 4196/4196/4196 4294/4294/4294 4197/4197/4197
f 4197/4197/4197 4294/4294/4294 4295/4295/4295
f 4197/4197/4197 4295/4295/4295 4198/4198/4198
f 4198/4198/4198 4295/4295/4295 4296/4296/4296
f 4198/4198/4198 4296/4296/4296 4199/4199/4199
f 4199/4199/4199 4296/4296/4296 4297/4297/4297
f 4199/4199/4199 4297/4297/4297 4200/4200/4200
f 4200/4200/4200 4297/4297/4297 4298/4298/4298
f 4200/4200/4200 4298/4298/4298 4201/4201/4201
f 4201/4201/4201 4298/4298/4298 4299/4299/4299
f 4201/4201/4201 4299/4299/4299 4202/4202/4202
f 4202/4202/4202 4299/4299/4299 4300/4300/4300
f 4202/4202/4202 4300/4300/4300 4203/4203/4203
f 4203/4203/4203 4300/4300/4300 4301/4301/4301
f 4203/4203/4203 4301/4301/4301 4204/4204/4204
f 4204/4204/4204 4301/4301/4301 4302/4302/4302
f 4204/4204/4204 4302/4302/4302 4205/4205/4205
f 4205/4205/4205 4302/4302/4302 4303/4303/4303
f 4205/4205/4205 4303/4303/4303 4206/4206/4206
f 4206/4206/4206 4303/4303/4303 4304/4304/4304
f 4206/4206/4206 4304/4304/4304 4207/4207/4207
f 4207/4207/4207 4304/4304/4304 4305/4305/4305
f 4207/4207/4207 4305/4305/4305 4208/4208/4208
f 4208/4208/4208 4305/4305/4305 4306/4306/4306
f 4208/4208/4208 4306/4306/4306 4209/4209/4209
f 4209/4209/4209 4306/4306/4306 4307/4307/4307
f 4209/4209/4209 4307/4307/4307 4210/4210/4210
f 4210/4210/4210 4307/4307/4307 4308/4308/4308
f 4210/4210/4210 4308/4308/4308 4211/4211/4211
f 4211/4211/4211 4308/4308/4308 4309/4309/4309
f 4211/4211/4211 4309/4309/4309 4212/4212/4212
f 4212/4212/4212 4309/4309/4309 4310/4310/4310
f 4212/4212/4212 4310/4310/4310 4213/4213/4213
f 4213/4213/4213 4310/4310/4310 4311/4311/4311
f 4213/4213/4213 4311/4311/4311 4214/4214/4214
f 4214/4214/4214 4311/4311/4311 4312/4312/4312
f 4214/4214/4214 4312/4312/4312 4215/4215/4215
f 4215/4215/4215 4312/4312/4312 4313/4313/4313
f 4215/4215/4215 4313/4313/4313 4216/4216/4216
f 4216/4216/4216 4313/4313/4313 4314/4314/4314
f 4216/4216/4216 4314/4314/4314 4217/4217/4217
f 4217/4217/4217 4314/4314/4314 4315/4315/4315
f 4217/4217/4217 4315/4315/4315 4218/4218/4218
f 4218/4218/4218 4315/4315/4315 4316/4316/4316
f 4218/4218/4218 4316/4316/4316 4219/4219/4219
f 4219/4219/4219 4316/4316/4316 4317/4317/4317
f 4219/4219/4219 4317/4317/4317 4220/4220/4220
f 4220/4220/4220 4317/4317/4317 4318/4318/4318
f 4220/4220/4220 4318/4318/4318 4221/4221/4221
f 4221/4221/4221 4318/4318/4318 4319/4319/4319
f 4221/4221/4221 4319/4319/4319 4222/4222/4222
f 4222/4222/4222 4319/4319/4319 4320/4320/4320
f 4222/4222/4222 4320/4320/4320 4223/4223/4223
f 4223/4223/4223 4320/4320/4320 4321/4321/4321
f 4223/4223/4223 4321/4321/4321 4224/4224/4224
f 4224/4224/4224 4321/4321/4321 4322/4322/4322
f 4224/4224/4224 4322/4322/4322 4225/4225/4225
f 4225/4225/4225 4322/4322/4322 4323/4323/4323
f 4225/4225/4225 4323/4323/4323 4226/4226/4226
f 4226/4226/4226 4323/4323/4323 4324/4324/4324
f 4226/4226/4226 4324/4324/4324 4227/4227/4227
f 4227/4227/4227 4324/4324/4324 4325/4325/4325
f 4227/4227/4227 4325/4325/4325 4228/4228/4228
f 4228/4228/4228 4325/4325/4325 4326/4326/4326
f 4228/4228/4228 4326/4326/4326 4229/4229/4229
f 4229/4229/4229 4326/4326/4326 4327/4327/4327
f 4229/4229/4229 4327/4327/4327 4230/4230/4230
f 4230/4230/4230 4327/4327/4327 4328/4328/4328
f 4230/4230/4230 4328/4328/4328 4231/4231/4231
f 4231/4231/4231 4328/4328/4328 4329/4329/4329
f 4231/4231/4231 4329/4329/4329 4232/4232/4232
f 4232/4232/4232 4329/4329/4329 4330/4330/4330
f 4232/4232/4232 4330/4330/4330 4233/4233/4233
f 4233/4233/4233 4330/4330/4330 4331/4331/4331
f 4233/4233/4233 4331/4331/4331 4234/4234/4234
f 4234/4234/4234 4331/4331/4331 4332/4332/4332
f 4234/4234/4234 4332/4332/4332 4235/4235/4235
f 4235/4235/4235 4332/4332/4332 4333/4333/4333
f 4235/4235/4235 4333/4333/4333 4236/4236/4236
f 4236/4236/4236 4333/4333/4333 4334/4334/4334
f 4236/4236/4236 4334/4334/4334 4237/4237/4237
f 4237/4237/4237 4334/4334/4334 4335/4335/4335
f 4237/4237/4237 4335/4335/4335 4238/4238/4238
f 4238/4238/4238 4335/4335/4335 4336/4336/4336
f 4238/4238/4238 4336/4336/4336 4239/4239/4239
f 4239/4239/4239 4336/4336/4336 4337/4337/4337
f 4239/4239/4239 4337/4337/4337 4240/4240/4240
f 4240/4240/4240 4337/4337/4337 4338/4338/4338
f 4240/4240/4240 4338/4338/4338 4241/4241/4241
f 4241/4241/4241 4338/4338/4338 4339/4339/4339
f 4241/4241/4241 4339/4339/4339 4242/4242/4242
f 4242/4242/4242 4339/4339/4339 4340/4340/4340
f 4242/4242/4242 4340/4340/4340 4243/4243/4243
f 4243/4243/4243 4340/4340/4340 4341/4341/4341
f 4243/4243/4243 4341/4341/4341 4244/4244/4244
f 4244/4244/4244 4341/4341/4341 4342/4342/4342
f 4244/4244/4244 4342/4342/4342 4245/4245/4245
f 4245/4245/4245 4342/4342/4342 4343/4343/4343
f 4245/4245/4245 4343/4343/4343 4246/4246/4246
f 4246/4246/4246 4343/4343/4343 4344/4344/4344
f 4246/4246/4246 4344/4344/4344 4247/4247/4247
f 4247/4247/4247 4344/4344/4344 4345/4345/4345
f 4247/4247/4247 4345/4345/4345 4248/4248/4248
f 4248/4248/4248 4345/4345/4345 4346/4346/4346
f 4248/4248/4248 4346/4346/4346 4249/4249/4249
f 4249/4249/4249 4346/4346/4346 4347/4347/4347
f 4249/4249/4249 4347/4347/4347 4250/4250/4250
f 4250/4250/4250 4347/4347/4347 4348/4348/4348
f 4250/4250/4250 4348/4348/4348 4251/4251/4251
f 4251/4251/4251 4348/4348/4348 4349/4349/4349
f 4251/4251/4251 4349/4349/4349 4252/4252/4252
f 4252/4252/4252 4349/4349/4349 4350/4350/4350
f 4252/4252/4252 4350/4350/4350 4253/4253/4253
f 4253/4253/4253 4350/4350/4350 4351/4351/4351
f 4253/4253/4253 4351/4351/4351 4254/4254/4254
f 4254/4254/4254 4351/4351/4351 4352/4352/4352
f 4254/4254/4254 4352/4352/4352 4255/4255/4255
f 4255/4255/4255 4352/4352/4352 4353/4353/4353
f 4255/4255/4255 4353/4353/4353 4256/4256/4256
f 4256/4256/4256 4353/4353/4353 4354/4354/4354
f 4256/4256/4256 4354/4354/4354 4257/4257/4257
f 4257/4257/4257 4354/4354/4354 4355/4355/4355
f 4257/4257/4257 4355/4355/4355 4258/4258/4258
f 4258/4258/4258 4355/4355/4355 4356/4356/4356
f 4258/4258/4258 4356/4356/4356 4259/4259/4259
f 4259/4259/4259 4356/4356/4356 4357/4357/4357
f 4259/4259/4259 4357/4357/4357 4260/4260/4260
f 4260/4260/4260 4357/4357/4357 4358/4358/4358
f 4260/4260/4260 4358/4358/4358 4261/4261/4261
f 4261/4261/4261 4358/4358/4358 4359/4359/4359
f 4261/4261/4261 4359/4359/4359 4262/4262/4262
f 4262/4262/4262 4359/4359/4359 4360/4360/4360
f 4262/4262/4262 4360/4360/4360 4263/4263/4263
f 4263/4263/4263 4360/4360/4360 4361/4361/4361
f 4263/4263/4263 4361/4361/4361 4264/4264/4264
f 4264/4264/4264 4361/4361/4361 4362/4362/4362
f 4264/4264/4264 4362/4362/4362 4265/4265/4265
f 4265/4265/4265 4362/4362/4362 4363/4363/4363
f 4265/4265/4265 4363/4363/4363 4266/4266/4266
f 4266/4266/4266 4363/4363/4363 4364/4364/4364
f 4266/4266/4266 4364/4364/4364 4267/4267/4267
f 4268/4268/4268 4365/4365/4365 4366/4366/4366
f 4268/4268/4268 4366/4366/4366 4269/4269/4269
f 4269/4269/4269 4366/4366/4366 4367/4367/4367
f 4269/4269/4269 4367/4367/4367 4270/4270/4270
f 4270/4270/4270 4367/4367/4367 4368/4368/4368
f 4270/4270/4270 4368/4368/4368 4271/4271/4271
f 4271/4271/4271 4368/4368/4368 4369/4369/4369
f 4271/4271/4271 4369/4369/4369 4272/4272/4272
f 4272/4272/4272 4369/4369/4369 4370/4370/4370
f 4272/4272/4272 4370/4370/4370 4273/4273/4273
f 4273/4273/4273 4370/4370/4370 4371/4371/4371
f 4273/4273/4273 4371/4371/4371 4274/4274/4274
f 4274/4274/4274 4371/4371/4371 4372/4372/4372
f 4274/4274/4274 4372/4372/4372 4275/4275/4275
f 4275/4275/4275 4372/4372/4372 4373/4373/4373
f 4275/4275/4275 4373/4373/4373 4276/4276/4276
f 4276/4276/4276 4373/4373/4373 4374/4374/4374
f 4276/4276/4276 4374/4374/4374 4277/4277/4277
f 4277/4277/4277 4374/4374/4374 4375/4375/4375
f 4277/4277/4277 4375/4375/4375 4278/4278/4278
f 4278/4278/4278 4375/4375/4375 4376/4376/4376
f 4278/4278/4278 4376/4376/4376 4279/4279/4279
f 4279/4279/4279 4376/4376/4376 4377/4377/4377
f 4279/4279/4279 4377/4377/4377 4280/4280/4280
f 4280/4280/4280 4377/4377/4377 4378/4378/4378
f 4280/4280/4280 4378/4378/4378 4281/4281/4281
f 4281/4281/4281 4378/4378/4378 4379/4379/4379
f 4281/4281/4281 4379/4379/4379 4282/4282/4282
f 4282/4282/4282 4379/4379/4379 4380/4380/4380
f 4282/4282/4282 4380/4380/4380 4283/4283/4283
f 4283/4283/4283 4380/4380/4380 4381/4381/4381
f 4283/4283/4283 4381/4381/4381 4284/4284/4284
f 4284/4284/4284 4381/4381/4381 4382/4382/4382
f 4284/4284/4284 4382/4382/4382 4285/4285/4285
f 4285/4285/4285 4382/4382/4382 4383/4383/4383
f 4285/4285/4285 4383/4383/4383 4286/4286/4286
f 4286/4286/4286 4383/4383/4383 4384/4384/4384
f 4286/4286/4286 4384/4384/4384 4287/4287/4287
f 4287/4287/4287 4384/4384/4384 4385/4385/4385
f 4287/4287/4287 4385/4385/4385 4288/4288/4288
f 4288/4288/4288 4385/4385/4385 4386/4386/4386
f 4288/4288/4288 4386/4386/4386 4289/4289/4289
f 4289/4289/4289 4386/4386/4386 4387/4387/4387
f 4289/4289/4289 4387/4387/4387 4290/4290/4290
f 4290/4290/4290 4387/4387/4387 4388/4388/4388
f 4290/4290/4290 4388/4388/4388 4291/4291/4291
f 4291/4291/4291 4388/4388/4388 4389/4389/4389
f 4291/4291/4291 4389/4389/4389 4292/4292/4292
f 4292/4292/4292 4389/4389/4389 4390/4390/4390
f 4292/4292/4292 4390/4390/4390 4293/4293/4293
f 4293/4293/4293 4390/4390/4390 4391/4391/4391
f 4293/4293/4293 4391/4391/4391 4294/4294/4294
f 4294/4294/4294 4391/4391/4391 4392/4392/4392
f 4294/4294/4294 4392/4392/4392 4295/4295/4295
f 4295/4295/4295 4392/4392/4392 4393/4393/4393
f 4295/4295/4295 4393/4393/4393 4296/4296/4296
f 4296/4296/4296 4393/4393/4393 4394/4394/4394
f 4296/4296/4296 4394/4394/4394 4297/4297/4297
f 4297/4297/4297 4394/4394/4394 4395/4395/4395
f 4297/4297/4297 4395/4395/4395 4298/4298/4298
f 4298/4298/4298 4395/4395/4395 4396/4396/4396
f 4298/4298/4298 4396/4396/4396 4299/4299/4299
f 4299/4299/4299 4396/4396/4396 4397/4397/4397
f 4299/4299/4299 4397/4397/4397 4300/4300/4300
f 4300/4300/4300 4397/4397/4397 4398/4398/4398
f 4300/4300/4300 4398/4398/4398 4301/4301/4301
f 4301/4301/4301 4398/4398/4398 4399/4399/4399
f 4301/4301/4301 4399/4399/4399 4302/4302/4302
f 4302/4302/4302 4399/4399/4399 4400/4400/4400
f 4302/4302/4302 4400/4400/4400 4303/4303/4303
f 4303/4303/4303 4400/4400/4400 4401/4401/4401
f 4303/4303/4303 4401/4401/4401 4304/4304/4304
f 4304/4304/4304 4401/4401/4401 4402/4402/4402
f 4304/4304/4304 4402/4402/4402 4305/4305/4305
f 4305/4305/4305 4402/4402/4402 4403/4403/4403
f 4305/4305/4305 4403/4403/4403 4306/4306/4306
f 4306/4306/4306 4403/4403/4403 4404/4404/4404
f 4306/4306/4306 4404/4404/4404 4307/4307/4307
f 4307/4307/4307 4404/4404/4404 4405/4405/4405
f 4307/4307/4307 4405/4405/4405 4308/4308/4308
f 4308/4308/4308 4405/4405/4405 4406/4406/4406
f 4308/4308/4308 4406/4406/4406 4309/4309/4309
f 4309/4309/4309 4406/4406/4406 4407/4407/4407
f 4309/4309/4309 4407/4407/4407 4310/4310/4310
f 4310/4310/4310 4407/4407/4407 4408/4408/4408
f 4310/4310/4310 4408/4408/4408 4311/4311/4311
f 4311/4311/4311 4408/4408/4408 4409/4409/4409
f 4311/4311/4311 4409/4409/4409 4312/4312/4312
f 4312/4312/4312 4409/4409/4409 4410/4410/4410
f 4312/4312/4312 4410/4410/4410 4313/4313/4313
f 4313/4313/4313 4410/4410/4410 4411/4411/4411
f 4313/4313/4313 4411/4411/4411 4314/4314/4314
f 4314/4314/4314 4411/4411/4411 4412/4412/4412
f 4314/4314/4314 4412/4412/4412 4315/4315/4315
f 4315/4315/4315 4412/4412/4412 4413/4413/4413
f 4315/4315/4315 4413/4413/4413 4316/4316/4316
f 4316/4316/4316 4413/4413/4413 4414/4414/4414
f 4316/4316/4316 4414/4414/4414 4317/4317/4317
f 4317/4317/4317 4414/4414/4414 4415/4415/4415
f 4317/4317/4317 4415/4415/4415 4318/4318/4318
f 4318/4318/4318 4415/4415/4415 4416/4416/4416
f 4318/4318/4318 4416/4416/4416 4319/4319/4319
f 4319/4319/4319 4416/4416/4416 4417/4417/4417
f 4319/4319/4319 4417/4417/4417 4320/4320/4320
f 4320/4320/4320 4417/4417/4417 4418/4418/4418
f 4320/4320/4320 4418/4418/4418 4321/4321/4321
f 4321/4321/4321 4418/4418/4418 4419/4419/4419
f 4321/4321/4321 4419/4419/4419 4322/4322/4322
f 4322/4322/4322 4419/4419/4419 4420/4420/4420
f 4322/4322/4322 4420/4420/4420 4323/4323/4323
f 4323/4323/4323 4420/4420/4420 4421/4421/4421
f 4323/4323/4323 4421/4421/4421 4324/4324/4324
f 4324/4324/4324 4421/4421/4421 4422/4422/4422
f 4324/4324/4324 4422/4422/4422 4325/4325/4325
f 4325/4325/4325 4422/4422/4422 4423/4423/4423
f 4325/4325/4325 4423/4423/4423 4326/4326/4326
f 4326/4326/4326 4423/4423/4423 4424/4424/4424
f 4326/4326/4326 4424/4424/4424 4327/4327/4327
f 4327/4327/4327 4424/4424/4424 4425/4425/4425
f 4327/4327/4327 4425/4425/4425 4328/4328/4328
f 4328/4328/4328 4425/4425/4425 4426/4426/4426
f 4328/4328/4328 4426/4426/4426 4329/4329/4329
f 4329/4329/4329 4426/4426/4426 4427/4427/4427
f 4329/4329/4329 4427/4427/4427 4330/4330/4330
f 4330/4330/4330 4427/4427/4427 4428/4428/4428
f 4330/4330/4330 4428/4428/4428 4331/4331/4331
f 4331/4331/4331 4428/4428/4428 4429/4429/4429
f 4331/4331/4331 4429/4429/4429 4332/4332/4332
f 4332/4332/4332 4429/4429/4429 4430/4430/4430
f 4332/4332/4332 4430/4430/4430 4333/4333/4333
f 4333/4333/4333 4430/4430/4430 4431/4431/4431
f 4333/4333/4333 4431/4431/4431 4334/4334/4334
f 4334/4334/4334 4431/4431/4431 4432/4432/4432
f 4334/4334/4334 4432/4432/4432 4335/4335/4335
f 4335/4335/4335 4432/4432/4432 4433/4433/4433
f 4335/4335/4335 4433/4433/4433 4336/4336/4336
f 4336/4336/4336 4433/4433/4433 4434/4434/4434
f 4336/4336/4336 4434/4434/4434 4337/4337/4337
f 4337/4337/4337 4434/4434/4434 4435/4435/4435
f 4337/4337/4337 4435/4435/4435 4338/4338/4338
f 4338/4338/4338 4435/4435/4435 4436/4436/4436
f 4338/4338/4338 4436/4436/4436 4339/4339/4339
f 4339/4339/4339 4436/4436/4436 4437/4437/4437
f 4339/4339/4339 4437/4437/4437 4340/4340/4340
f 4340/4340/4340 4437/4437/4437 4438/4438/4438
f 4340/4340/4340 4438/4438/4438 4341/4341/4341
f 4341/4341/4341 4438/4438/4438 4439/4439/4439
f 4341/4341/4341 4439/4439/4439 4342/4342/4342
f 4342/4342/4342 4439/4439/4439 4440/4440/4440
f 4342/4342/4342 4440/4440/4440 4343/4343/4343
f 4343/4343/4343 4440/4440/4440 4441/4441/4441
f 4343/4343/4343 4441/4441/4441 4344/4344/4344
f 4344/4344/4344 4441/4441/4441 4442/4442/4442
f 4344/4344/4344 4442/4442/4442 4345/4345/4345
f 4345/4345/4345 4442/4442/4442 4443/4443/4443
f 4345/4345/4345 4443/4443/4443 4346/4346/4346
f 4346/4346/4346 4443/4443/4443 4444/4444/4444
f 4346/4346/4346 4444/4444/4444 4347/4347/4347
f 4347/4347/4347 4444/4444/4444 4445/4445/4445
f 4347/4347/4347 4445/4445/4445 4348/4348/4348
f 4348/4348/4348 4445/4445/4445 4446/4446/4446
f 4348/4348/4348 4446/4446/4446 4349/4349/4349
f 4349/4349/4349 4446/4446/4446 4447/4447/4447
f 4349/4349/4349 4447/4447/4447 4350/4350/4350
f 4350/4350/4350 4447/4447/4447 4448/4448/4448
f 4350/4350/4350 4448/4448/4448 4351/4351/4351
f 4351/4351/4351 4448/4448/4448 4449/4449/4449
f 4351/4351/4351 4449/4449/4449 4352/4352/4352
f 4352/4352/4352 4449/4449/4449 4450/4450/4450
f 4352/4352/4352 4450/4450/4450 4353/4353/4353
f 4353/4353/4353 4450/4450/4450 4451/4451/4451
f 4353/4353/4353 4451/4451/4451 4354/4354/4354
f 4354/4354/4354 4451/4451/4451 4452/4452/4452
f 4354/4354/4354 4452/4452/4452 4355/4355/4355
f 4355/4355/4355 4452/4452/4452 4453/4453/4453
f 4355/4355/4355 4453/4453/4453 4356/4356/4356
f 4356/4356/4356 4453/4453/4453 4454/4454/4454
f 4356/4356/4356 4454/4454/4454 4357/4357/4357
f 4357/4357/4357 4454/4454/4454 4455/4455/4455
f 4357/4357/4357 4455/4455/4455 4358/4358/4358
f 4358/4358/4358 4455/4455/4455 4456/4456/4456
f 4358/4358/4358 4456/4456/4456 4359/4359/4359
f 4359/4359/4359 4456/4456/4456 4457/4457/4457
f 4359/4359/4359 4457/4457/4457 4360/4360/4360
f 4360/4360/4360 4457/4457/4457 4458/4458/4458
f 4360/4360/4360 4458/4458/4458 4361/4361/4361
f 4361/4361/4361 4458/4458/4458 4459/4459/4459
f 4361/4361/4361 4459/4459/4459 4362/4362/4362
f 4362/4362/4362 4459/4459/4459 4460/4460/4460
f 4362/4362/4362 4460/4460/4460 4363/4363/4363
f 4363/4363/4363 4460/4460/4460 4461/4461/4461
f 4363/4363/4363 4461/4461/4461 4364/4364/4364
f 4365/4365/4365 4462/4462/4462 4463/4463/4463
f 4365/4365/4365 4463/4463/4463 4366/4366/4366
f 4366/4366/4366 4463/4463/4463 4464/4464/4464
f 4366/4366/4366 4464/4464/4464 4367/4367/4367
f 4367/4367/4367 4464/4464/4464 4465/4465/4465
f 4367/4367/4367 4465/4465/4465 4368/4368/4368
f 4368/4368/4368 4465/4465/4465 4466/4466/4466
f 4368/4368/4368 4466/4466/4466 4369/4369/4369
f 4369/4369/4369 4466/4466/4466 4467/4467/4467
f 4369/4369/4369 4467/4467/4467 4370/4370/4370
f 4370/4370/4370 4467/4467/4467 4468/4468/4468
f 4370/4370/4370 4468/4468/4468 4371/4371/4371
f 4371/4371/4371 4468/4468/4468 4469/4469/4469
f 4371/4371/4371 4469/4469/4469 4372/4372/4372
f 4372/4372/4372 4469/4469/4469 4470/4470/4470
f 4372/4372/4372 4470/4470/4470 4373/4373/4373
f 4373/4373/4373 4470/4470/4470 4471/4471/4471
f 4373/4373/4373 4471/4471/4471 4374/4374/4374
f 4374/4374/4374 4471/4471/4471 4472/4472/4472
f 4374/4374/4374 4472/4472/4472 4375/4375/4375
f 4375/4375/4375 4472/4472/4472 4473/4473/4473
f 4375/4375/4375 4473/4473/4473 4376/4376/4376
f 4376/4376/4376 4473/4473/4473 4474/4474/4474
f 4376/4376/4376 4474/4474/4474 4377/4377/4377
f 4377/4377/4377 4474/4474/4474 4475/4475/4475
f 4377/4377/4377 4475/4475/4475 4378/4378/4378
f 4378/4378/4378 4475/4475/4475 4476/4476/4476
f 4378/4378/4378 4476/4476/4476 4379/4379/4379
f 4379/4379/4379 4476/4476/4476 4477/4477/4477
f 4379/4379/4379 4477/4477/4477 4380/4380/4380
f 4380/4380/4380 4477/4477/4477 4478/4478/4478
f 4380/4380/4380 4478/4478/4478 4381/4381/4381
f 4381/4381/4381 4478/4478/4478 4479/4479/4479
f 4381/4381/4381 4479/4479/4479 4382/4382/4382
f 4382/4382/4382 4479/4479/4479 4480/4480/4480
f 4382/4382/4382 4480/4480/4480 4383/4383/4383
f 4383/4383/4383 4480/4480/4480 4481/4481/4481
f 4383/4383/4383 4481/4481/4481 4384/4384/4384
f 4384/4384/4384 4481/4481/4481 4482/4482/4482
f 4384/4384/4384 4482/4482/4482 4385/4385/4385
f 4385/4385/4385 4482/4482/4482 4483/4483/4483
f 4385/4385/4385 4483/4483/4483 4386/4386/4386
f 4386/4386/4386 4483/4483/4483 4484/4484/4484
f 4386/4386/4386 4484/4484/4484 4387/4387/4387
f 4387/4387/4387 4484/4484/4484 4485/4485/4485
f 4387/4387/4387 4485/4485/4485 4388/4388/4388
f 4388/4388/4388 4485/4485/4485 4486/4486/4486
f 4388/4388/4388 4486/4486/4486 4389/4389/4389
f 4389/4389/4389 4486/4486/4486 4487/4487/4487
f 4389/4389/4389 4487/4487/4487 4390/4390/4390
f 4390/4390/4390 4487/4487/4487 4488/4488/4488
f 4390/4390/4390 4488/4488/4488 4391/4391/4391
f 4391/4391/4391 4488/4488/4488 4489/4489/4489
f 4391/4391/4391 4489/4489/4489 4392/4392/4392
f 4392/4392/4392 4489/4489/4489 4490/4490/4490
f 4392/4392/4392 4490/4490/4490 4393/4393/4393
f 4393/4393/4393 4490/4490/4490 4491/4491/4491
f 4393/4393/4393 4491/4491/4491 4394/4394/4394
f 4394/4394/4394 4491/4491/4491 4492/4492/4492
f 4394/4394/4394 4492/4492/4492 4395/4395/4395
f 4395/4395/4395 4492/4492/4492 4493/4493/4493
f 4395/4395/4395 4493/4493/4493 4396/4396/4396
f 4396/4396/4396 4493/4493/4493 4494/4494/4494
f 4396/4396/4396 4494/4494/4494 4397/4397/4397
f 4397/4397/4397 4494/4494/4494 4495/4495/4495
f 4397/4397/4397 4495/4495/4495 4398/4398/4398
f 4398/4398/4398 4495/4495/4495 4496/4496/4496
f 4398/4398/4398 4496/4496/4496 4399/4399/4399
f 4399/4399/4399 4496/4496/4496 4497/4497/4497
f 4399/4399/4399 4497/4497/4497 4400/4400/4400
f 4400/4400/4400 4497/4497/4497 4498/4498/4498
f 4400/4400/4400 4498/4498/4498 4401/4401/4401
f 4401/4401/4401 4498/4498/4498 4499/4499/4499
f 4401/4401/4401 4499/4499/4499 4402/4402/4402
f 4402/4402/4402 4499/4499/4499 4500/4500/4500
f 4402/4402/4402 4500/4500/4500 4403/4403/4403
f 4403/4403/4403 4500/4500/4500 4501/4501/4501
f 4403/4403/4403 4501/4501/4501 4404/4404/4404
f 4404/4404/4404 4501/4501/4501 4502/4502/4502
f 4404/4404/4404 4502/4502/4502 4405/4405/4405
f 4405/4405/4405 4502/4502/4502 4503/4503/4503
f 4405/4405/4405 4503/4503/4503 4406/4406/4406
f 4406/4406/4406 4503/4503/4503 4504/4504/4504
f 4406/4406/4406 4504/4504/4504 4407/4407/4407
f 4407/4407/4407 4504/4504/4504 4505/4505/4505
f 4407/4407/4407 4505/4505/4505 4408/4408/4408
f 4408/4408/4408 4505/4505/4505 4506/4506/4506
f 4408/4408/4408 4506/4506/4506 4409/4409/4409
f 4409/4409/4409 4506/4506/4506 4507/4507/4507
f 4409/4409/4409 4507/4507/4507 4410/4410/4410
f 4410/4410/4410 4507/4507/4507 4508/4508/4508
f 4410/4410/4410 4508/4508/4508 4411/4411/4411
f 4411/4411/4411 4508/4508/4508 4509/4509/4509
f 4411/4411/4411 4509/4509/4509 4412/4412/4412
f 4412/4412/4412 4509/4509/4509 4510/4510/4510
f 4412/4412/4412 4510/4510/4510 4413/4413/4413
f 4413/4413/4413 4510/4510/4510 4511/4511/4511
f 4413/4413/4413 4511/4511/4511 4414/4414/4414
f 4414/4414/4414 4511/4511/4511 4512/4512/4512
f 4414/4414/4414 4512/4512/4512 4415/4415/4415
f 4415/4415/4415 4512/4512/4512 4513/4513/4513
f 4415/4415/4415 4513/4513/4513 4416/4416/4416
f 4416/4416/4416 4513/4513/4513 4514/4514/4514
f 4416/4416/4416 4514/4514/4514 4417/4417/4417
f 4417/4417/4417 4514/4514/4514 4515/4515/4515
f 4417/4417/4417 4515/4515/4515 4418/4418/4418
f 4418/4418/4418 4515/4515/4515 4516/4516/4516
f 4418/4418/4418 4516/4516/4516 4419/4419/4419
f 4419/4419/4419 4516/4516/4516 4517/4517/4517
f 4419/4419/4419 4517/4517/4517 4420/4420/4420
f 4420/4420/4420 4517/4517/4517 4518/4518/4518
f 4420/4420/4420 4518/4518/4518 4421/4421/4421
f 4421/4421/4421 4518/4518/4518 4519/4519/4519
f 4421/4421/4421 4519/4519/4519 4422/4422/4422
f 4422/4422/4422 4519/4519/4519 4520/4520/4520
f 4422/4422/4422 4520/4520/4520 4423/4423/4423
f 4423/4423/4423 4520/4520/4520 4521/4521/4521
f 4423/4423/4423 4521/4521/4521 4424/4424/4424
f 4424/4424/4424 4521/4521/4521 4522/4522/4522
f 4424/4424/4424 4522/4522/4522 4425/4425/4425
f 4425/4425/4425 4522/4522/4522 4523/4523/4523
f 4425/4425/4425 4523/4523/4523 4426/4426/4426
f 4426/4426/4426 4523/4523/4523 4524/4524/4524
f 4426/4426/4426 4524/4524/4524 4427/4427/4427
f 4427/4427/4427 4524/4524/4524 4525/4525/4525
f 4427/4427/4427 4525/4525/4525 4428/4428/4428
f 4428/4428/4428 4525/4525/4525 4526/4526/4526
f 4428/4428/4428 4526/4526/4526 4429/4429/4429
f 4429/4429/4429 4526/4526/4526 4527/4527/4527
f 4429/4429/4429 4527/4527/4527 4430/4430/4430
f 4430/4430/4430 4527/4527/4527 4528/4528/4528
f 4430/4430/4430 4528/4528/4528 4431/4431/4431
f 4431/4431/4431 4528/4528/4528 4529/4529/4529
f 4431/4431/4431 4529/4529/4529 4432/4432/4432
f 4432/4432/4432 4529/4529/4529 4530/4530/4530
f 4432/4432/4432 4530/4530/4530 4433/4433/4433
f 4433/4433/4433 4530/4530/4530 4531/4531/4531
f 4433/4433/4433 4531/4531/4531 4434/4434/4434
f 4434/4434/4434 4531/4531/4531 4532/4532/4532
f 4434/4434/4434 4532/4532/4532 4435/4435/4435
f 4435/4435/4435 4532/4532/4532 4533/4533/4533
f 4435/4435/4435 4533/4533/4533 4436/4436/4436
f 4436/4436/4436 4533/4533/4533 4534/4534/4534
f 4436/4436/4436 4534/4534/4534 4437/4437/4437
f 4437/4437/4437 4534/4534/4534 4535/4535/4535
f 4437/4437/4437 4535/4535/4535 4438/4438/4438
f 4438/4438/4438 4535/4535/4535 4536/4536/4536
f 4438/4438/4438 4536/4536/4536 4439/4439/4439
f 4439/4439/4439 4536/4536/4536 4537/4537/4537
f 4439/4439/4439 4537/4537/4537 4440/4440/4440
f 4440/4440/4440 4537/4537/4537 4538/4538/4538
f 4440/4440/4440 4538/4538/4538 4441/4441/4441
f 4441/4441/4441 4538/4538/4538 4539/4539/4539
f 4441/4441/4441 4539/4539/4539 4442/4442/4442
f 4442/4442/4442 4539/4539/4539 4540/4540/4540
f 4442/4442/4442 4540/4540/4540 4443/4443/4443
f 4443/4443/4443 4540/4540/4540 4541/4541/4541
f 4443/4443/4443 4541/4541/4541 4444/4444/4444
f 4444/4444/4444 4541/4541/4541 4542/4542/4542
f 4444/4444/4444 4542/4542/4542 4445/4445/4445
f 4445/4445/4445 4542/4542/4542 4543/4543/4543
f 4445/4445/4445 4543/4543/4543 4446/4446/4446
f 4446/4446/4446 4543/4543/4543 4544/4544/4544
f 4446/4446/4446 4544/4544/4544 4447/4447/4447
f 4447/4447/4447 4544/4544/4544 4545/4545/4545
f 4447/4447/4447 4545/4545/4545 4448/4448/4448
f 4448/4448/4448 4545/4545/4545 4546/4546/4546
f 4448/4448/4448 4546/4546/4546 4449/4449/4449
f 4449/4449/4449 4546/4546/4546 4547/4547/4547
f 4449/4449/4449 4547/4547/4547 4450/4450/4450
f 4450/4450/4450 4547/4547/4547 4548/4548/4548
f 4450/4450/4450 4548/4548/4548 4451/4451/4451
f 4451/4451/4451 4548/4548/4548 4549/4549/4549
f 4451/4451/4451 4549/4549/4549 4452/4452/4452
f 4452/4452/4452 4549/4549/4549 4550/4550/4550
f 4452/4452/4452 4550/4550/4550 4453/4453/4453
f 4453/4453/4453 4550/4550/4550 4551/4551/4551
f 4453/4453/4453 4551/4551/4551 4454/4454/4454
f 4454/4454/4454 4551/4551/4551 4552/4552/4552
f 4454/4454/4454 4552/4552/4552 4455/4455/4455
f 4455/4455/4455 4552/4552/4552 4553/4553/4553
f 4455/4455/4455 4553/4553/4553 4456/4456/4456
f 4456/4456/4456 4553/4553/4553 4554/4554/4554
f 4456/4456/4456 4554/4554/4554 4457/4457/4457
f 4457/4457/4457 4554/4554/4554 4555/4555/4555
f 4457/4457/4457 4555/4555/4555 4458/4458/4458
f 4458/4458/4458 4555/4555/4555 4556/4556/4556
f 4458/4458/4458 4556/4556/4556 4459/4459/4459
f 4459/4459/4459 4556/4556/4556 4557/4557/4557
f 4459/4459/4459 4557/4557/4557 4460/4460/4460
f 4460/4460/4460 4557/4557/4557 4558/4558/4558
f 4460/4460/4460 4558/4558/4558 4461/4461/4461
f 4462/4462/4462 4559/4559/4559 4560/4560/4560
f 4462/4462/4462 4560/4560/4560 4463/4463/4463
f 4463/4463/4463 4560/4560/4560 4561/4561/4561
f 4463/4463/4463 4561/4561/4561 4464/4464/4464
f 4464/4464/4464 4561/4561/4561 4562/4562/4562
f 4464/4464/4464 4562/4562/4562 4465/4465/4465
f 4465/4465/4465 4562/4562/4562 4563/4563/4563
f 4465/4465/4465 4563/4563/4563 4466/4466/4466
f 4466/4466/4466 4563/4563/4563 4564/4564/4564
f 4466/4466/4466 4564/4564/4564 4467/4467/4467
f 4467/4467/4467 4564/4564/4564 4565/4565/4565
f 4467/4467/4467 4565/4565/4565 4468/4468/4468
f 4468/4468/4468 4565/4565/4565 4566/4566/4566
f 4468/4468/4468 4566/4566/4566 4469/4469/4469
f 4469/4469/4469 4566/4566/4566 4567/4567/4567
f 4469/4469/4469 4567/4567/4567 4470/4470/4470
f 4470/4470/4470 4567/4567/4567 4568/4568/4568
f 4470/4470/4470 4568/4568/4568 4471/4471/4471
f 4471/4471/4471 4568/4568/4568 4569/4569/4569
f 4471/4471/4471 4569/4569/4569 4472/4472/4472
f 4472/4472/4472 4569/4569/4569 4570/4570/4570
f 4472/4472/4472 4570/4570/4570 4473/4473/4473
f 4473/4473/4473 4570/4570/4570 4571/4571/4571
f 4473/4473/4473 4571/4571/4571 4474/4474/4474
f 4474/4474/4474 4571/4571/4571 4572/4572/4572
f 4474/4474/4474 4572/4572/4572 4475/4475/4475
f 4475/4475/4475 4572/4572/4572 4573/4573/4573
f 4475/4475/4475 4573/4573/4573 4476/4476/4476
f 4476/4476/4476 4573/4573/4573 4574/4574/4574
f 4476/4476/4476 4574/4574/4574 4477/4477/4477
f 4477/4477/4477 4574/4574/4574 4575/4575/4575
f 4477/4477/4477 4575/4575/4575 4478/4478/4478
f 4478/4478/4478 4575/4575/4575 4576/4576/4576
f 4478/4478/4478 4576/4576/4576 4479/4479/4479
f 4479/4479/4479 4576/4576/4576 4577/4577/4577
f 4479/4479/4479 4577/4577/4577 4480/4480/4480
f 4480/4480/4480 4577/4577/4577 4578/4578/4578
f 4480/4480/4480 4578/4578/4578 4481/4481/4481
f 4481/4481/4481 4578/4578/4578 4579/4579/4579
f 4481/4481/4481 4579/4579/4579 4482/4482/4482
f 4482/4482/4482 4579/4579/4579 4580/4580/4580
f 4482/4482/4482 4580/4580/4580 4483/4483/4483
f 4483/4483/4483 4580/4580/4580 4581/4581/4581
f 4483/4483/4483 4581/4581/4581 4484/4484/4484
f 4484/4484/4484 4581/4581/4581 4582/4582/4582
f 4484/4484/4484 4582/4582/4582 4485/4485/4485
f 4485/4485/4485 4582/4582/4582 4583/4583/4583
f 4485/4485/4485 4583/4583/4583 4486/4486/4486
f 4486/4486/4486 4583/4583/4583 4584/4584/4584
f 4486/4486/4486 4584/4584/4584 4487/4487/4487
f 4487/4487/4487 4584/4584/4584 4585/4585/4585
f 4487/4487/4487 4585/4585/4585 4488/4488/4488
f 4488/4488/4488 4585/4585/4585 4586/4586/4586
f 4488/4488/4488 4586/4586/4586 4489/4489/4489
f 4489/4489/4489 4586/4586/4586 4587/4587/4587
f 4489/4489/4489 4587/4587/4587 4490/4490/4490
f 4490/4490/4490 4587/4587/4587 4588/4588/4588
f 4490/4490/4490 4588/4588/4588 4491/4491/4491
f 4491/4491/4491 4588/4588/4588 4589/4589/4589
f 4491/4491/4491 4589/4589/4589 4492/4492/4492
f 4492/4492/4492 4589/4589/4589 4590/4590/4590
f 4492/4492/4492 4590/4590/4590 4493/4493/4493
f 4493/4493/4493 4590/4590/4590 4591/4591/4591
f 4493/4493/4493 4591/4591/4591 4494/4494/4494
f 4494/4494/4494 4591/4591/4591 4592/4592/4592
f 4494/4494/4494 4592/4592/4592 4495/4495/4495
f 4495/4495/4495 4592/4592/4592 4593/4593/4593
f 4495/4495/4495 4593/4593/4593 4496/4496/4496
f 4496/4496/4496 4593/4593/4593 4594/4594/4594
f 4496/4496/4496 4594/4594/4594 4497/4497/4497
f 4497/4497/4497 4594/4594/4594 4595/4595/4595
f 4497/4497/4497 4595/4595/4595 4498/4498/4498
f 4498/4498/4498 4595/4595/4595 4596/4596/4596
f 4498/4498/4498 4596/4596/4596 4499/4499/4499
f 4499/4499/4499 4596/4596/4596 4597/4597/4597
f 4499/4499/4499 4597/4597/4597 4500/4500/4500
f 4500/4500/4500 4597/4597/4597 4598/4598/4598
f 4500/4500/4500 4598/4598/4598 4501/4501/4501
f 4501/4501/4501 4598/4598/4598 4599/4599/4599
f 4501/4501/4501 4599/4599/4599 4502/4502/4502
f 4502/4502/4502 4599/4599/4599 4600/4600/4600
f 4502/4502/4502 4600/4600/4600 4503/4503/4503
f 4503/4503/4503 4600/4600/4600 4601/4601/4601
f 4503/4503/4503 4601/4601/4601 4504/4504/4504
f 4504/4504/4504 4601/4601/4601 4602/4602/4602
f 4504/4504/4504 4602/4602/4602 4505/4505/4505
f 4505/4505/4505 4602/4602/4602 4603/4603/4603
f 4505/4505/4505 4603/4603/4603 4506/4506/4506
f 4506/4506/4506 4603/4603/4603 4604/4604/4604
f 4506/4506/4506 4604/4604/4604 4507/4507/4507
f 4507/4507/4507 4604/4604/4604 4605/4605/4605
f 4507/4507/4507 4605/4605/4605 4508/4508/4508
f 4508/4508/4508 4605/4605/4605 4606/4606/4606
f 4508/4508/4508 4606/4606/4606 4509/4509/4509
f 4509/4509/4509 4606/4606/4606 4607/4607/4607
f 4509/4509/4509 4607/4607/4607 4510/4510/4510
f 4510/4510/4510 4607/4607/4607 4608/4608/4608
f 4510/4510/4510 4608/4608/4608 4511/4511/4511
f 4511/4511/4511 4608/4608/4608 4609/4609/4609
f 4511/4511/4511 4609/4609/4609 4512/4512/4512
f 4512/4512/4512 4609/4609/4609 4610/4610/4610
f 4512/4512/4512 4610/4610/4610 4513/4513/4513
f 4513/4513/4513 4610/4610/4610 4611/4611/4611
f 4513/4513/4513 4611/4611/4611 4514/4514/4514
f 4514/4514/4514 4611/4611/4611 4612/4612/4612
f 4514/4514/4514 4612/4612/4612 4515/4515/4515
f 4515/4515/4515 4612/4612/4612 4613/4613/4613
f 4515/4515/4515 4613/4613/4613 4516/4516/4516
f 4516/4516/4516 4613/4613/4613 4614/4614/4614
f 4516/4516/4516 4614/4614/4614 4517/4517/4517
f 4517/4517/4517 4614/4614/4614 4615/4615/4615
f 4517/4517/4517 4615/4615/4615 4518/4518/4518
f 4518/4518/4518 4615/4615/4615 4616/4616/4616
f 4518/4518/4518 4616/4616/4616 4519/4519/4519
f 4519/4519/4519 4616/4616/4616 4617/4617/4617
f 4519/4519/4519 4617/4617/4617 4520/4520/4520
f 4520/4520/4520 4617/4617/4617 4618/4618/4618
f 4520/4520/4520 4618/4618/4618 4521/4521/4521
f 4521/4521/4521 4618/4618/4618 4619/4619/4619
f 4521/4521/4521 4619/4619/4619 4522/4522/4522
f 4522/4522/4522 4619/4619/4619 4620/4620/4620
f 4522/4522/4522 4620/4620/4620 4523/4523/4523
f 4523/4523/4523 4620/4620/4620 4621/4621/4621
f 4523/4523/4523 4621/4621/4621 4524/4524/4524
f 4524/4524/4524 4621/4621/4621 4622/4622/4622
f 4524/4524/4524 4622/4622/4622 4525/4525/4525
f 4525/4525/4525 4622/4622/4622 4623/4623/4623
f 4525/4525/4525 4623/4623/4623 4526/4526/4526
f 4526/4526/4526 4623/4623/4623 4624/4624/4624
f 4526/4526/4526 4624/4624/4624 4527/4527/4527
f 4527/4527/4527 4624/4624/4624 4625/4625/4625
f 4527/4527/4527 4625/4625/4625 4528/4528/4528
f 4528/4528/4528 4625/4625/4625 4626/4626/4626
f 4528/4528/4528 4626/4626/4626 4529/4529/4529
f 4529/4529/4529 4626/4626/4626 4627/4627/4627
f 4529/4529/4529 4627/4627/4627 4530/4530/4530
f 4530/4530/4530 4627/4627/4627 4628/4628/4628
f 4530/4530/4530 4628/4628/4628 4531/4531/4531
f 4531/4531/4531 4628/4628/4628 4629/4629/4629
f 4531/4531/4531 4629/4629/4629 4532/4532/4532
f 4532/4532/4532 4629/4629/4629 4630/4630/4630
f 4532/4532/4532 4630/4630/4630 4533/4533/4533
f 4533/4533/4533 4630/4630/4630 4631/4631/4631
f 4533/4533/4533 4631/4631/4631 4534/4534/4534
f 4534/4534/4534 4631/4631/4631 4632/4632/4632
f 4534/4534/4534 4632/4632/4632 4535/4535/4535
f 4535/4535/4535 4632/4632/4632 4633/4633/4633
f 4535/4535/4535 4633/4633/4633 4536/4536/4536
f 4536/4536/4536 4633/4633/4633 4634/4634/4634
f 4536/4536/4536 4634/4634/4634 4537/4537/4537
f 4537/4537/4537 4634/4634/4634 4635/4635/4635
f 4537/4537/4537 4635/4635/4635 4538/4538/4538
f 4538/4538/4538 4635/4635/4635 4636/4636/4636
f 4538/4538/4538 4636/4636/4636 4539/4539/4539
f 4539/4539/4539 4636/4636/4636 4637/4637/4637
f 4539/4539/4539 4637/4637/4637 4540/4540/4540
f 4540/4540/4540 4637/4637/4637 4638/4638/4638
f 4540/4540/4540 4638/4638/4638 4541/4541/4541
f 4541/4541/4541 4638/4638/4638 4639/4639/4639
f 4541/4541/4541 4639/4639/4639 4542/4542/4542
f 4542/4542/4542 4639/4639/4639 4640/4640/4640
f 4542/4542/4542 4640/4640/4640 4543/4543/4543
f 4543/4543/4543 4640/4640/4640 4641/4641/4641
f 4543/4543/4543 4641/4641/4641 4544/4544/4544
f 4544/4544/4544 4641/4641/4641 4642/4642/4642
f 4544/4544/4544 4642/4642/4642 4545/4545/4545
f 4545/4545/4545 4642/4642/4642 4643/4643/4643
f 4545/4545/4545 4643/4643/4643 4546/4546/4546
f 4546/4546/4546 4643/4643/4643 4644/4644/4644
f 4546/4546/4546 4644/4644/4644 4547/4547/4547
f 4547/4547/4547 4644/4644/4644 4645/4645/4645
f 4547/4547/4547 4645/4645/4645 4548/4548/4548
f 4548/4548/4548 4645/4645/4645 4646/4646/4646
f 4548/4548/4548 4646/4646/4646 4549/4549/4549
f 4549/4549/4549 4646/4646/4646 4647/4647/4647
f 4549/4549/4549 4647/4647/4647 4550/4550/4550
f 4550/4550/4550 4647/4647/4647 4648/4648/4648
f 4550/4550/4550 4648/4648/4648 4551/4551/4551
f 4551/4551/4551 4648/4648/4648 4649/4649/4649
f 4551/4551/4551 4649/4649/4649 4552/4552/4552
f 4552/4552/4552 4649/4649/4649 4650/4650/4650
f 4552/4552/4552 4650/4650/4650 4553/4553/4553
f 4553/4553/4553 4650/4650/4650 4651/4651/4651
f 4553/4553/4553 4651/4651/4651 4554/4554/4554
f 4554/4554/4554 4651/4651/4651 4652/4652/4652
f 4554/4554/4554 4652/4652/4652 4555/4555/4555
f 4555/4555/4555 4652/4652/4652 4653/4653/4653
f 4555/4555/4555 4653/4653/4653 4556/4556/4556
f 4556/4556/4556 4653/4653/4653 4654/4654/4654
f 4556/4556/4556 4654/4654/4654 4557/4557/4557
f 4557/4557/4557 4654/4654/4654 4655/4655/4655
f 4557/4557/4557 4655/4655/4655 4558/4558/4558
f 4559/4559/4559 4656/4656/4656 4560/4560/4560
f 4560/4560/4560 4657/4657/4657 4561/4561/4561
f 4561/4561/4561 4658/4658/4658 4562/4562/4562
f 4562/4562/4562 4659/4659/4659 4563/4563/4563
f 4563/4563/4563 4660/4660/4660 4564/4564/4564
f 4564/4564/4564 4661/4661/4661 4565/4565/4565
f 4565/4565/4565 4662/4662/4662 4566/4566/4566
f 4566/4566/4566 4663/4663/4663 4567/4567/4567
f 4567/4567/4567 4664/4664/4664 4568/4568/4568
f 4568/4568/4568 4665/4665/4665 4569/4569/4569
f 4569/4569/4569 4666/4666/4666 4570/4570/4570
f 4570/4570/4570 4667/4667/4667 4571/4571/4571
f 4571/4571/4571 4668/4668/4668 4572/4572/4572
f 4572/4572/4572 4669/4669/4669 4573/4573/4573
f 4573/4573/4573 4670/4670/4670 4574/4574/4574
f 4574/4574/4574 4671/4671/4671 4575/4575/4575
f 4575/4575/4575 4672/4672/4672 4576/4576/4576
f 4576/4576/4576 4673/4673/4673 4577/4577/4577
f 4577/4577/4577 4674/4674/4674 4578/4578/4578
f 4578/4578/4578 4675/4675/4675 4579/4579/4579
f 4579/4579/4579 4676/4676/4676 4580/4580/4580
f 4580/4580/4580 4677/4677/4677 4581/4581/4581
f 4581/4581/4581 4678/4678/4678 4582/4582/4582
f 4582/4582/4582 4679/4679/4679 4583/4583/4583
f 4583/4583/4583 4680/4680/4680 4584/4584/4584
f 4584/4584/4584 4681/4681/4681 4585/4585/4585
f 4585/4585/4585 4682/4682/4682 4586/4586/4586
f 4586/4586/4586 4683/4683/4683 4587/4587/4587
f 4587/4587/4587 4684/4684/4684 4588/4588/4588
f 4588/4588/4588 4685/4685/4685 4589/4589/4589
f 4589/4589/4589 4686/4686/4686 4590/4590/4590
f 4590/4590/4590 4687/4687/4687 4591/4591/4591
f 4591/4591/4591 4688/4688/4688 4592/4592/4592
f 4592/4592/4592 4689/4689/4689 4593/4593/4593
f 4593/4593/4593 4690/4690/4690 4594/4594/4594
f 4594/4594/4594 4691/4691/4691 4595/4595/4595
f 4595/4595/4595 4692/4692/4692 4596/4596/4596
f 4596/4596/4596 4693/4693/4693 4597/4597/4597
f 4597/4597/4597 4694/4694/4694 4598/4598/4598
f 4598/4598/4598 4695/4695/4695 4599/4599/4599
f 4599/4599/4599 4696/4696/4696 4600/4600/4600
f 4600/4600/4600 4697/4697/4697 4601/4601/4601
f 4601/4601/4601 4698/4698/4698 4602/4602/4602
f 4602/4602/4602 4699/4699/4699 4603/4603/4603
f 4603/4603/4603 4700/4700/4700 4604/4604/4604
f 4604/4604/4604 4701/4701/4701 4605/4605/4605
f 4605/4605/4605 4702/4702/4702 4606/4606/4606
f 4606/4606/4606 4703/4703/4703 4607/4607/4607
f 4607/4607/4607 4704/4704/4704 4608/4608/4608
f 4608/4608/4608 4705/4705/4705 4609/4609/4609
f 4609/4609/4609 4706/4706/4706 4610/4610/4610
f 4610/4610/4610 4707/4707/4707 4611/4611/4611
f 4611/4611/4611 4708/4708/4708 4612/4612/4612
f 4612/4612/4612 4709/4709/4709 4613/4613/4613
f 4613/4613/4613 4710/4710/4710 4614/4614/4614
f 4614/4614/4614 4711/4711/4711 4615/4615/4615
f 4615/4615/4615 4712/4712/4712 4616/4616/4616
f 4616/4616/4616 4713/4713/4713 4617/4617/4617
f 4617/4617/4617 4714/4714/4714 4618/4618/4618
f 4618/4618/4618 4715/4715/4715 4619/4619/4619
f 4619/4619/4619 4716/4716/4716 4620/4620/4620
f 4620/4620/4620 4717/4717/4717 4621/4621/4621
f 4621/4621/4621 4718/4718/4718 4622/4622/4622
f 4622/4622/4622 4719/4719/4719 4623/4623/4623
f 4623/4623/4623 4720/4720/4720 4624/4624/4624
f 4624/4624/4624 4721/4721/4721 4625/4625/4625
f 4625/4625/4625 4722/4722/4722 4626/4626/4626
f 4626/4626/4626 4723/4723/4723 4627/4627/4627
f 4627/4627/4627 4724/4724/4724 4628/4628/4628
f 4628/4628/4628 4725/4725/4725 4629/4629/4629
f 4629/4629/4629 4726/4726/4726 4630/4630/4630
f 4630/4630/4630 4727/4727/4727 4631/4631/4631
f 4631/4631/4631 4728/4728/4728 4632/4632/4632
f 4632/4632/4632 4729/4729/4729 4633/4633/4633
f 4633/4633/4633 4730/4730/4730 4634/4634/4634
f 4634/4634/4634 4731/4731/4731 4635/4635/4635
f 4635/4635/4635 4732/4732/4732 4636/4636/4636
f 4636/4636/4636 4733/4733/4733 4637/4637/4637
f 4637/4637/4637 4734/4734/4734 4638/4638/4638
f 4638/4638/4638 4735/4735/4735 4639/4639/4639
f 4639/4639/4639 4736/4736/4736 4640/4640/4640
f 4640/4640/4640 4737/4737/4737 4641/4641/4641
f 4641/4641/4641 4738/4738/4738 4642/4642/4642
f 4642/4642/4642 4739/4739/4739 4643/4643/4643
f 4643/4643/4643 4740/4740/4740 4644/4644/4644
f 4644/4644/4644 4741/4741/4741 4645/4645/4645
f 4645/4645/4645 4742/4742/4742 4646/4646/4646
f 4646/4646/4646 4743/4743/4743 4647/4647/4647
f 4647/4647/4647 4744/4744/4744 4648/4648/4648
f 4648/4648/4648 4745/4745/4745 4649/4649/4649
f 4649/4649/4649 4746/4746/4746 4650/4650/4650
f 4650/4650/4650 4747/4747/4747 4651/4651/4651
f 4651/4651/4651 4748/4748/4748 4652/4652/4652
f 4652/4652/4652 4749/4749/4749 4653/4653/4653
f 4653/4653/4653 4750/4750/4750 4654/4654/4654
f 4654/4654/4654 4751/4751/4751 4655/4655/4655
